n_points,duration,cadence_med,flux_mean,flux_std,flux_amp,flux_skew,flux_kurt,amp_norm,std_norm,flux_asym,rise_fall_ratio,fwhm_time,abbe_value,smoothness,outlier_frac,ls_top1,ls_top2,ls_top3,event
4569,3178.6241599996574,0.048045000061392784,1.07798314282406,0.0855065409815475,1.0694316965425068,0.8116600607845486,6.200264470468561,0.9920671707538746,0.07932085094051856,0.018457228551229887,15.843277004280255,2356.395680000074,0.850413367849926,0.06342575998346765,0.004377325454147516,0.013094918502906198,0.008417806592087889,0.007952129091214559,blg-0491
2466,3174.6680899998173,0.06022999994456768,1.170224977802636,0.18704644678271828,1.8318613908134598,1.0023848505157211,4.750533002487284,1.565392475726567,0.15983802151921284,-0.1661923234928453,20.614886552825354,3122.736290000379,0.7847354495305473,0.13707611914478743,0.00932684509326845,0.166154018125998,0.1093789202125309,0.07969023978223715,blg-0801
4315,3177.664439999964,0.04815000016242266,1.275116936597917,0.3112812191035686,2.5512029291882348,1.63957621242653,5.564362025711059,2.0007599585237936,0.24411974127869937,-0.28564997470197273,15.931351888708683,2710.694990000222,0.4911432475995083,0.22141729857760714,0.019466975666280417,2.8849652991426313,1.8921649725306648,0.6044762005806144,blg-0490
2387,3174.6680899998173,0.06182500021532178,1.1179949389666783,0.3362941238233025,4.98428691307205,10.040831650432409,115.71907080359763,4.458237416616992,0.3008011119675691,-0.597205048778316,27.336957180980452,18.997260000091046,0.06611683937285638,0.10066640163517798,0.011730205278592375,0.5416303553572832,0.4942908196552995,0.4890793368752279,blg-0800
318,3160.663040000014,1.956379999872297,1.1331605043353261,0.5367282172274261,8.452285513948837,12.119374328190787,168.12655145803575,7.459036391597764,0.4736559476238483,-0.09658963113464947,12.75747901585481,0.0,0.40339703981040065,0.11987920966711342,0.009433962264150943,6.259907264165996,6.180807383031455,5.829716308519833,blg-0239
217,979.6301299999468,2.77970499987714,1.0510183149885646,0.06498752598993686,0.4415454798475943,2.6249518029843477,9.720489216761603,0.42011206593605155,0.061832914274490836,0.0,0.0,31.965119999833405,0.10324969281728237,0.04138880519106459,0.03225806451612903,0.7850347816085589,0.21945169374731885,0.16597575486871058,blg-1297
370,3166.6146499998868,1.096940000075847,1.02903846408779,0.06494762398938793,0.5110824087640166,4.408338286118397,21.77829963536965,0.4966601557022199,0.06311486462832397,-0.06485447287096835,11.58399067503937,25.938130000140518,0.08911726987158052,0.02604752534637184,0.02972972972972973,0.31739400766678605,0.2745449240510571,0.1846844969226955,blg-0238
589,3164.671480000019,1.9802799997851253,1.1288403225990031,0.44822158069928164,7.3864814196210755,11.783263027901738,153.9545377476798,6.543424438613648,0.3970637545057517,-0.8233032000917115,48.39292647181057,5.080229999963194,0.19914916421865972,0.11326157853560093,0.008488964346349746,5.014846405514526,4.906951444675513,4.824894508901369,blg-1296
767,3176.6112999999896,1.0824049999937415,1.035863887495583,0.09585989578992914,0.7117691141777309,4.752092291057903,23.643538599101884,0.6871260943629576,0.09254101433758859,-0.4451809140456362,59.131557889391736,68.85499999998137,0.012244131871220388,0.03267066238502593,0.03129074315514994,0.9962327527604814,0.8909035544673235,0.7636957992135718,blg-0909
77,2925.969810000155,2.8331100000068545,1.8302689755058357,1.4589097285787638,6.216162649644256,2.3738407513653823,4.774557298372324,3.3963109788074575,0.7971012677000379,-0.465541003452159,33.056597034104776,10.89943000022322,0.050431825368368516,0.7831516221251508,0.06493506493506493,189.39573338305422,121.21010028988673,58.613543363574216,blg-0599
579,3172.641769999638,1.9930599997751415,1.050478951624833,0.059278042268240835,0.37945510941120575,1.8212238198214032,4.071159733190016,0.36122104608766453,0.056429537795361716,-0.07535079380872034,20.79123854697295,2299.830830000341,0.2926364004624434,0.03844764285853423,0.03626943005181347,0.9008463472749295,0.4839545126050069,0.47524927812669543,blg-0908
342,3105.62731000036,1.96961999963969,1.210353517071844,1.0116230779420874,16.630592636071494,13.112342113008935,195.82576084961184,13.740276922483275,0.8358079315796794,-0.21609951021495144,17.40380245801562,0.0,0.36748962056329093,0.18535990514521217,0.011695906432748537,26.654421957611554,24.366868271611732,19.7061198435524,blg-0598
417,3150.6881900001317,1.9907150000799447,1.6408792031914075,1.4007431276029623,14.157893995805988,6.013698667001115,44.36549813285613,8.628236546594902,0.8536540144710618,-0.8111917686666121,15.51556576988352,7.9617999996989965,0.12471436638545733,0.5642247987243709,0.019184652278177457,148.42044327579745,137.99730526303267,117.56361115679304,blg-0157
827,3168.6348600001074,1.0644300000276417,1.141887085441122,0.20332731630407389,1.7874395961417788,3.4932567021319088,17.671705189920274,1.5653382924441175,0.1780625397343041,-0.21989607932994248,14.477408316590157,68.94387000007555,0.3203180687407757,0.11450441805391759,0.022974607013301087,2.831208016585416,2.5520630742189607,1.799661613939578,blg-0331
829,3166.6487000002526,1.0720899999141693,1.0313392658696519,0.03115410822141634,0.23517329885349658,0.8297245705407,2.2319697235680156,0.2280270948230808,0.030207429262447506,-0.014826678467624976,13.816793673166238,3151.626540000085,0.658380136636219,0.023031445020262265,0.013268998793727383,0.08413928346059092,0.02456142673880232,0.01855139545200395,blg-0330
798,3173.637629999779,1.08202000008896,1.0707650119755092,0.528140259476375,10.259123991677326,13.514196034626252,217.16624123639292,9.581116100290373,0.4932363764572567,-0.3326296912803972,16.765356822071137,1.8259600000455976,0.16473319559315727,0.06947442604137852,0.011278195488721804,7.25630341050969,7.121852486276608,7.112506069279408,blg-0156
1412,3176.6294700000435,0.8176000001840293,1.0336849394694203,0.052181764632817026,0.9579483877419462,7.981460464162535,105.479831045805,0.9267314845143593,0.05048130444348772,-0.032870857685220356,18.174439969938597,6.922719999682158,0.3701243835669223,0.0272210433948116,0.0056657223796034,0.07399301899087313,0.06253081604378392,0.05266922180301093,blg-0665
219,972.681559999939,2.1410749999340624,1.1983558914796117,0.25774958578373686,1.4527187092816478,2.000293267984313,4.420223219248541,1.2122598198815344,0.2150860069746334,-0.17019251767652954,6.002464695006565,48.75053000031039,0.2238775910418826,0.16344433492044974,0.045662100456621,7.4270658394350555,6.32260029128667,3.975648269025534,blg-0893
225,979.6451000003144,2.093455000082031,1.0840185767572348,0.3221040806704917,3.9936308695385434,9.729478344113446,103.09688699332919,3.6840981495393073,0.2971388909797602,-0.04815969820421295,3.762499039680165,1.9907399998046458,0.3272793600587336,0.07406314723420586,0.008888888888888889,2.076520418525494,2.0613698961878058,1.8888085268042014,blg-0403
2789,3177.6644200002775,0.05579000012949109,1.0994953720817453,0.13178624929805213,2.414771262325524,5.4105836198691515,64.84962893394989,2.1962541195520826,0.11986066648914229,-0.1486125178159765,22.900532145891518,16.684210000094026,0.511269196300777,0.07903653182294974,0.008246683399067766,0.04106794387500367,0.035395923459184,0.03370236392585709,blg-0892
225,974.6557599999942,2.081304999999702,1.094095963691676,0.1335580844101602,0.7358731166314832,1.9943000826604567,4.106644006418295,0.6725855266138265,0.12207163504999592,-0.12257158458396633,3.7851126212479786,45.93959000008181,0.20726679344774962,0.08402468899867825,0.044444444444444446,2.09760929762861,1.4119896418724347,1.0107419739352927,blg-0402
873,3176.6294700000435,0.8814250000286847,1.0071085877137065,0.019808876302443285,0.20916657607526734,7.128691044303005,54.808223510623755,0.20769019006501194,0.019669056889607062,-0.028635537260738086,19.41634844083926,28.005009999964386,0.05449693096456415,0.005993261032899379,0.018327605956471937,0.018882451544339224,0.01749177645872006,0.0153857715635765,blg-0664
3777,3176.669329999946,0.05091499979607761,1.4069954970948144,1.2198783503080888,35.49726148666763,16.29248740915572,339.1600218908571,25.229122131287337,0.8670094141429862,-0.8076325952561143,31.14958846557761,0.1494599999859929,0.11192176333783813,0.3334654374323896,0.007413290971670638,5.753340214327519,5.50058377710711,4.811104681325036,blg-1063
836,3171.6341200000606,1.046149999834597,1.030872652867349,0.034377451164541904,0.3418326748191902,1.5003420543440058,7.414537096507759,0.3315954405739991,0.03334791231045142,-0.025898910657429886,31.700562734037625,2998.8658900000155,0.6126665461452283,0.023951444392416078,0.01555023923444976,0.044881539187009635,0.023776283486431134,0.022712698835631633,blg-1205
584,3172.641769999638,1.9862799998372793,1.040853486844612,0.05023173600206459,0.40521254705603227,1.8602590805739523,7.274427196474553,0.38930795571562177,0.04826014050425354,-0.0357786168345644,35.965768252954675,2524.0828299997374,0.5100676360917614,0.033948767782476484,0.02054794520547945,0.2078387527737449,0.20662892582623937,0.17300857346943968,blg-1204
4565,3177.664439999964,0.04783499985933304,1.1104319814702914,0.26164718578933455,4.399306858039149,9.2861450096236,108.19697026498534,3.9617976533746586,0.23562648392621952,-0.21641244738190601,36.06187104805257,4.255550000350922,0.10234112853194785,0.09338932084077925,0.011391018619934282,0.5165846760257012,0.502723919999936,0.4907165726402149,blg-1062
4574,3177.664439999964,0.047810000367462635,1.0079909175342383,0.009621316938749574,0.15965313945859116,3.5799941255265635,35.02752139753922,0.1583874766106645,0.009545043190304676,-0.05961307097375235,87.27858415723837,6.030689999926835,0.4558683079769247,0.006203010853502868,0.00940096195889812,0.0017335881302101477,0.0006144398565066658,0.0005706076077459099,blg-1344
209,979.630029999651,2.858290000120178,1.0338338946220902,0.04265730920818198,0.23404882909691005,1.387775090954321,1.9405057590152097,0.22638919854583872,0.04126127902893166,0.0,0.0,82.01454999996349,0.025237769757810623,0.031744408739828305,0.028708133971291867,0.6175372036572849,0.09142456405956224,0.06021610426833044,blg-1122
212,979.630029999651,2.748420000076294,1.328373859870536,0.3619027059899609,1.3391303368638257,0.6852155939565098,-1.0092794885612701,1.008097469573335,0.2724403981427549,-0.5352305725764441,5.81215671196384,195.65418000007048,0.0582898866973485,0.2950759351701098,0.0,59.027196955884556,11.671179718373178,0.46714138175416525,blg-1123
4582,3177.664439999964,0.047799999825656414,1.0078821469738029,0.008466687017316813,0.20019500320495087,3.144823507704893,46.05886450891148,0.19862937528931213,0.008400473169143406,0.0,0.0,26.9861099999398,0.6517151609256981,0.005968278353917773,0.005456132693147098,0.0017065887673458561,0.00041044278938684605,0.00025108894009208085,blg-1345
158,980.6770699997433,2.9948300002142787,1.1137112644040854,0.39705122301253765,3.2155006254846077,5.474979517497884,31.320731156992927,2.887194104419145,0.35651181068000615,-0.11738671667665979,3.179461635801426,21.947459999937564,0.15972280490619345,0.10616809370778965,0.03164556962025317,7.224516470455881,6.257696554699098,6.014852785245727,blg-0542
3285,3177.664439999964,0.05440000002272427,1.3442409513948443,0.496037662319546,6.36292459013886,5.195518482645608,44.04449302350803,4.733470242966265,0.3690094830950808,-0.49719977619370015,19.539842775401045,2.9830800001509488,0.2872499457315341,0.2756884390623475,0.014003044140030441,3.188902668555089,2.835384318135844,2.452439628287374,blg-0724
925,3176.622359999921,1.0224349999334663,1.0481708007960029,0.11006531876270595,2.4905993904822967,13.186528252363708,241.23353889690935,2.376138855260512,0.10500704429950691,-0.0822914809257953,20.496096101999722,1.0812999997287989,0.40731979353848174,0.03865712749040179,0.0075675675675675675,0.3565523253502348,0.3028515753194688,0.27486082721126015,blg-0725
563,3167.652809999883,1.9911100000608712,1.1136200063131285,0.18344732510192566,2.0837066201172854,5.123906316963721,37.3541475556595,1.8711109620818698,0.16473062841422906,0.02088972773259634,17.429956394115674,16.086730000097305,0.308321504885432,0.09288767106469291,0.017761989342806393,1.7986468541556035,1.7168998426621724,1.6700912481400432,blg-0543
298,3055.9166000001132,2.08254999993369,1.0210649178962576,0.03031935036151156,0.1829303155039741,1.888030891648871,4.510485361141921,0.17915639887942583,0.029693851520274792,-0.016308875375151466,14.536557662998609,72.95791999995708,0.1849068302641262,0.018566566037886992,0.040268456375838924,0.13991341085578984,0.08388827334395532,0.06680799340705629,blg-0270
4036,3177.664439999964,0.04949000012129545,1.044359724576993,0.07108652979133964,0.3505320032176986,1.8039918476673742,1.8426413611206556,0.33564297014924455,0.06806709167136982,-0.17919328859077255,17.8386262726282,166.8290800000541,0.041448524064729944,0.04043049336892921,0.035926660059464814,0.34245123090452934,0.27465728615729906,0.19287882300937362,blg-0016
4585,3177.664439999964,0.04780499986372888,1.0880230929981616,0.295417200504306,2.5274302298338442,6.1139187401693915,39.11750953903251,2.3229563994268556,0.2715173967264601,-0.21507215740291175,15.241917680205912,19.126470000017434,0.008902211105612786,0.0814156282173305,0.02202835332606325,1.6277067176147424,1.4088244114130999,1.374136090515084,blg-0017
353,3106.6193299996667,1.9571249999571592,1.106527440037443,0.0928822950304792,0.3497134616962979,0.10232444175146742,-1.0908016747809035,0.3160458980791342,0.08394034420685743,-0.15011448238206992,19.471038726519293,906.8230800000019,0.07116916500553164,0.07836740980095605,0.0,3.5803736957177006,0.935133215013166,0.2245812429567277,blg-0271
294,2307.984490000177,2.0109000001102686,1.069460480592295,0.18162261508960884,2.0271367694285205,7.422816654587086,62.2788015669441,1.8954760715899284,0.16982639067762245,0.0,0.0,9.995369999669492,0.14878597706366103,0.06023589983202201,0.017006802721088437,0.8071212703302106,0.8008693357960619,0.7988224505454549,blg-1476
4559,3177.664439999964,0.04783499985933304,1.1112885082697692,0.17033216374688878,1.3748616620359426,3.3321534304935243,14.322801061616044,1.2371779600283697,0.15327447458207252,-0.22169849594088853,25.76706730035404,37.88213000027463,0.20798028796456025,0.09326330171045046,0.029831103312129854,0.6896729446276632,0.6571383179730617,0.6198437486413778,blg-0848
217,979.6352300001308,2.183380000060424,1.0232315673292312,0.05418225136691513,0.40557211058125475,4.859970388560762,24.288885752523164,0.3963639508075496,0.052952090775323736,0.0,0.0,31.01342000020668,0.0894726007021423,0.01987096063176273,0.03225806451612903,0.1109220306318871,0.10944862546500837,0.10367169005862792,blg-1477
3679,3177.664439999964,0.052334999898448586,1.1354246627352615,0.4330386612159864,10.364566049435158,16.615741504225817,323.4053261594861,9.128360778409636,0.381389159152925,-0.19283167821490954,22.574720836853686,1.3001300003379583,0.08007364521631882,0.11486716677468384,0.005979885838543082,0.9120406800672409,0.7416429387197468,0.6545089008671422,blg-0849
223,973.6272800001316,2.1074449999723583,1.2367590768670098,0.3602742749450074,1.53595331401897,1.906193193299882,2.776269273595088,1.2419179534066629,0.29130513676488407,-0.45128944945982763,3.1493582204733594,71.87523999996483,0.029005026532548092,0.22182995525632584,0.04932735426008968,32.51599353805205,10.99079177471826,5.3089249471023505,blg-0084
222,978.634329999797,2.7787500000558794,1.0677579279434164,0.1713857057384341,1.581461514371381,6.29915728287616,45.54878913641952,1.4811049004396981,0.16050988679001169,-0.10953486606716578,3.0003468397781807,13.98429000005126,0.21650119464751244,0.06008701809453597,0.018018018018018018,2.3475842271128275,1.3455997715407177,1.3018325051841497,blg-0085
226,975.684299999848,2.1655000001192093,1.0828362184863312,0.08209013835781458,0.41263286614233796,0.6017804310386373,-0.20993164706553635,0.38106673501231747,0.07581029909995371,-0.03449931635344905,5.067622020747316,881.7547200000845,0.3083798659963678,0.06445563832487175,0.0,1.5016579837358046,0.47382492664562864,0.27066287988428006,blg-0378
4517,3178.6243300000206,0.04805500013753772,1.0629084681534575,0.06749630165956153,0.7384244317228175,0.33314517695525275,2.3057094416021267,0.6947206150859279,0.06350151781348078,-0.07196521749995699,11.683364732474477,2180.9548999997787,0.576957880262083,0.05106550075699259,0.005756032765109586,0.15190597673975095,0.049027274383457255,0.0230411095838652,blg-0379
2757,3178.625650000293,0.055545000126585364,1.1509191026582146,0.17055212608902845,2.1198834868387215,1.9363889468791948,13.80165680877219,1.8419048424198494,0.14818776073247544,-0.23816547999339632,24.874440943704847,32.930739999748766,0.630948574649518,0.12046259437549417,0.008342401160681901,0.16987315214348148,0.11386486475327977,0.10448426148825318,blg-0940
2799,3178.625650000293,0.055629999842494726,1.0926447613095718,0.3139676926933654,15.774543791941321,43.09727826381665,2100.258884438864,14.437028580693244,0.28734653836037166,-0.07670393043950252,22.742361157240413,0.0,0.7475332413073352,0.07418167586376077,0.0014290818149339049,0.07218315045185206,0.06937513155856993,0.05316985685833387,blg-0941
2803,3178.625650000293,0.055610000155866146,1.0129702810027488,0.018481720024226104,0.4691673646467469,10.67760466869966,215.6072682680993,0.4631600440940018,0.018245076078125526,-0.01611383096607555,35.61273378940115,6.254029999952763,0.27022552542014505,0.0105264349609468,0.0028540849090260435,0.010054980812107837,0.0028690543253954734,0.0005532101989135958,blg-1155
301,3057.896209999919,2.0879949999507517,1.0199993494263768,0.02293876171964133,0.09986980592318173,1.0336958741106235,-0.05780017946157345,0.09791163592430698,0.022488996201469717,0.0,0.0,220.6772799999453,0.05489905322599161,0.016553925743537357,0.009966777408637873,0.1640574692212188,0.0873814038195865,0.01690317830021908,blg-1333
295,3057.8938299999572,2.0748650000896305,1.1195284286379652,0.22813354370086655,1.7709667211115558,3.873927616310294,18.299214334508914,1.5818863192668335,0.2037764614344386,-0.5575053965839367,52.7045638778276,23.068820000160486,0.1129484533984441,0.11148644293252388,0.030508474576271188,4.1872544474151665,4.1524063497907395,3.9491806522247828,blg-1332
2791,3178.625650000293,0.05563999991863966,1.1260310018889061,0.3058484747458863,2.533298708028353,5.7635174385324035,35.19381722827899,2.2497592706427945,0.2716163866862143,-2.047538673947879,69.85200372295503,45.95130000030622,0.06046041130548617,0.11216099843816997,0.019706198495163023,1.0147941575023172,0.8225485682917865,0.759685736232537,blg-1154
216,979.630029999651,2.768869999796152,1.1032047122271782,0.20911830388119404,0.8988304374256303,2.492174628199951,5.161756225702259,0.814744914806971,0.18955530162980141,-0.22272550647386402,7.594452115439323,36.163689999841154,0.009856293426313625,0.0992091779340786,0.06944444444444445,9.603822291757462,6.900294831591511,4.1727208549425745,blg-0753
221,972.6472099996172,2.078840000089258,1.0676395884581953,0.12303285735284915,1.1760046841746532,5.609232708514576,38.49529087714755,1.101499687603336,0.11523819229871574,0.016256033002703063,4.210734738791367,4.036540000233799,0.3010225998915862,0.05586191190072048,0.01809954751131222,0.48436901722101233,0.39506297422659964,0.38548795333228264,blg-0535
775,3167.6716799996793,1.092915000161156,1.1424053514770585,0.2820964039640072,2.7176377431083734,4.897545595894324,28.562830576309437,2.3788734145948323,0.24693196782556612,-0.29477064642920237,18.825679167590383,34.87172000017017,0.09883421053609105,0.12022868173605987,0.02967741935483871,5.592734997858575,5.459652837607726,5.2934772013930775,blg-0534
209,3154.6539199999534,2.8950600000098348,1.1396236033796232,0.416216214224245,2.8878243330562183,4.90853513855256,25.022655488690216,2.534015879586945,0.3652225255230808,-0.18254507345447246,21.25591137260254,5.0648500001989305,0.05353570170578014,0.1306761543402435,0.028708133971291867,15.504396947709576,13.165874690757915,11.268194161856648,blg-0752
1497,3176.6691200002097,0.7908449999522418,1.0389583617084244,0.14383767339185868,4.825053533297112,25.928031346844527,792.8555644210437,4.644125948340908,0.13844411605764087,-0.026361582314455845,13.07825435157963,0.0,0.3781699789920001,0.03246197525435773,0.004008016032064128,0.18150838749704307,0.17808592329169246,0.17398022162756038,blg-0061
1373,3173.65755000012,0.8240900000091642,1.0420279380127873,0.11051620858097252,3.701626259820295,24.481403935124256,752.047428111852,3.5523291547789375,0.1060587758627145,-0.00458631449420599,12.186653242614243,0.0,0.5315699231596046,0.03422832414937353,0.003641660597232338,0.10165833024647601,0.10052317307272096,0.09930755998960132,blg-0207
374,3142.7048499998637,1.0338800000026822,1.414223098009143,2.498501527409928,36.37888673420719,11.145962008380778,137.53003107023792,25.7235838731409,1.7666954480238737,-1.6759170332924622,15.225575001534008,2.9024200001731515,0.19585366016433448,0.390535495375854,0.0106951871657754,73.1586765096537,71.04258233240999,70.33060387965958,blg-0206
1532,3176.6691200002097,0.7904199999757111,1.05525875146835,0.5195004181491674,16.455869829980575,22.670191885030142,658.509466297028,15.59415607891556,0.4922967115916702,-0.22714884014947168,13.86356738843871,0.0,0.4105959050927171,0.053878877550608106,0.009138381201044387,6.099381107685872,6.050789459824939,6.050064685711534,blg-0060
796,3170.6686399998143,1.060130000114441,1.0253236682139655,0.033123239359519906,0.290849146123474,2.549207929804995,12.129054826081173,0.28366568753206867,0.03230515403410758,-0.12924042547737424,84.69928271464198,92.8190699997358,0.47037856349349894,0.021342335625429237,0.020100502512562814,0.04423568448324978,0.03891867833097225,0.03206907704606532,blg-1401
1498,3174.6495300000533,0.7789300000295043,1.013877233211907,0.018683128950146944,0.15710625638839115,2.827202890007919,12.168902286384464,0.15495589573614182,0.018427407336769713,-0.08296266406980202,87.14847032687047,2738.78703999985,0.3634047063183443,0.011489455046167005,0.025367156208277702,0.01797590921719927,0.017350317732860415,0.01678979828921758,blg-1400
4510,3178.6243300000206,0.0481599997729063,1.0549408772599214,0.07975335679237704,2.5419941132943236,11.980273306061434,310.4706715232481,2.4096081060018815,0.07559983479219061,-0.05203788169332668,13.469714821271939,6.019179999828339,0.4271107898952728,0.043986583217033075,0.004656319290465632,0.11849462681594242,0.02256069830775332,0.008517930895403045,blg-0295
1488,3177.6105399997905,0.7971600000746548,1.0721498191128223,0.26437994962256767,4.217076510428296,10.444363016617006,124.15482628477429,3.9332902882779206,0.24658862263806508,-0.30562970779524634,15.073915382802953,14.965379999950528,0.047279225065258,0.06311443049297881,0.013440860215053764,3.3665837695435603,3.2855077457819766,3.0584162576721887,blg-0294
221,982.61791000003,2.1217600000090897,1.0145983414059103,0.01857988999756109,0.13981585886611492,2.6479076657506067,10.34503301401975,0.13780414552455625,0.018312556857415823,0.0,0.0,55.8357099997811,0.21505191145007624,0.01120952403602709,0.027149321266968326,0.02368286497622261,0.014589079888269211,0.012373092114797713,blg-1493
579,3168.617989999708,1.9893950000405312,1.0133979237528543,0.03011650697865671,0.5177183529635379,10.604671135137938,141.45562048911495,0.5108737009619738,0.029718342593346426,0.0,0.0,14.964309999719262,0.2345882844724908,0.011135233469693383,0.0069084628670120895,0.02126392560035557,0.02090075213445693,0.01939658054611571,blg-1492
234,986.6664700000547,2.0464099999517202,1.0619410124037654,0.08496072668478245,0.7480618765193526,2.9114792589757323,14.468547519240374,0.7044288343114112,0.08000512730214424,-0.0041155810712811824,3.470064275450064,13.078160000033677,0.45023737047805606,0.05160089335087146,0.021367521367521368,0.20023256129382722,0.18600809480183633,0.17934462056131717,blg-0169
311,3160.6823799996637,1.946619999827817,1.0771932804236621,0.10375821093025099,0.36980196470833304,0.9471825334827613,-0.8156848000854353,0.34330140003275483,0.09632274156613313,-0.18777202831447082,27.20759178830345,195.82196999993175,0.007958255982179785,0.07396944357385074,0.003215434083601286,4.468679282561847,1.4820573939836248,0.20058061792393458,blg-0168
4391,3178.6271700002253,0.048334999941289425,1.6288818090422592,2.0822279399203576,19.50550698177866,6.4232221497154915,44.15926946671368,11.974783408932268,1.2783173804129353,-3.802580831402451,31.787997480649654,9.087640000041574,0.013487503288724832,0.5765218304709372,0.02072420860851742,76.60776034313233,74.61358652791517,66.94133395078013,blg-0937
1511,3147.6247700001113,0.06255999999120831,1.0433287690339033,0.08098477072425712,0.6224650674889699,4.388246731473919,21.438163335115217,0.5966144900798742,0.07762152482676365,-0.1269685684684596,28.1727147151831,9.004199999850243,0.06408595672051441,0.03583039812539414,0.026472534745201854,0.06398397583069484,0.06182418687531251,0.05823902492769814,blg-0936
596,3170.6682200003415,1.9536899998784065,1.3023968087689604,1.2665732137737362,26.3145263701996,16.610753938109504,308.780523825041,20.204691835067887,0.9724940935980748,0.0,0.0,4.002379999961704,0.3629548037680513,0.2559654356361372,0.0050335570469798654,35.128729001456605,30.518065196282908,28.041595407765755,blg-1448
4291,3178.6243300000206,0.04843500000424683,1.0126855285179663,0.025670896265631155,0.13586404647268613,2.7027292715334443,6.599791874325147,0.13416212763492102,0.025349326409064468,-0.06257963405364797,28.24035839283823,79.92226999998093,0.018212959970234636,0.012192769862092175,0.055231880680494054,0.039812955643214167,0.02917502401855452,0.023483069109812724,blg-0876
189,3158.698330000043,4.001859999727458,1.0840798624827175,0.1458975078368184,1.3318260374511743,4.963257461091993,31.280580978664382,1.2285312837707043,0.13458188048698813,-0.09795235319139439,19.542105386520543,4.060469999909401,0.25331535409124606,0.0695234607822867,0.021164021164021163,1.7605994198875115,1.3206926713374607,1.0997161144431673,blg-0680
225,973.6959699997678,2.0944600000511855,1.3655666991692217,3.1350558602066694,42.90246498384232,12.005868170851066,152.41238095671417,31.417333694333514,2.2957910727876216,0.0,0.0,0.0,0.506996240041747,0.36158940551276714,0.008888888888888889,109.22037680432045,108.07174377184596,105.85303605689273,blg-1449
306,3057.885030000005,2.0523899998515844,1.088563114426394,0.20577871072036835,1.0927968154914642,3.0780543547892685,9.043625989280546,1.003889247182887,0.18903700309414864,-0.4823014637904386,40.89831192767661,50.77699000015855,0.00914354898245953,0.0854263710476639,0.05555555555555555,7.160615105930887,5.9407144748971,3.964268545153505,blg-0681
4525,3178.6243300000206,0.04805500013753772,1.0277509637597542,0.03462362757158289,0.21578310202661155,1.409460719367473,1.7904344704748292,0.20995660187722942,0.03368873244159676,-0.09159260048079232,47.30052662048393,3001.7034599999897,0.22858567768030694,0.023743343947845642,0.024530386740331492,0.07652172410257219,0.04186089247582822,0.0340300552123173,blg-0877
3261,3178.6243300000206,0.05482499999925494,1.3082742219269594,0.34749170951391894,4.449946635929053,1.9937812260885543,8.889315923874005,3.401386748537208,0.26561075731201844,-0.12549344024657527,82.90048287951431,2563.006730000023,0.5338739833458096,0.24105316625945894,0.022385771235817233,1.1549818750789735,0.9206227071778621,0.8182315652168383,blg-1086
798,3175.619570000097,1.0388700002804399,1.1163954690513103,0.30457371245696796,4.236095379578547,7.516601768972004,69.66773343363828,3.7944397474435254,0.27281883362317844,-0.47509279375746827,12.648608559975756,17.949030000250787,0.11978144639075915,0.10075206006922406,0.021303258145363407,6.060139346720271,4.72172016529334,4.4198334145011255,blg-0028
4415,3178.6243300000206,0.0484099998138845,1.087009961051883,0.11773207357529397,0.9311391662285824,2.2756140714658732,6.655292020468718,0.8566059107328456,0.10830818181121783,-0.2632701012429526,32.52672276084856,2889.945540000219,0.382905368586079,0.0736309308634249,0.031257078142695356,0.27242660961770737,0.26962939603950664,0.21653973560970505,blg-1087
887,3176.622359999921,1.0204150001518428,1.014855255817623,0.05722864741879233,1.0715445756651307,12.105412527648166,176.3347065149567,1.05585950209544,0.056390944941972394,-0.05885111423737355,11.675001187588599,8.950389999896288,0.1971989616536785,0.012819425803172042,0.011273957158962795,0.15008929177952962,0.1384225283856387,0.11849673198092935,blg-0029
221,977.6997699998319,2.089045000029728,1.204002573175037,0.43500948690179436,2.2137003827716484,2.796767096054236,7.172559468803561,1.8386176356316193,0.3613027853766266,-0.5012834077309973,8.402686165605608,27.871979999821633,0.012505261846464426,0.19529869935250674,0.058823529411764705,27.67822991434047,20.885697252390987,14.152329297784238,blg-0788
2794,3177.6644200002775,0.05579999973997474,1.0075399347564533,0.028006254466224425,0.45168628892709917,11.103952573426835,136.83728499370042,0.44830608580613907,0.027796669116671315,-0.044012643957476616,22.900532145891518,29.97295999992639,0.01759197575958642,0.0067167952200715975,0.010379384395132427,0.0034724120311189644,0.0030110445980102885,0.0029533040784521796,blg-0789
4498,3178.627350000199,0.04798999987542629,1.098155708867245,0.10925776809459938,2.2117753443930788,1.836124557103789,21.948711042058488,2.0140817066222088,0.09949205401151989,-0.043313021678210495,14.452558801118462,2.962830000091344,0.7112404811489097,0.07933214001866629,0.008670520231213872,0.07301665130329713,0.049213464433467184,0.026866353231966317,blg-0346
304,3033.826479999814,2.0573200001381338,1.0877323412174147,0.13317547468596383,1.180547769650877,3.4391390829686865,17.644643310867014,1.0853292800656167,0.1224340478031299,-0.13324579825852312,11.875078579528628,18.991970000322908,0.20150510951976705,0.07338986092405551,0.02631578947368421,3.0288279463673216,1.139534861730317,0.649230920339219,blg-0120
288,3057.8875899999402,2.046370000112802,1.085423940158532,0.13960059625740567,1.1213723058692349,3.3231072206355754,14.785565912638514,1.0331191841726475,0.12861388974972984,-0.1361332675531879,11.976931827706359,28.009850000031292,0.18100595172231684,0.07576667386326179,0.034722222222222224,2.9681306669367338,1.5674539916105508,0.8175301231060871,blg-0121
4547,3178.627350000199,0.047980000032112,1.0972717605009332,0.2008866268143522,2.6975528019360553,6.662180217517186,55.97381809101958,2.4584181188809335,0.18307827852223177,-0.15908228021227022,14.304389142462618,21.941660000011325,0.10826771344464532,0.08177533038326101,0.01913349461183198,0.5053945396068813,0.48101151228181716,0.4675086538010417,blg-0347
217,972.6472099996172,2.072610000381246,1.2839004279786626,0.3875612179542661,3.069900531999888,3.509123350938756,17.071562705513973,2.3910736698813304,0.301862361356019,-0.05883901918294421,3.970548959192658,12.971150000113994,0.25853222993684705,0.21875809239756613,0.02304147465437788,7.323289669897146,5.170410864462305,4.708952282038891,blg-0474
153,966.6433999999426,2.953080000123009,1.0727792830939027,0.07836059799735284,0.3753904803036028,0.4969463056006035,-0.5636500012066978,0.34992330922139087,0.07304447289559472,-0.032413876006007314,7.074962291211808,899.7348500001244,0.14861361097703132,0.06304985759922879,0.0,1.7929646965045778,0.49964435021873094,0.032381385657068114,blg-0612
175,3001.0134700001217,2.8786250001285225,1.1274670827238735,0.1809771999319303,1.1435062592100187,2.215929753138296,6.2863913912866956,1.0142258400175528,0.16051661383278454,-0.1740580536325742,20.76392498612752,52.806330000050366,0.13075609687809592,0.11050867357913849,0.022857142857142857,5.771847200672969,4.13168676672754,1.5952319577135294,blg-0613
225,980.6770699997433,2.1078000001143664,1.152781899009179,0.21404869309848423,1.6000940327937356,2.1327078728042017,5.997928350803084,1.3880284035416754,0.18568012858777427,-0.0958613308940579,4.167317457016393,82.82751999981701,0.20440691062977026,0.13031060957849505,0.035555555555555556,5.6679792195919125,3.5734754037284238,2.8626485523897833,blg-0475
4535,3178.6243300000206,0.04804000002332032,1.0390507919912966,0.05692799058815365,1.2758598042473905,8.719139033520433,140.19763825525814,1.227908974038863,0.0547884573873131,-0.0660321348759596,47.16718533756151,2.0733099998906255,0.3964587569060558,0.030448083193573807,0.005071664829106946,0.0096912991574624,0.006870369957346725,0.006281563352085831,blg-1272
234,2774.687170000281,2.1089099999517202,1.109563901209966,0.19480562455083247,1.0408267054710225,2.7340650487132576,7.594045937629476,0.9380502510540503,0.1755695391520073,-0.7399299052734658,83.23847029877874,72.86956000002101,0.024098813742083603,0.10230091190098342,0.04700854700854701,6.312502191362992,2.997330578139374,1.9013146956417835,blg-1014
1396,3176.6294700000435,0.8272600001655519,1.078036701140616,0.09536877497864454,1.2288844871086737,2.8300042371670973,21.462319446677803,1.13992823658895,0.08846523870021057,-0.08906650213052969,26.40889444052901,15.665190000087023,0.6180595499141717,0.06403807965267592,0.009312320916905445,0.344460417564741,0.20048742700439082,0.15278391426547783,blg-1015
4498,3178.6243300000206,0.04804000025615096,1.0225391471454037,0.03271868151574752,0.5099057011663387,2.957800356142355,19.243779309632927,0.4986661856449873,0.03199748516925985,-0.07913661938802652,51.08618143024669,2959.8856800002977,0.36181126627205784,0.019216043566723035,0.019786571809693197,0.012426958462940327,0.012128909273404312,0.00985078913655762,blg-1273
4519,3178.6271700002253,0.048214999958872795,1.02952688611957,0.030791752675612436,0.272235552646518,0.3870396344728246,0.9625171907124974,0.26442781987786007,0.02990864327262438,-0.025299727818547613,12.09988529715413,3143.7195099997334,0.6117785318837059,0.023485341731362894,0.008851515822084531,0.02926504705504994,0.027573352805030506,0.013415588098411698,blg-0372
226,971.6584399999119,2.0642400002107024,1.2975348120875867,0.7589643069579483,4.486150324566665,3.667256744623096,13.858283698273961,3.4574411786104955,0.5849278909808837,-0.4027814576473405,4.22862752132174,18.92934999987483,0.014375522996807376,0.29072670778085546,0.035398230088495575,67.15733034816522,52.24353763513297,38.37914498107814,blg-0114
298,3056.9455300001428,2.067810000386089,1.2109097593002902,0.283606777374667,1.240664617457671,1.279277226147227,0.39950773179514876,1.0245723082856737,0.23420966992325598,-0.527883362782331,12.309342985132185,153.70120000001043,0.05650041171297585,0.1937991158002681,0.026845637583892617,25.564881082731667,12.444051512750594,1.9327759483820883,blg-0115
2743,3178.6271700002253,0.052294999826699495,1.0117602741557763,0.01907234944492949,0.29189136818016337,6.20438115901309,57.20386199020358,0.28849854333205094,0.018850660323006915,-0.004612769024480379,15.077232216027452,4.128000000026077,0.2583718784017492,0.00955576041401881,0.014582573824279986,0.0022762228059127567,0.0015740804068221344,0.0014319425439931414,blg-0373
539,3169.6153699997813,1.9949949998408556,1.0924039882620522,0.11299512380460734,0.8517732264357208,1.847402344292309,5.334412917391248,0.7797236441745361,0.10343712031846795,-0.3895971126324367,56.77114073268276,145.8713699998334,0.3385942643810561,0.07560078080930689,0.027829313543599257,2.6033368397369627,1.7290249521908578,1.0925381929547986,blg-1246
217,968.6541999997571,2.489765000063926,1.1314673076125876,0.1921482497804821,0.9393986159360841,1.9387023846345253,3.1462569000304574,0.8302481223392548,0.16982218292077378,-0.36140120036216183,12.874967267943777,90.03977000014856,0.08253485543039653,0.1171602841667376,0.04608294930875576,7.32658272060496,4.278097270551883,2.4568363687113313,blg-1020
120,951.6871500001289,2.9831699999049306,1.5640190816829778,1.0251009686135226,5.082380310671499,2.702214327427967,6.914649111770478,3.24956411190771,0.6554274011517679,-0.9130515516318305,9.343646396039453,23.093889999669045,0.05541480890740005,0.5169129954581054,0.05,116.85819031229795,81.38149606174125,53.60573347649692,blg-1021
217,980.6246200003661,2.431150000076741,1.0494845701870583,0.05562616289256473,0.3152886426727666,1.3364356350160023,2.2360915550836404,0.30042236791756394,0.053003316049341116,-0.10391953409411014,9.69382862825423,151.60496999975294,0.2866239918604132,0.03931990967398424,0.02304147465437788,0.5260639396564927,0.342810003630101,0.1171159912746549,blg-1247
217,978.6751799997874,2.0963100001681596,1.2023905395495558,0.27227942008156,1.8841190517939164,2.5083216989895756,8.350608635033966,1.566977595174673,0.2264484032942228,-0.07655159861712169,4.185182135576041,20.88477999996394,0.26108217621580315,0.16852766074509876,0.03686635944700461,6.231964930567862,4.035802982922587,3.259577337710028,blg-0440
211,980.6246200003661,2.431150000076741,1.352048299391081,0.6851935174721093,6.77286755052686,5.795973223986633,41.24332907028808,5.009338426359293,0.5067818307325856,-0.2959420061685336,4.456081096242369,4.143360000103712,0.34655318218188336,0.29912052761209573,0.018957345971563982,25.939681973683854,23.298843942904217,17.695827345686276,blg-0626
291,2307.984490000177,2.011225000023842,1.0827586629733488,0.10123881224738657,0.5063853789159541,1.4461214527873008,1.5252839914207081,0.467680741383836,0.09350080934413212,-0.12380629308114632,14.298658195603515,98.00543999997899,0.14366809699510452,0.06955772390602721,0.030927835051546393,2.6967867282571882,1.5093196522841883,0.5572571607263893,blg-0627
220,978.6819299999624,2.0917000002227724,1.252136577082492,1.1829717453870645,16.299656456692176,11.61727214495723,148.46408046493144,13.017474790566391,0.9447625423544382,-0.1852045256515602,3.923756484338478,0.0,0.5073388889351244,0.23477488818122857,0.00909090909090909,25.849658669646132,23.795227039801777,23.67291797975714,blg-0441
4547,3177.6644200002775,0.048019999638199806,1.2451964432711669,0.6704000364593468,19.44357097684671,20.691202477822365,521.4587696620151,15.614862157507671,0.5383889704296753,-0.11063887969771335,22.409980407176803,0.23937999969348311,0.1601383532742514,0.203871368119315,0.005058280184737189,1.3404548945484251,1.2125283591915368,1.0346343419804414,blg-0842
4571,3177.6644200002775,0.047934999922290444,1.0282547476094885,0.034350423797260984,0.5796530228351733,3.3662580898371752,29.95547386799675,0.5637251065900873,0.033406530378833045,-0.006555018649424538,22.60704764679334,6.270010000094771,0.5099166113787615,0.02258251741156731,0.00940713191861737,0.017444303057681555,0.007945733086951167,0.006521799811708174,blg-0843
216,973.6581300003454,2.1113499999046326,1.2821957501669243,0.6776326425969521,5.839560964863533,4.611672378364919,25.41826230420635,4.554344310188096,0.5284939036990215,-1.1988937379909426,9.066857789518835,14.713089999742806,0.15982244752568897,0.2519201769230712,0.037037037037037035,38.16508261379447,31.6228947186338,25.57313976577914,blg-1128
775,3172.6320099998266,1.0972300001885742,1.030100645364536,0.1852083432180873,3.3028326211448626,13.440691600481125,204.08550194191875,3.2063202794255514,0.17979635509749778,-0.10950166890748592,12.076008778306589,15.002090000081807,0.21310001081069616,0.02742475051760936,0.01032258064516129,0.7823017700731006,0.745497893251736,0.6854010064956866,blg-0186
572,3172.641769999638,1.9880699999630451,1.281540410689634,0.5572726084860296,6.862187036013487,6.65457366562926,56.90084222774296,5.354639561287303,0.43484590847797455,-0.5596696876843736,28.730387837655144,10.025400000158697,0.16288070619593498,0.23237005159400853,0.015734265734265736,22.471121244095926,21.233799975267754,18.251903632678253,blg-1129
216,978.6400200002827,2.8014299999922514,1.062242411317392,0.07891460754626284,0.2552998772475332,0.9781572835144533,-0.5718331274996018,0.24034050243532035,0.07429058185079167,-0.09052608368540094,4.57006872403432,142.79352000029758,0.01952901824718753,0.05902182705847357,0.0,2.6675723588808893,0.8034894579356943,0.11125830311446577,blg-0187
337,3033.95186999999,1.9941650000400841,1.0896108386074577,0.17956214507577908,0.9897584538043309,2.8400947468599025,8.063008823735268,0.9083595809175911,0.1647947478728417,-0.19018502792532588,21.357728968319815,32.18398999981582,0.010087793366083812,0.08438582371990902,0.050445103857566766,7.591814503301423,5.337645933352227,2.8214084102756614,blg-0548
558,3168.640930000227,1.9856799999251962,1.03357398938491,0.06892957020330863,0.45292081079537805,3.8650557874692186,15.292077707106724,0.4382084021704451,0.06669050328697247,-0.08028309482162155,18.480845372765984,46.72804000042379,0.048068101503171444,0.02911420885393219,0.043010752688172046,0.781412570822133,0.7030516485445908,0.6450636990345755,blg-0549
235,985.6758499997668,2.0505100002046674,1.0514528430970735,0.1281389022660931,1.3712769795559887,6.935020054534782,55.60240148419887,1.304173530479153,0.12186842414156529,-0.01590468329851591,4.008311653375613,3.9951300001703203,0.1746855487840686,0.04468661943105941,0.02127659574468085,0.4583188461533702,0.44844766247660917,0.43696201667382517,blg-0409
300,3057.8927500001155,2.0561699997633696,1.1453410038037186,0.3452002342852264,3.565569601314868,6.705608560864343,51.17994913586091,3.1131074137243053,0.3013951566606386,-0.1579763560898777,21.533695244297917,5.880299999844283,0.16444697369430092,0.125384824500884,0.016666666666666666,5.154218187974789,4.7072343160161365,3.603214051569591,blg-0899
563,3167.652809999883,1.9911100000608712,1.1354563766140984,0.5538036482070904,5.24029734048584,6.774660552813487,50.03115915434986,4.615146299112617,0.4877366094690071,-0.42717347388161975,17.99623865525814,14.94238999998197,0.023724959006252714,0.1292492867659059,0.023090586145648313,28.562281888686275,27.995416880966868,26.06507258768974,blg-0408
299,3057.8875899999402,2.055105000268668,1.3212023652566254,0.6948307599495369,4.188511265372852,3.6109978387159787,13.290654213482838,3.1702268659328525,0.5259078949313694,-0.9191274196504955,26.079452420094675,24.822540000081062,0.028924616645223892,0.29125688196066335,0.04013377926421405,63.148919658453565,58.047308503372015,45.21465268310374,blg-0898
922,3176.622359999921,1.023639999795705,1.0233538108058493,0.0613399153712901,0.6365702794589183,6.659279758896789,49.62565850462529,0.622043194168802,0.05994008535873489,-0.1438780502778556,37.3961200395387,34.83069000020623,0.05371950211122698,0.020581478593430656,0.019522776572668113,0.269634880623671,0.22170143679113288,0.2209712909217833,blg-1069
917,3176.622359999921,1.0226250002160668,1.0501264305507145,0.06415737124352801,0.5758241401612402,2.596329288961678,12.065065144015177,0.5483379123939233,0.0610949013052963,-0.10918391319916987,31.4956136414274,54.77620999980718,0.40008369105541386,0.04041884195090091,0.022900763358778626,0.35207852769161724,0.29153401943618173,0.19455960136881822,blg-1068
221,972.6794000002556,2.1078899998683482,1.4018315025903787,1.162062023735076,7.293850493556379,4.5796188810293526,20.67403273670153,5.203086410918538,0.8289598381104704,-0.6465537399967269,4.759458780314529,13.183470000047237,0.055637223104932985,0.37744871156452336,0.04072398190045249,77.54232638101489,69.11377407750197,63.60018047848872,blg-0593
782,3173.637629999779,1.0823900001123548,1.2009905683538233,0.38474053413092246,6.2951978566383,8.859784116122693,107.28837487728399,5.241671308751662,0.3203526664283075,-0.2156961407318978,22.197333462344726,4.920150000136346,0.25548959135231897,0.16657516671056802,0.010230179028132993,3.18658672560177,3.0724462931334764,2.8703816269129963,blg-0903
577,3166.7080299998634,1.9856200001668185,1.0488298613606513,0.054602948697583,0.5367132025934127,2.325952179876584,15.217299600368225,0.5117257023745257,0.052060825295475587,-0.012563643297783589,16.726303422356466,7.13548000017181,0.580951590670242,0.036918215114027944,0.010398613518197574,0.09876602286746812,0.08725920941129237,0.08238424962724292,blg-0592
2227,3174.6680899998173,0.0630449999589473,1.2885167682371113,0.36916420234588554,3.2350729871533503,2.706440848176054,12.527756554864526,2.5106952752135885,0.28650321717266175,-0.3991305312712068,29.820114228990303,2910.2316000000574,0.4591129840853606,0.23678379163183974,0.019757521329142345,0.7953037722673649,0.7926785634087622,0.7405045196325912,blg-0902
1133,3176.6294700000435,0.880254999967292,1.0580194545484676,0.10377772668975568,1.4505118544697262,6.319092138202721,60.23896118857435,1.3709689689771096,0.09808678400264124,0.0,0.0,26.969210000243038,0.14180371953065943,0.047555352317942695,0.02294792586054722,0.8558966843073923,0.7979060833274274,0.5460896522539089,blg-1395
599,3170.6682200003415,1.959824999794364,1.1802083072820122,0.5085238369734782,4.314497851902382,6.1806420310503345,39.77019997876034,3.6557087327079287,0.4308763372762826,-1.8004545217326333,80.23619581072656,9.909140000119805,0.0496507565138899,0.16071699927833985,0.021702838063439065,21.138772746401624,16.456930286984118,16.429995700896075,blg-1394
3866,3178.6241599996574,0.04937000013887882,1.336671497322989,0.3897765701488477,3.789165634394882,2.1432329840556115,9.722034840102232,2.8347769916810837,0.2916023630439093,-0.26960536828072046,20.833540199210876,399.22500000009313,0.3893874966905126,0.26982845440032527,0.015002586652871184,6.6404723425459,0.9755090301391838,0.8355081468453441,blg-0767
4558,3178.6271700002253,0.048020000103861094,1.1230568348577594,0.15264114390821457,1.3599163143009925,1.7822534102516212,5.600029057751904,1.2109060378624312,0.13591577719963704,-0.1365083894683028,30.808502659406553,3130.603529999964,0.41709517955023484,0.10261373062403908,0.023913997367266345,0.34081202811257466,0.33350585892698653,0.30853885523849617,blg-0991
582,3166.7080299998634,1.9865700001828372,1.06364823985492,0.2875756321888158,3.753541307045346,9.790551058275117,104.15092893429103,3.5289310235383953,0.2703672311105111,-0.09009341601954612,17.220893551854303,4.145580000244081,0.06888012072713669,0.05717267031743981,0.013745704467353952,3.5204870949129665,3.460799697856078,3.4239782530784013,blg-0501
4580,3178.6271700002253,0.047999999951571226,1.0598123347739712,0.08463608353805682,0.7757331479556295,2.3984874053477725,8.08383703102839,0.731953304545695,0.07985949961368621,-0.1450772275679777,30.57721788356845,2335.90214999998,0.27403611128391037,0.050948315272776754,0.036026200873362446,0.21683938246570028,0.16353083987867384,0.16277525701162468,blg-0990
1431,3174.6495300000533,0.7973600002005696,1.110084713551953,0.14225190368403404,2.153647099366969,4.62818729196228,50.1465367784749,1.9400745309564444,0.12814508718656062,-0.051699570565575614,16.084296172500267,15.115310000255704,0.5056791143715338,0.08775693898167101,0.007686932215234102,0.545122584219796,0.42457769597285183,0.3547131456498842,blg-0500
915,3176.622359999921,1.0223150001838803,1.0160578650271377,0.022947039894451304,0.1843545869940939,3.2483449390713344,13.383961403947776,0.18144102961572936,0.02258438269949772,-0.03202629997949891,25.33631534560321,52.5690200002864,0.17048851589697564,0.012824286667867012,0.030601092896174863,0.06209553291084058,0.049811153392574324,0.04229367189323429,blg-0766
4543,3178.627350000199,0.04803499975241721,1.0578534886003175,0.10767971918505617,1.0340172740733433,4.779350055306715,27.71435581718264,0.9774673671179303,0.10179076717856578,-0.5280774621000552,55.73164143110579,37.83253000024706,0.1115896240656427,0.048486596082306994,0.02993616552938587,0.26152923800825334,0.22520661019049149,0.179669332272401,blg-1161
4582,3177.664439999964,0.04779000021517277,1.0259294613465733,0.03307553748228439,0.3878497174401604,3.209681121031082,21.520869569716513,0.37804715457787974,0.032239582160430026,-0.12018440088819737,58.98200801637473,26.99237999971956,0.3590497613026533,0.020591565784008947,0.013531209079004802,0.013302099994078298,0.00782703235828993,0.007535367774193001,blg-1307
4546,3177.664439999964,0.047860000282526016,1.0831426439003549,0.10241918540638081,1.882062392785203,2.9347407027483907,27.235401158074595,1.737594199626401,0.09455742975089504,-0.3975578714468613,69.73819560934396,11.02098000003025,0.6084430812061804,0.06787884529325383,0.010558732952045754,0.04269232010328843,0.034639340100542745,0.03358059074433063,blg-1306
4498,3178.627350000199,0.04808000009506941,1.1798452834705866,0.2093574881940258,1.6762579013141488,1.7592768277523991,4.856453302338692,1.4207438132700725,0.17744486446878815,-0.3195063698856575,35.66086317139831,1155.8411400001496,0.2591917262753048,0.14795186800753915,0.019786571809693197,2.007897124196111,0.6158497644271098,0.579304117868654,blg-1160
324,3143.676969999913,1.9800100000575185,1.1450486461194256,0.1296698038004013,0.5606502618320606,0.052535558339010816,-0.989122531256565,0.48963007714633416,0.11324392470783974,-0.20591484080975708,43.980193511289535,3115.797830000054,0.10658564022897084,0.10840065675896156,0.0,6.319643698693585,1.2181730283162338,0.3850779867150307,blg-1435
1703,3175.6225900002755,0.15259999968111515,1.0167372724158052,0.044694201275487434,0.42465527866694963,6.781787055371827,48.13913090512449,0.4176647065188296,0.04395845617984261,-0.2255548160144749,89.85831511354374,17.9402499999851,0.04328473824430775,0.014425522548401728,0.017028772753963594,0.034706415712928776,0.024472121378682828,0.02132716224751874,blg-1434
4497,3178.627350000199,0.047950000036507845,1.269079474670084,0.3596105482279717,2.2594889752662457,1.9997015681117394,4.282153531158392,1.7804156497365753,0.2833632980218397,-0.6580214935825974,15.235953218847005,179.59299000026658,0.07987737162137862,0.23512763436365056,0.043806982432732934,12.099849824266935,4.325697964952034,2.951577666722051,blg-0055
306,3032.8675400000066,2.04333999985829,1.0464289970258145,0.059213605761610166,0.21600212130332497,1.043720817900255,-0.4630665268212937,0.20641832351078584,0.056586357377370965,-0.10727900824780612,93.82778419371199,241.64172999979928,0.07743609359675173,0.041875864865081824,0.0,1.3271621007578394,0.34129528048751007,0.07847774394230504,blg-0233
302,3032.8675400000066,2.046990000177175,1.0380632708202993,0.0796550068927858,0.7231563730898368,4.419701235338974,23.688822224423138,0.6966399702707754,0.07673424960166278,-0.07005153223380645,11.551091816330791,25.96370999980718,0.16968940125835108,0.03488673383135162,0.029801324503311258,0.7092211771087942,0.43777023146606053,0.39496858521784844,blg-0232
3646,3178.627350000199,0.049129999708384275,1.0101240982467756,0.019266909990821958,0.2308817362569734,4.228092840046927,25.09426470576871,0.22856769219943068,0.019073804727087067,-0.026022333108502105,12.546545253153305,56.85036000004038,0.0535290070259013,0.009186771371703817,0.0287986834887548,0.01035065590604469,0.0073989274213572985,0.006744214524658846,blg-0054
808,3171.6341200000606,1.0478599998168647,1.1659825364747314,0.2146725781971086,1.645363038791602,2.668223748398661,11.036742258904294,1.4111386519174278,0.184113028832341,-0.21778004992997824,18.613477892536764,59.052519999910146,0.3746029172169752,0.132330072627173,0.02599009900990099,2.9372552933389002,2.5737768704707835,2.144791377554712,blg-0618
1314,3173.65755000012,0.8249999997206032,1.1194291716950808,0.22305459177592374,2.668636039536583,6.118987842282125,48.98502150129705,2.383925739273329,0.19925743890128564,-0.2350484384678091,20.203088781545876,31.993979999795556,0.1735711989520535,0.09963889877777588,0.01750380517503805,2.6401148852396856,2.262236658691844,2.203711024496032,blg-0619
4495,3178.627350000199,0.04813999985344708,1.1421203092010042,0.17034237378031694,1.8780472734891358,1.924992225945958,11.696804949878306,1.6443515117592566,0.14914573439993062,-0.21039875920675533,48.0324458768895,1091.9846899998374,0.5625303021402303,0.11437497486478188,0.01268075639599555,0.18867445760213541,0.161604031584129,0.12553727157577513,blg-1278
1482,3176.6691200002097,0.7962200003676116,1.0622318704580016,0.13878391382068572,3.2985568811714194,14.630531037047762,275.63410235447486,3.105307741045377,0.13065312421318628,-0.18488739200196047,47.09438320389859,4.894510000012815,0.22491887091879884,0.049820309894117426,0.005398110661268556,0.44783536215417497,0.4333109820645167,0.3795051470299713,blg-1279
395,3126.7114399997517,1.7691099997609854,1.1779799697265063,0.9196671300682744,11.062166056294501,9.260343781564229,94.19483068319883,9.390792922357496,0.7807154161327896,-0.4257856139968046,27.495374972777082,3.8327299999073148,0.10171683690416282,0.1685751545187124,0.015189873417721518,28.645440343798143,28.16666897353814,26.16932629361191,blg-0974
1351,3173.642009999603,0.7950450000353158,1.233746190431932,0.2920859870921023,4.140972280638802,4.109991414804905,37.19527501274287,3.3564215064565595,0.23674722320509975,-0.13773011021450765,19.91431990379864,12.844010000117123,0.5732747080261816,0.18653751503566146,0.008142116950407105,1.6410368849128547,1.551654440173069,1.508229399678364,blg-0782
782,3167.6716799996793,1.0963699999265373,1.3044069218444336,2.952556379119851,75.4620712309818,21.862569022264427,536.0602769683702,57.851633097562825,2.2635239870620216,-1.6496494669999562,26.86254355390713,0.0,0.4942214684451703,0.2957121809013532,0.00639386189258312,122.59238195109171,120.81059877355686,116.94557705519661,blg-0783
274,3135.698629999999,1.9961600000970066,1.3179751961943345,0.5330789771476393,3.476164726048698,3.3526078224674873,12.350117826452898,2.637503884527658,0.40446813767226303,-0.6490997873488589,26.824459675598085,16.969590000342578,0.1229863919647095,0.26586623131584813,0.040145985401459854,24.091777280101294,22.527499578993954,15.934350645578164,blg-0975
1504,3176.6462799999863,0.7895900001749396,1.1047748444591843,0.14047648809567423,2.21806050330924,5.607590063985701,63.41417656215462,2.007703646002187,0.1271539513491562,-0.07358438647242971,33.63648337261189,11.883759999647737,0.4290106351491055,0.0803164327437392,0.006648936170212766,0.5483218706791105,0.5008227249334248,0.36822812582317754,blg-1184
1494,3176.6462799999863,0.7912800000049174,1.0474538686589925,0.05079979553352775,0.42186689180195236,0.958940944788044,3.1855951189613076,0.40275462280215085,0.04849836023192202,-0.03466718836812288,43.26163839484064,3110.5908500002697,0.7276193317880565,0.03814901021680333,0.012048192771084338,0.13227767455894276,0.0668283110755602,0.060996676359331356,blg-1185
715,3168.6656200001016,1.140045000007376,1.0081073001614724,0.04562179668465339,0.6908427772225587,11.594081760917135,143.4499908972688,0.6852869434226241,0.04525490116458532,-0.012502807817159178,16.936985006331298,6.03038000036031,0.07696683594610756,0.007647782977870758,0.009790209790209791,0.038747493231284645,0.037670509283956946,0.03619239518919196,blg-0576
1373,3173.65755000012,0.8245800000149757,1.0822668250155907,0.7237918120274033,17.967614548859995,18.162356016127262,376.6436309386402,16.601834194245786,0.668773899938435,-0.3650445544868661,21.851619167831448,2.994080000091344,0.1220682956886715,0.07547722647147051,0.0065549890750182084,8.579216056429726,8.468378039530485,8.458374539152322,blg-0710
530,3169.6153699997813,1.9978100000880659,1.23518059114752,0.29126308870588474,2.124087594560251,2.1930593863718384,7.287063174559076,1.7196575080493572,0.23580607437915765,-0.24946238487007544,18.856085236723093,44.88218000018969,0.40707775283611153,0.19367510283076117,0.02830188679245283,8.074718780276665,7.840306180685404,5.664074792381031,blg-0711
4499,3178.6243300000206,0.0481599997729063,1.233310562008932,0.7328530836740152,14.244933374008154,11.427673964073094,161.48315601391397,11.550159138589619,0.5942161693143321,-0.29275632589967837,18.083255090076758,3.122599999886006,0.0481290769990821,0.20166957497130117,0.013780840186708157,4.572035696958644,4.444348547790649,3.8162364212138775,blg-0577
2807,3178.625650000293,0.055629999842494726,1.0100807850113789,0.020593758277934488,0.18598832508750707,5.836428076025268,37.75402446573954,0.18413212686160602,0.020388228723527503,-0.12215700828700693,80.5436590659127,30.920659999828786,0.10984278564397727,0.008256921960018369,0.018881368008550052,0.0026926375262610646,0.0026810115654439665,0.0026236212876497135,blg-1370
803,3166.6487000002526,1.066385000012815,1.2100984758228495,0.2747407680457574,3.5580350642757836,4.08863073753603,31.26132475307361,2.940285527137381,0.22704000646603378,-0.3924252116477138,31.652258686536396,14.934220000170171,0.40379179496643663,0.16273038276919224,0.0161892901618929,2.5716950170950232,2.520445624520208,2.2877188147103844,blg-1116
679,3143.703780000098,1.1042200000956655,1.3197681007434159,0.8857427930042573,13.406580051469088,10.705061919906067,134.75846495087933,10.158284582218961,0.6711351682117284,-1.4283063112018026,44.048371801445036,4.843109999783337,0.1404613902089192,0.26633082996389484,0.011782032400589101,17.688649075372947,17.411521198354922,15.94556253289998,blg-1117
1478,3177.6105399997905,0.7949899998493493,1.051497139583855,0.18142017305138225,2.6603100878120216,8.700617165098729,89.45497072625551,2.5300212072518478,0.17253510684568368,-0.7577455552836339,87.50723196967921,3.063469999935478,0.04361122006381679,0.04679738700133469,0.02029769959404601,1.7626900791273983,1.6428120891675444,1.5171134632522032,blg-1371
711,3168.6656200001016,1.1390150000806898,1.1709442995023573,0.28518979112317083,5.90055156977839,11.423010982361554,200.66205130981197,5.039139369733204,0.24355538415347386,-0.32677581753324536,95.21984102277295,0.0,0.49369923205789196,0.13220520588912751,0.007032348804500703,1.808579675470242,1.3525107794349218,1.1046161702194168,blg-1442
612,3168.6656200001016,1.694369999691844,1.0740208514793856,0.10239236223178136,1.0144346799520134,3.777906837721349,21.126761167796737,0.9445204616926187,0.09533554319489039,-0.5776243773494656,125.52353844728478,39.02363000018522,0.26498583562200506,0.05720342263776525,0.024509803921568627,0.8787892056924989,0.7535271194425704,0.6717289221513826,blg-1443
387,3126.7135099996813,1.8296900000423193,1.4866783778343824,0.8830099417216313,4.166686774117105,2.4149984330668763,4.9572343870207725,2.802682011263137,0.5939481927950107,-0.8723354907729286,15.05159605500095,92.83752000005916,0.03156724156792428,0.45183930552452384,0.05426356589147287,172.6278639052057,133.63190856444206,90.67481848137773,blg-0244
4548,3177.664439999964,0.04785000020638108,1.0188098917073847,0.019917761073827613,0.3702281249126873,1.849172931278786,17.996542700269902,0.36339274313317543,0.019550026987810186,-0.010966661705899883,17.084598074209637,83.99759000027552,0.6646739584597655,0.014328034876373933,0.009894459102902375,0.012156976144303,0.0021279162510565754,0.0019517031277503033,blg-0022
4545,3177.664439999964,0.04786500008776784,1.0536523646572982,0.2625243441763813,16.80415055439994,57.02391011770749,3557.5566757822817,15.948476896723658,0.24915650596978697,4.493182177234267e-05,13.336337017748754,0.0,0.6457707186845337,0.04439763759824506,0.0011001100110011,0.04067388921706114,0.02868020695630652,0.027645355743760792,blg-0023
402,3126.7114399997517,1.761629999615252,1.3029450182572604,0.8065571728566961,4.469847274308006,3.364318862154252,11.070099975135077,3.4305724166173004,0.6190262485098836,-0.9520902194062173,19.723184874205216,33.80321000004187,0.0035439685303963655,0.29978136122386034,0.0472636815920398,115.72861737058463,98.68145810190472,75.42748881820383,blg-0245
747,3166.697150000371,1.1376499999314547,1.05604970601965,0.23583013247839593,3.243759746166964,9.512364214588311,100.39697734032069,3.071597574395453,0.2233134755883101,-0.11333538017210043,15.18530987633316,8.971350000239909,0.043719636577539835,0.049098694322234994,0.014725568942436412,1.9279488963322688,1.8597066825747335,1.859557538483311,blg-0163
217,973.6581300003454,2.1068049997556955,1.045523985903874,0.05092483669930992,0.13740417675622496,0.4650043652665355,-1.6310455915876805,0.13142135168063418,0.04870747768470344,-0.062182097414758664,14.223360550900956,246.66259000031278,0.011916599033880431,0.0428134120555121,0.0,0.9507948557800255,0.118300967970882,0.03326073881300752,blg-0305
338,2695.7828599996865,1.9904899997636676,1.0259792700298542,0.0686554525139209,0.4995883613194587,4.779765995208671,23.661677129013256,0.4869380610736326,0.06691699710731307,-0.02272520583594373,12.911065011734363,19.933869999833405,0.03677098815068657,0.023615293254238456,0.03254437869822485,0.38775725485180673,0.3588899961519357,0.3314186699394648,blg-0304
538,3166.697150000371,1.8475299999117851,1.2386495535127966,1.0260618706877036,16.693150354296503,12.392356118815588,172.12465631898408,13.47689519782731,0.828371398103757,-0.21512580569468387,15.18530987633316,1.9924300001002848,0.2365492123887984,0.21176880429407383,0.007434944237918215,37.98183901585244,34.7452049060102,34.224561791674496,blg-0162
3569,3177.6644200002775,0.050460000056773424,1.4272164587454812,1.4149057471563846,26.657079439184294,11.791674805605012,163.3072192675946,18.677670852982647,0.9913743136667155,-1.4892559383203894,32.906754683409574,1.2030200003646314,0.040183750493861616,0.3671907483519954,0.009806668534603531,15.088370105579088,13.150753393552254,13.049002104203906,blg-1057
4550,3178.627350000199,0.04801000002771616,1.0217009779125914,0.02369237393594633,0.31500892392383706,0.9310755688456377,7.003499589422994,0.30831811621071536,0.02318914654702601,-0.023933328558637612,36.45666583659147,2215.032139999792,0.81762352165403,0.01762636323197056,0.007252747252747253,0.0019042627646663791,0.0018311433112457396,0.001129526282372627,blg-1231
4543,3178.627350000199,0.04801000002771616,1.1019189566769756,0.8169385140433498,28.940368110859286,26.863638527748403,784.3463831746018,26.263608292480797,0.74137803118769,-1.1877459854978112,42.0600954446322,0.07945000007748604,0.17379680880924164,0.09234046944862859,0.0035219018269865726,1.11458997115584,1.095255264650921,1.0410259733580614,blg-1230
4531,3177.6644200002775,0.048050000332295895,1.0426013840272594,0.05393530816179286,1.4541798549865312,7.542134628839172,163.41534062383573,1.3947610882903836,0.05173147520305607,0.0012130505252831991,31.735145628319014,0.09924999997019768,0.5512559043891779,0.033941411068079456,0.004634738468329287,0.050346066615548475,0.0062068380247611325,0.004909070294220542,blg-1056
4542,3178.6271700002253,0.04796000011265278,1.0659149945466706,0.18992204162194964,4.174410646716809,13.077650192680931,212.31211877291204,3.9162697109158056,0.17817747269888817,-0.033315872044080486,18.774093333628652,1.181770000141114,0.09549598690291933,0.056414319837351776,0.00726552179656539,0.29203849539310395,0.24728965692698038,0.22659060763411984,blg-0651
809,3170.6686399998143,1.0633699998725206,1.064764716501822,0.09609783430492826,0.5342018315304068,2.097377957162944,4.066532795480733,0.5017087984173495,0.09025264634812621,-0.22432746461407982,24.376047659718175,196.8121899999678,0.1357890426165925,0.056694853702533604,0.04697156983930779,1.6648534608765475,1.4370178975613257,1.1979443074822633,blg-0437
1499,3174.6495300000533,0.778785000089556,1.1047780343922233,0.13890243339189579,1.5133128718868956,3.397525248552932,20.771687423178758,1.3697890536188393,0.12572881412420794,-0.17030601003583157,15.820085589233747,40.02282000007108,0.4132788458560873,0.08541659365327474,0.01467645096731154,1.5760590663453695,0.9240922411312462,0.7305234906914134,blg-0436
4593,3178.6271700002253,0.04802500014193356,1.0316955021231762,0.24691194808637,5.581078952575474,17.568166524727065,346.71378148635773,5.409618329239314,0.2393263760334073,-0.13909741840433143,19.42044564577871,1.079020000062883,0.05495380696967377,0.02952478815106586,0.0054430655345090355,0.2677867079804134,0.21972214089524708,0.21328881340823852,blg-0650
324,3158.6107100001536,1.2106499997898936,1.1889073335339344,0.3468050522260366,3.7303364050211947,6.159333775394749,48.09216735972199,3.137617431088499,0.2917006561631503,-0.2609537135656219,21.106202563862976,3.1949399998411536,0.3390492111740425,0.1613903454528758,0.015432098765432098,2.957070556340307,2.3754135014246143,1.7677825704744412,blg-0835
293,3031.97424999997,2.006844999967143,1.2757691274520233,0.39218494903201623,2.2619986373756387,2.127961480727114,4.928736351507957,1.7730469964913254,0.307410594533813,-0.4000686239927691,19.514425578351158,160.7782300002873,0.16871146773770934,0.24135860222973693,0.03754266211604096,26.96957251993704,18.47270656404653,10.487695369957413,blg-0834
349,3105.625220000278,1.970689999870956,1.0432362173241285,0.07436763813418062,0.2861097412281626,1.7478856138577772,1.708415806646407,0.27425211446311254,0.07128552113736648,-0.18545992405337808,49.90331038472383,149.6508900001645,0.0032137622537627736,0.04188886117982547,0.04297994269340974,1.7150918452373203,1.0520330078914457,0.40360662373645834,blg-0397
836,3171.6341200000606,1.0459699998609722,1.0505379929117848,0.06318708686433414,0.5982352871263376,2.473096804438575,11.999598598210195,0.5694561124568591,0.06014735943792416,-0.19105639202789448,51.00013115446998,86.7548400000669,0.4398381120243829,0.04054977384791349,0.02033492822966507,0.21103126808368186,0.20992004902677364,0.1987017356127327,blg-1339
2619,3177.6644200002775,0.0569649999961257,1.2477771014579027,0.3642567282983394,9.451998341964087,8.878443217757779,166.3221296846708,7.575069501732063,0.29192451516660844,-0.6784971033717695,15.313755477291128,1.9490599995478988,0.3589508839125346,0.19203956747730117,0.015654830087819777,0.7176797491177039,0.6567169315506901,0.5894121451920405,blg-0396
841,3171.6341200000606,1.0448750001378357,1.0371475546489481,0.08950339546770343,1.0262222000663428,6.967695412578739,56.09144964616528,0.9894659497307856,0.08629764800922846,-0.4302706057993917,131.2920370233417,30.872599999886006,0.11560593410287773,0.03145188205438622,0.0178359096313912,0.32362334971629386,0.3100480843018228,0.3051497856063296,blg-1338
219,979.6352300001308,2.104465000098571,1.045459539388974,0.06505405885740638,0.27911410710449625,1.6345053730323456,1.5176726548128459,0.26697743329010326,0.06222532368222919,-0.05839879209024823,6.795078836657203,62.8687800001353,0.04982360055768568,0.04154332082740677,0.0319634703196347,0.972029391323018,0.5551695542607435,0.24334276875805513,blg-0759
271,2307.984490000177,2.0170800001360476,1.4384477914744436,0.9356713158276517,7.444897756488373,4.901691720246173,27.09826950785297,5.175646797094183,0.6504729020188054,-0.6733972128292445,14.117555437249194,6.965420000255108,0.09905423557579987,0.3785988691682606,0.025830258302583026,61.85007792559138,57.59767114807908,51.093958706037725,blg-0758
220,978.6868799999356,2.099659999832511,1.1074024841272425,0.34919800078758423,3.918403640714959,8.687375204648578,81.73196473276232,3.5383735015001037,0.3153306974107833,-0.07287129165841222,3.188093134681769,2.99997999984771,0.30994097180526725,0.0915807781380601,0.013636363636363636,2.5596722351606203,2.456806301134267,2.4524163568961264,blg-0093
220,978.6868799999356,2.099659999832511,1.3113375700528822,1.249966076582031,10.481577490640658,6.2337731825414515,41.999090517477924,7.993042867129583,0.9531993100751553,-0.3899835114325847,3.2425582894292253,8.96601999970153,0.10922631034768424,0.30626581219351257,0.022727272727272728,75.67406961769206,62.25680969003275,52.717226582310964,blg-0092
223,973.6797500001267,2.1303249998018146,1.0834722590684265,0.13153330124864548,0.8770635004114964,2.960984712586635,10.2024507187261,0.809493261110964,0.12139978567401483,-0.12233262760649333,6.7434567338866165,19.920609999913722,0.1330795252874728,0.0713716116225809,0.03587443946188341,1.804842367337525,1.51238727132926,1.376654504170191,blg-0957
220,978.6788300001062,2.146979999728501,1.0395777896624896,0.06812492512291488,0.6258670718258499,4.865703894281438,29.465502288510926,0.6020396665156226,0.06553133891954252,-0.022125694085098235,7.1679026441058635,3.9748699995689094,0.18413592376329896,0.03221921502231628,0.022727272727272728,0.18771474850122913,0.14127271381634432,0.1395442252732679,blg-0956
517,3167.6830299999565,2.0115249999798834,1.0810427057491716,0.540194963174584,10.941988272490631,16.44489914918874,310.83648642731856,10.121698350196775,0.4996980741877757,-0.20578471205391113,12.554641689999343,0.0,0.5037556227423479,0.07559546317959914,0.009671179883945842,6.83553277946923,6.5893807945816665,6.420213342145506,blg-0109
578,3167.6830299999565,1.976239999756217,1.0158728110022783,0.022403209731740054,0.35797205934702714,5.220534629045254,61.08476915340134,0.35237881351510664,0.022053163810049223,-0.010298075486895097,11.894513303200089,11.964020000305027,0.656561145859559,0.013424941801995369,0.010380622837370242,0.014917165594013125,0.01368235734534445,0.013187035904575251,blg-0108
312,3031.976389999967,2.0162599999457598,1.04503519721777,0.08249833568534976,0.470212918817837,2.877571655240185,8.079672435006572,0.4499493563185298,0.07894311609365551,-0.07270666200456066,17.292814553174644,37.97743999958038,0.05320849838035809,0.0401763999480017,0.04487179487179487,1.0004607168573758,0.9067915953798976,0.7154356369804418,blg-0555
2805,3178.625650000293,0.05561499996110797,1.0090368523763134,0.026080518291420298,0.7750286409298992,19.738662291531355,477.1776161991793,0.7680875395420962,0.025846943024459845,-0.02452120925778023,19.55259332184631,4.8252399996854365,0.16194507971438998,0.007465909071180659,0.00392156862745098,0.0012135338763319733,0.0009769418334076934,0.0009715110885546711,blg-0733
4390,3178.6271700002253,0.04832000005990267,1.2491472197553761,0.2538169499338657,2.0204457186411737,0.7351861968287159,1.5797849276784008,1.6174600323428994,0.20319218094377184,-0.14818643988253855,18.77867296487805,3106.7958100000396,0.7209206308842852,0.19432035434761843,0.01070615034168565,0.8379090204076403,0.5270561058136289,0.3965165677264413,blg-0732
213,980.6246200003661,2.431150000076741,1.0221018892062872,0.031908965628965426,0.2120427793904811,2.8424924779695675,9.614825648307146,0.2074575730219686,0.031218967163395665,-0.009826197406950454,4.225635194788863,24.040180000010878,0.203726974391468,0.017672828329600192,0.03755868544600939,0.07621347162235034,0.0742683357442978,0.06094470874744002,blg-0554
922,3176.622359999921,1.0226700003258884,1.040325051570254,0.05783061915130646,0.45479998440407265,3.082308077069396,13.704601817450033,0.43717103548154757,0.055588989718288274,-0.2845235453862571,69.6639521679518,93.02740999963135,0.32220389426665724,0.033595838402380784,0.026030368763557483,0.28750048339389705,0.20370778584597904,0.16293197119712913,blg-1353
785,3167.659250000026,1.091105000115931,1.0527897299396867,0.09886912266454469,1.5163352506987868,7.354329573702966,76.55432920319798,1.4403020785381668,0.09391155604366815,-0.05218913743246656,29.756586114874867,5.900859999936074,0.2702950993706247,0.04396843195953214,0.014012738853503185,0.42997040590751934,0.35407404091436134,0.33939164431595764,blg-1135
537,3169.6153699997813,1.9971149999182671,1.1869069207099996,0.315196714893515,3.6066345285554893,5.431535762652431,42.24305146186785,3.038683518679957,0.26556144103477974,-0.49422761209738986,31.064841659236155,12.091329999733716,0.24437096539607225,0.15780598768705006,0.0186219739292365,6.287476617667108,6.0489628665985,4.415872402470843,blg-1134
923,3176.622359999921,1.0223150001838803,1.0225379983792697,0.10069654285542548,1.0996443931812823,8.403565836076208,73.09234860816679,1.0754068642633898,0.09847706591858649,-0.40061477380273613,78.37382819034201,7.9176200004294515,0.02705224396487401,0.020137812188150493,0.016251354279523293,0.3390272869803721,0.33777169177871375,0.31479583975401293,blg-1352
434,3155.669659999665,2.0200800001621246,1.4112711474724589,0.8653911254216625,8.67724237130803,6.687210456843795,53.79154839468755,6.148529519195086,0.6131997531725584,-2.8794346571047136,60.90358663299164,9.040759999770671,0.1688933450548172,0.3473414118839495,0.016129032258064516,63.14718667914299,50.34704842556664,35.26303841899709,blg-1461
879,3169.626000000164,1.0340499999001622,1.0385881179614376,0.18457300502997653,3.157650807385832,12.614550494447567,172.1800447756457,3.0403301581963342,0.1777153041333722,-1.5998294278709073,126.24045899840684,18.972279999870807,0.08890277262662147,0.03243810495123339,0.007963594994311717,0.7010505782387485,0.676580840843574,0.6576473383724241,blg-1460
1512,3176.6462799999863,0.7897199997678399,1.01560362899818,0.01928952841397004,0.18479307122547683,2.447575371862331,11.538490698523495,0.18195392782145003,0.01899316590968281,-0.04125395988391345,12.143246347279332,250.64196000015363,0.42596998099179517,0.012536834018476597,0.017857142857142856,0.03675029634213389,0.03619359421587813,0.027995836517607283,blg-0267
265,3132.642530000303,1.9987399999517947,1.4141703249096658,0.9735040296082629,8.605495666613733,5.5293814617856265,34.31995234792502,6.085190343894064,0.6883923425465209,-0.19030524681247019,14.087390327519898,10.968640000093728,0.09584787183047572,0.35754825153277375,0.026415094339622643,45.38697521499433,43.697427512547875,43.392451044353905,blg-0001
2791,3177.6644200002775,0.055749999824911356,1.085104085754285,0.32685675968594113,3.722564501064868,7.779878125620279,67.46371533062475,3.43060588899281,0.3012215703220014,-1.1340682993656692,28.450635917468873,50.19090999988839,0.010754079326935145,0.07781735405618985,0.016481547832318165,0.9518984340517306,0.9466799173771024,0.9138524035369489,blg-0266
253,2275.028520000167,2.0748550000134856,1.0087534499881055,0.01703697328969031,0.17667778293591807,5.3213512362141016,37.523755070456644,0.17514466115239036,0.016889134922908913,-0.003459897986979543,5.575234537678682,102.36788999987766,0.17783468717130535,0.007670359671246146,0.02766798418972332,0.026451910598150323,0.01390012689656866,0.012919416531645685,blg-0140
776,3175.6324700000696,1.0811299998313189,1.2756735268484034,0.3610687629899217,4.669709241670158,4.014028682965632,31.964033690969757,3.6605832972022294,0.2830416658810332,-0.3786317259228871,13.794386268277066,13.970480000134557,0.35885976882250886,0.22136639244415068,0.015463917525773196,15.800160888753409,10.082226001057261,3.443150844728181,blg-0326
1525,3176.6691200002097,0.7913849998731166,1.0368044980482445,0.16679239186566716,5.653752775968101,27.10268567268948,845.1037442687543,5.45305574202328,0.16087159206092688,0.0,0.0,0.0,0.15265521655884115,0.0313398662016548,0.003278688524590164,0.34127741892998725,0.3108531192866563,0.29298517060157697,blg-1388
880,3169.626000000164,1.0335900001227856,1.0834406888332724,0.11407504181028383,1.0552365522271847,2.961329904185079,15.748338531250006,0.9739679830779295,0.1052896036978564,-0.1192713816167652,14.266515453425948,48.888519999571145,0.37230860232242907,0.06861260557329754,0.020454545454545454,0.8207526227037856,0.6833454689308616,0.5218073514693783,blg-0327
270,2275.028520000167,2.0381700000725687,1.2295346776300187,0.3400096704716535,3.2598974265370035,3.8636927950341984,22.684072337855934,2.651326114939138,0.2765352404388337,-0.2256636748255756,8.07713983873344,9.950760000385344,0.3993163375739628,0.19163624231162782,0.022222222222222223,10.15706052534092,5.662309025066034,3.9028883219090225,blg-0141
623,3170.668229999952,1.9612549999728799,1.2665918141982173,0.2902926875938551,2.2560692537980027,1.329267524837675,4.030937368688314,1.7812125506385201,0.2291919796479164,-0.7649410415036291,57.829815966901386,896.6354899997823,0.30573489880847965,0.21503278057567402,0.02086677367576244,31.852909405039448,6.739955899823756,5.129292569354683,blg-1389
4588,3178.6271700002253,0.048020000103861094,1.0871009750250622,0.11853443357665289,0.9898238078922089,2.596397409330304,9.86119108314234,0.9105168898999658,0.10903718716980114,-0.4336263994465217,42.690782109644324,82.78329000016674,0.19348868570412645,0.07254663879700518,0.025283347863993024,0.4504417791189248,0.2682896278012684,0.25895179347546626,blg-1074
1692,3175.6225900002755,0.1536199999973178,1.0710231058981825,0.08626188046789435,0.8751628078256665,2.2400981101598565,12.227952974544317,0.8171278423731654,0.08054156739236512,-0.10774471310741651,27.628871011385602,2233.1900900001638,0.5075167807252529,0.05605142495856647,0.016548463356973995,0.07924064721219001,0.05424433462512972,0.049380137830290056,blg-1212
231,981.6797899999656,2.072724999859929,1.074876256926381,0.10949170923991525,0.6495629657431005,2.588788987845501,7.715176937382562,0.6043141761800472,0.1018644774370243,-0.2119050912364473,11.307839352265454,45.95877000037581,0.187798234873741,0.06419226768631267,0.03896103896103896,1.2160888579555038,1.092150178655726,0.5997019485853536,blg-1213
4585,3178.6271700002253,0.048070000018924475,1.1210184756124275,0.18039758783747042,1.6820531202378257,3.4667686713355916,17.121100288433126,1.5004686736444828,0.16092293762570453,-0.3173165530488222,34.79080863991173,37.092490000184625,0.23726315409308762,0.10159697751151173,0.023336968375136314,0.612791294881957,0.4957052790241554,0.4949765258659882,blg-1075
101,941.68012000015,5.043330000014976,1.221932145254105,0.5775448548380115,3.622178163987609,4.5950208412119755,21.917514966967573,2.964303826863747,0.47264887199724204,-0.5327699238768215,5.842582119181715,7.0066599999554455,0.15205822159249346,0.2035889469875623,0.0297029702970297,31.260602731113085,25.196787242395704,18.67073701227744,blg-0672
756,3172.6320099998266,1.1044499999843538,1.026725996141524,0.08713221857287648,0.7136165475959249,5.515721565851743,31.97105607433422,0.6950408807484321,0.08486413907087317,-0.11727920042064577,18.490112027478713,33.84724000003189,0.013953361239806427,0.025027500955724515,0.03042328042328042,0.5983509956484336,0.585989064574741,0.5612183447682066,blg-0414
1516,3176.6691200002097,0.7926699998788536,1.2442529658314643,1.4254346989643718,25.07954832491808,12.579069793392096,175.57421125462108,20.15630969912596,1.1456148602030338,-1.3291000130332458,26.92611336078659,9.1822099997662,0.029453650764027672,0.22210195646305833,0.009894459102902375,58.301203607374,55.20838912369385,54.69586415308823,blg-0884
772,3172.6320099998266,1.1010900000110269,1.0167584854543956,0.032006346487221705,0.45375589066202027,8.504980627185313,91.9440617178923,0.4462769602522318,0.03147880900952578,-0.02914332115428464,14.727122796163806,7.983899999875575,0.09813486799931613,0.0137488839744274,0.010362694300518135,0.12229016905652314,0.053176402133795764,0.025275083047627666,blg-0415
625,3170.668229999952,1.9541199998930097,1.0764273809692098,0.3775192458788416,4.816075592269986,9.06831599328624,91.30546381174449,4.474129544337975,0.35071501249975184,-0.25747818576283366,27.124987623501266,6.240670000202954,0.045572794324879394,0.07172866424253468,0.016,7.911071450070548,7.785974620946978,7.406591537458623,blg-0885
222,971.6584399999119,2.067640000022948,1.098690634577921,0.1606635923898283,1.422372872994342,4.211711688481308,24.148716893436433,1.2946072491049274,0.14623187444319208,-0.031348943115592665,4.938069948473149,8.096349999774247,0.23381346504515518,0.08265632055129318,0.02702702702702703,1.152002938851359,1.0421691343601616,0.9941676359531669,blg-0673
819,3171.63917999994,1.0616049997042865,1.0256892410239589,0.03654007800057448,0.3264580107713292,3.3056250877087336,15.968055610263132,0.31828159498154235,0.035624900976680855,-0.030184161612079707,14.492289705624113,70.94717000005767,0.3140784486934831,0.020814190917928077,0.02564102564102564,0.07101645197485608,0.0663383795402947,0.06483337558122629,blg-0048
629,3170.668229999952,1.9528149999678135,1.0796407132832464,0.10414527763150055,0.6589239283537404,1.7627386507762648,4.168144416523553,0.6103177790014411,0.09646290232068043,-0.23912639634299326,47.00353046121167,2364.678410000168,0.26008966423990737,0.06687970680110022,0.03179650238473768,3.0052282026331367,2.017237292745844,1.6574754421777524,blg-1280
812,3171.63917999994,1.0687199998646975,1.021188776386449,0.03373507378125871,0.3394526752422411,4.757418281812771,31.419131992148642,0.332409325060667,0.03303510010194367,-0.03423146335346261,11.860008397580515,131.88812000025064,0.3239669188241121,0.017750682241819554,0.017241379310344827,0.04967512444235076,0.04842235662561788,0.04353028673678274,blg-0049
1496,3174.6495300000533,0.7791200000792742,1.0315182950341621,0.07567566065026031,2.232254296882162,19.720815483535947,489.2991809205892,2.1640471972121076,0.073363371528103,-0.07753174882496627,43.71099956481596,2.0875099999830127,0.4318063935922802,0.02495808734645295,0.0033422459893048127,0.05753923752566253,0.05686190752029245,0.05274372166619447,blg-1281
830,3168.6348600001074,1.0626500002108514,1.157004818147101,0.17880837405081723,1.6925105117325625,1.7833026619739547,9.291859845606192,1.4628378988210908,0.15454419005076409,-0.1855246784093112,19.747219459285937,52.8083100002259,0.5578882355832961,0.1260598771661224,0.010843373493975903,1.3345302068157483,0.9187979940835835,0.8657457040609953,blg-0816
322,3144.6672200001776,1.9716799999587238,1.0163832302817373,0.022911939150207707,0.15946708555892863,2.861592822028461,9.918847782662764,0.15689661068665892,0.02254261802256461,-0.005844184899158833,15.926029513406839,26.782080000266433,0.16683074833226486,0.012988013920453262,0.037267080745341616,0.054688102791458415,0.04376531514215818,0.03796951731428376,blg-0486
1382,3173.65755000012,0.8241400001570582,1.0127699055091506,0.034793458977376276,0.9806631033218154,19.864791032624872,476.2531029841955,0.9682980194260667,0.034354751700818975,-0.027843125518907108,62.639785401453345,1.9801099998876452,0.34699947006830645,0.010401476721451076,0.002894356005788712,0.01862080326875644,0.01846248454221948,0.017418139838232528,blg-1428
721,3171.6373100001365,1.1136000000406057,1.2744554252450015,0.5236840956767447,6.600069936020425,7.124734972320577,65.29851183450184,5.178737328505823,0.41090812687073014,-0.6116417810768424,19.7850239346622,7.009030000306666,0.17796739711533605,0.22092183450390201,0.016643550624133148,10.940911035841234,10.485780828937337,9.67534445467309,blg-0817
324,3143.6778899999335,1.9845999996177852,1.3172580886257814,0.7889641356770031,9.19362986158401,6.240194573893732,51.84201248006723,6.979368637911727,0.5989442285457067,-0.2316351045801841,17.42588427853485,2.2336200000718236,0.14653191118503564,0.29330721380521135,0.024691358024691357,72.84543895393284,49.472433088548115,37.750697464229674,blg-0487
604,3170.6390399998054,1.9503900003619492,1.2500838820772555,0.5966650449155263,5.681009868967546,6.34043347168764,43.9452573380535,4.544502896943543,0.47730000258146854,-2.3941728407816,82.61032675188572,9.029340000357479,0.1039895822972677,0.21701209529412974,0.018211920529801324,21.696779411670846,21.201910348892053,20.228799568916482,blg-1429
223,3154.6539199999534,2.1119500000495464,1.1021555409557986,0.17170977824880124,1.2192728902141279,3.64047097181155,14.9586960383733,1.106262078122062,0.155794504777382,-0.09070813435989233,34.85004694704617,16.08112999983132,0.1539470838735082,0.08585943437469312,0.03587443946188341,1.4429857984321315,1.3393218691019873,1.3294450565677334,blg-1199
327,3144.6437600003555,1.981570000294596,1.02196584862717,0.03480490675800089,0.25568149826584696,3.2984276114939215,13.748753681000185,0.2501859490778975,0.03405681947609787,-0.010115844883120673,15.327081627710637,18.135489999782294,0.17259687002414092,0.018623207188957245,0.03669724770642202,0.11077894762236747,0.08182436571825139,0.0679924565152776,blg-0351
522,3170.635919999797,2.025710000190884,1.1831853856794647,0.5752482341292221,4.532714633282769,5.2014932167638035,29.45003578229423,3.8309420060748627,0.4861860501573178,-2.055199429282582,43.168132878822284,38.88919000001624,0.014943223739550364,0.17583731911131523,0.03065134099616858,52.63245473813008,42.31841256746841,33.893259166081,blg-0137
298,3144.6826199996285,1.995309999678284,1.5089221806626454,4.841365111361507,83.6567698187532,16.815011779636983,284.4597986692028,55.441407341232896,3.20849222134868,-0.18003443527307428,37.447604376298514,0.0,0.8917170560127066,0.4716290711557905,0.003355704697986577,173.25140617840697,165.6974154704057,158.83188269323907,blg-1198
603,3170.635919999797,1.9769650001544505,1.0475296110283605,0.07014245307014647,0.7855159859753925,4.5242583017351805,33.12190224263324,0.7498747245011086,0.06695987556064294,-0.08029547524389691,12.92503745225379,16.95263999979943,0.20628390117863818,0.039173542143214196,0.014925373134328358,1.0888087129621045,0.4804050183164192,0.26130223297372546,blg-0136
543,3169.6153699997813,1.995630000019446,1.087587158560147,0.1921565070331375,1.3143809260496586,4.189947929907157,18.358920166757557,1.2085292692352771,0.17668147674777449,-0.17872348983682174,15.895479131798451,42.80492000002414,0.04636380659576341,0.0769661176484263,0.03683241252302026,5.158433237839689,4.830830646167581,4.816943676528529,blg-0350
697,3168.6348600001074,1.1258050000760704,1.016811376663351,0.02260825805541974,0.1972839427082368,2.6209357458733376,11.084492115156435,0.1940221611361185,0.022234465852716646,-0.03984851016717195,31.41770167182621,105.80789999989793,0.32612888105593796,0.014014322058907786,0.024390243902439025,0.035189322746702376,0.03144439348409719,0.02927087963826922,blg-0969
619,3166.697150000371,1.775870000012219,1.3917705326517917,1.3142126218109718,22.635155369977568,13.102694152451392,193.77452234459426,16.263568365838506,0.9442739169539787,-0.7103964015460633,25.83879107387484,1.8461100002750754,0.21461846805671217,0.32623697610262187,0.008077544426494346,41.37488364631631,40.682158303349254,40.68151591270808,blg-0968
4566,3178.6241599996574,0.04804999986663461,1.040947778330745,0.04786913128681576,0.544155761504055,1.5097757623081265,8.411880962687846,0.5227502931503015,0.04598610211140205,-0.09539197270113786,51.093869855321856,3039.6998700001277,0.5785130976459356,0.03336270270467612,0.015330705212439772,0.019001858144845934,0.010859340191102245,0.010610265439912878,blg-1265
4510,3178.6243300000206,0.04813000001013279,1.0890685089117793,0.1133001397279289,1.1422866774108331,2.4152466702101587,11.169379313313195,1.0488657578241547,0.10403398662293613,-0.14856111762086321,27.722201883627772,2951.894099999685,0.42971599339931665,0.07243712799205439,0.019733924611973392,0.19896068679154233,0.18479821594727694,0.14686643701268026,blg-1003
4533,3178.6243300000206,0.048039999790489674,1.0526154128044176,0.16340868576013098,5.9540590739832915,24.982863345320688,728.8279384740216,5.65644293726978,0.1552406341575078,-0.0527897317199979,26.912232040630787,0.15560000017285347,0.15280674398760885,0.04347340006900126,0.001544231193470108,0.03223820043244273,0.031437193978488674,0.03027877485878192,blg-1002
4507,3178.6241599996574,0.0481200001668185,1.2130407604202524,0.2354617935035456,2.0421580318424435,1.3632875783011134,5.20410887855779,1.683503210807125,0.19410872185439484,-0.5743078862984525,45.15117246487621,3061.8254600004293,0.46614369722972654,0.1675705978031389,0.018193920568005326,1.8010717269511025,0.5639388768609654,0.4002195834739732,blg-1264
567,3170.636880000122,1.9949250002391636,1.1011494923629068,0.13086821978066762,0.7874624378853096,1.5741920958088627,2.148301035836173,0.7151276336188044,0.1188469136114973,-0.26558126786204417,30.70479940922085,218.60061000008136,0.19228397323102675,0.08448301375387846,0.02821869488536155,6.276910029063255,4.301411717518608,2.106690844787904,blg-0463
753,3173.637629999779,1.1176849999465048,1.2243421234214782,0.3983605467081242,7.365252384230653,9.822381062186691,144.52107461488998,6.015681551077663,0.3253670161582107,-0.13078712167168338,17.378694898986517,1.166840000078082,0.403761122561686,0.1847445053846659,0.006640106241699867,3.7286722229197715,2.9941610379782877,2.472136856166436,blg-0605
2484,3174.6680899998173,0.059910000301897526,1.1180051288221577,0.40403905549517727,13.73080860260628,22.009514794300543,606.6989879542771,12.281525483033091,0.36139284289948886,-0.2803947550891026,18.855929636819415,5.1082300003618,0.18320351483323466,0.09881594467730843,0.004830917874396135,0.32455669109292257,0.2887856420288374,0.24795814318545742,blg-0604
915,3176.622359999921,1.0223399999085814,1.0693962266807564,0.0835228284729247,0.7500331446012776,2.3869631966896443,11.84284577269181,0.701361309190003,0.07810278885230314,-0.12085481784538432,14.82470755109713,216.19224999984726,0.4376187655709563,0.0557501161764403,0.01639344262295082,0.7401984187487194,0.5501434109753762,0.3606576937411284,blg-0462
1519,3176.6691200002097,0.7892899999860674,1.0367073549740147,0.09450711693905113,0.6131335653153074,4.533533789634223,20.24472605391026,0.5914239505095787,0.09116084261774293,-0.48962997496290095,57.94112601358251,91.73393000010401,0.0263881983479717,0.03302340372987404,0.03489137590520079,1.105002172062678,1.0181607609209165,0.9839774098016416,blg-1091
4581,3178.6271700002253,0.04802500014193356,1.1379047544118848,0.16937516251091317,2.913012512599977,3.114150192703186,30.350175972158127,2.5599791860486145,0.14884827606680523,-0.02659171784473613,13.46921991726724,11.001619999762625,0.7312556289352219,0.11423384074080009,0.012224405151713599,0.11722247173722895,0.059565740102350884,0.057853950660353724,blg-0259
1519,3176.6691200002097,0.7892899999860674,1.025158954340565,0.05741739792812434,0.5343517720029004,4.5457914135132675,21.571624515806125,0.5212379646376335,0.05600828742209572,-0.2765893233102692,78.37523457661014,54.88920000009239,0.06322753796739715,0.021776153548199582,0.03554970375246873,0.40586546302759524,0.38219179931952785,0.3509722188559809,blg-1090
4566,3178.6241599996574,0.04802999971434474,1.010359945343179,0.010635999155870114,0.12676484310238734,0.9799054590049341,5.382634865704675,0.12546503098425985,0.010526940522160232,0.0010980178093973336,13.73708422734707,2779.164740000386,0.6168423323676574,0.00791297948559258,0.008979413053000438,0.0012970534716197787,0.0009495197778275537,0.0008650688105052876,blg-0258
4582,3178.6241599996574,0.04799000034108758,1.00989711140297,0.01377798000660394,0.17361287973057704,3.422047027988755,20.691871452437166,0.17191145122722049,0.013642954034232007,-0.0018074758229571497,22.252144272944502,2999.887719999999,0.4116247928865399,0.008283705376342787,0.017677869925796594,0.0017982695940118847,0.001490774020919762,0.0014717755378930888,blg-0861
788,3168.6348600001074,1.0861700000241399,1.2978272499481158,0.656297732732404,14.189595243152294,13.870461655800844,254.5683196597431,10.933346587063953,0.5056895882728194,-0.4608556412654041,17.659147538647908,0.0,0.43009328708696964,0.23347669090019696,0.006345177664974619,9.257540733661662,9.099482360976463,8.412593105634834,blg-0697
197,970.6372899999842,2.11941000004299,1.3445526609860359,0.8805422558374298,9.144327800468977,7.29708376593485,59.672891146090265,6.801018656831739,0.6548960668024101,-0.168461768949296,4.753489630388005,2.232980000320822,0.22396346927356434,0.2936125553240282,0.015228426395939087,20.969696601648618,17.94468967054167,15.384157408871665,blg-0696
924,3176.622359999921,1.0233499999158084,1.1532211212961392,0.3597816589664889,4.098322505041721,7.072232522993926,59.346987239939445,3.5538045512880045,0.3119797662414664,-0.6129365874418053,24.652640208350494,12.984590000007302,0.08451004153356662,0.13090798473793935,0.017316017316017316,9.864424810818804,7.696263724967083,6.8053845399219846,blg-0860
226,975.684299999848,2.1655000001192093,1.0196014878507282,0.023683189519795575,0.21186441405060452,2.1421697845196186,9.945841307415712,0.20779139153601156,0.02322788812072032,0.0,0.0,34.02702999999747,0.3491249249570279,0.01558486301250916,0.017699115044247787,0.03615063033502148,0.02513359248301426,0.021444712518185416,blg-1484
191,975.684299999848,2.854924999875948,1.0169740395092635,0.043254490401754164,0.462887150219761,6.908030273250198,55.449991523828444,0.4551612211178105,0.042532540945982286,0.0,0.0,10.979559999890625,0.10060875409350813,0.014227416846941924,0.020942408376963352,0.07277261623693013,0.06514166492145919,0.05694922104179897,blg-1485
1617,3175.6225900002755,0.17243999987840652,1.2184800293267986,0.28179204925140716,4.188994784139672,4.851854356157802,48.22932382399118,3.4378854383647206,0.23126521580697806,-0.1782140650160393,14.288097123773277,20.103790000081062,0.49311154306271077,0.16966023210846565,0.008658008658008658,0.4991733543125593,0.44841926178013825,0.3860198693899755,blg-0282
381,3166.6125500001945,1.1392150002066046,1.0626028493968158,0.09224301867776849,0.6347949863437528,2.570939441315946,7.96706311147299,0.5973962715516244,0.08680855491969036,-0.05040413782606801,13.543954940000384,45.82578000007197,0.18759500478723234,0.052739900999889164,0.04199475065616798,0.5851192307766818,0.5460308887040176,0.5352438751074678,blg-0283
320,3143.629350000061,1.9892000001855195,1.122307507827463,0.5063608168204731,5.137812604214473,6.533496272106614,49.37423015705822,4.577900907373527,0.4511783167956272,-0.3594687926867044,29.24315273269116,2.077949999831617,0.07235226244885762,0.1206555816113755,0.025,16.894313658860312,16.256767741652137,14.80398153602327,blg-0920
322,3143.676969999913,1.9848499996587634,1.186200244717517,0.480222263317417,5.989425247315513,7.73860011506473,74.48458541367721,5.049253044328371,0.4048408027291966,-0.41367956082859814,24.368868648879975,1.0884899999946356,0.22539357040067806,0.17145091371950433,0.015527950310559006,12.320093006511103,11.15718222979116,9.342466890032833,blg-0921
582,3166.7080299998634,1.9846700001507998,1.062534627022531,0.08265329392808525,0.7034279432250723,1.9834702565320281,7.781183332569514,0.6620282470943638,0.07778879958181785,-0.05263177669516916,13.610462534915168,3084.907560000196,0.43667235008387534,0.05320660574499619,0.02577319587628866,0.5245093997418474,0.5121481608173464,0.4838818921272061,blg-0318
222,972.6794000002556,2.115840000100434,1.1200272452965947,0.3224740772535239,4.285801635708517,9.181563269325817,102.91468041928596,3.8265154847268366,0.2879162767946477,-0.007210673312837423,3.682294735787542,0.0,0.35257162234586703,0.10346271102127375,0.013513513513513514,3.0184728726039327,2.5130893674258563,2.3978772551148397,blg-0319
1490,3174.6495300000533,0.7804100001230836,1.1652809879484132,0.18180065881808294,1.8240419947313484,1.8252924744313084,9.969736294475489,1.5653237270175573,0.15601443697971573,-0.2179033396547161,18.644493370530274,989.1744999997318,0.5594971048677265,0.12896578600353303,0.008053691275167786,3.4679468277580803,2.762779685287691,1.4530164356720143,blg-0744
4497,3178.6271700002253,0.048264999873936176,1.1383395364222704,0.2819035273726238,3.7081041941563897,7.240408495467032,65.9589955338844,3.257467603414753,0.2476444996210743,0.017065966464550053,17.852292547033166,6.985110000241548,0.09812455635773591,0.115265937389799,0.01245274627529464,0.9535074713937199,0.930787219792221,0.8497317802515632,blg-0522
2901,3178.6271700002253,0.06075499998405576,1.065675521282491,0.07735488432554138,0.7107862116955893,1.3685928594267618,7.057971614958211,0.6669818259223717,0.07258765173340179,-0.048942643481181713,16.581700860595173,3005.8807100001723,0.47001333545950064,0.0526825228496278,0.015167183729748363,0.05145835841449049,0.048733183388229295,0.047656401040504934,blg-0523
222,978.634329999797,2.7787500000558794,1.0567512915690618,0.08736963599772689,0.35616195946293816,1.810117785898836,2.114167771549485,0.3370347961096521,0.08267757595188259,-0.10240357923672794,8.155080366734751,58.974390000104904,0.01622742846113366,0.052317255062472916,0.04504504504504504,2.315207677758806,1.3003589255450358,0.5698614741059678,blg-0745
377,3126.711099999957,1.8621350000612438,1.095564351580767,0.14954572813836062,0.9694390408810966,2.563739849976024,7.45100496541934,0.884876393279454,0.13650108873803107,-0.266836651830481,28.76963296573194,52.133690000046045,0.15994353651274493,0.08466117318060394,0.04509283819628647,3.24035350155168,2.855380110351573,2.1388106155315865,blg-1142
1522,3176.6691200002097,0.7894500000402331,1.1714167998113765,0.37197842691379274,2.7169732726225644,4.700265629832592,23.280034571959312,2.3193907154704876,0.31754574784844464,-1.84827775006442,84.70843413908723,46.0962100001052,0.08361186680651858,0.15084317102324576,0.02890932982917214,14.156675413741121,12.192943221329557,11.268491675487669,blg-1324
615,3170.668229999952,1.9681049997452646,1.084445860205446,0.1574062387513528,1.5709338354566675,4.222697846350531,22.095601685058945,1.4486051158635123,0.14514900473689157,0.0,0.0,38.9110300000757,0.10029554445604727,0.07121530857751242,0.03902439024390244,3.665412914152499,3.2383113973259396,2.8823011184087237,blg-1325
315,3143.629350000061,1.9948199999053031,1.191443286214683,0.31610745042349336,2.2344684182413634,3.2029653505689777,12.149343663937579,1.8754299305224682,0.2653147249456132,-0.2917572950538261,28.933300568963265,26.0086799999699,0.13864731610607425,0.16212871215839864,0.03492063492063492,10.29458126972851,10.209328804212968,6.242514981297448,blg-1143
1699,3175.6225900002755,0.15259999968111515,1.0238612276850747,0.02568145436188885,0.27348445418902834,1.1069536451063955,5.984112144750856,0.26711085850595345,0.02508294426689499,-0.017159691388413112,21.082207377429885,2493.2361000003293,0.7077839665467145,0.018650752473144357,0.011771630370806356,0.0028322910693406467,0.0028136104640307255,0.0024824519293038623,blg-0828
2495,3174.6680899998173,0.06010000011883676,1.048867573792383,0.11995607661151277,1.4422071241472607,7.1343337298485014,58.22507063999409,1.3750135350095223,0.11436722658334854,-0.7198337335644718,74.70854122816286,15.954039999749511,0.09708783975946722,0.04202082033207151,0.018036072144288578,0.10060214384000085,0.08949355028566416,0.07369386096047519,blg-1416
1700,3175.6225900002755,0.1536199999973178,1.0130547520440234,0.017988113837146665,0.24713789598469638,3.197982699112878,19.876383743964443,0.24395314571746393,0.01775630944259356,-0.04503661966038841,17.823288418705257,57.78333000000566,0.4124568154071062,0.010939299648250094,0.022941176470588236,0.006567500563339358,0.005025380604531519,0.004322265827319757,blg-0829
576,3170.6137999999337,1.9492700002156198,1.3299532311307585,1.8269881559765628,40.2301232682866,18.595837465607065,384.2141008462834,30.249276458833975,1.3737236013073764,-1.716843857308834,92.54959659313594,0.0,0.44952943506232534,0.27905081971235324,0.006944444444444444,53.73723436449111,46.5746923832979,46.060179334302404,blg-1417
810,3170.6686399998143,1.06302999984473,1.0516835854005582,0.07333133162420212,0.5521556696080481,2.3803947064653683,8.105592684673848,0.5250207115741372,0.06972756059418439,-0.1208445464960819,12.863707739949454,107.88508000038564,0.2927487590407648,0.045098444572903025,0.03333333333333333,0.5737267610484739,0.45276545536294427,0.39145642587285706,blg-0076
564,3170.6390399998054,1.957349999807775,1.3340228014467739,0.4735315151995146,5.826369751495854,5.782809744255259,53.1154456086136,4.367518832138291,0.3549650809088942,-0.20160496139317763,12.925434008781034,7.978509999811649,0.34562992914520047,0.25570990494391116,0.010638297872340425,10.673663621077727,9.397564815007637,6.853153854470246,blg-0210
761,3167.659250000026,1.0897250000853091,1.0412136676498243,0.07877300192561705,0.6137731688041248,4.202188598256492,20.039522248818983,0.5894785882850705,0.07565498188942309,-0.09473316255714126,13.682703605789703,66.00344999972731,0.11368153697204848,0.03573732691492502,0.0328515111695138,0.5406021098824147,0.5382396056717147,0.4566188483561746,blg-0211
714,3170.6686399998143,1.117389999795705,1.0780414372969314,0.09917512026131677,1.0964114159742662,3.5681893204955877,24.226805571775103,1.017040132105677,0.0919956468371298,-0.0744640743476499,12.50965397769499,29.98423000006005,0.41190120695082594,0.060081086244307434,0.014005602240896359,0.4289472111527638,0.4228344237148866,0.33479219323722836,blg-0077
212,972.6472099996172,2.8574100001715124,1.0464792378344947,0.06948744440932206,0.4436853866507686,2.425377708696561,6.931308364828945,0.42397915445423096,0.06640116806244763,-0.07829863988777808,10.594474044534913,43.9247599998489,0.20519262036685804,0.040077722698776644,0.04245283018867924,0.5668530735102664,0.431940732839578,0.3834874298360598,blg-1176
3108,3170.640370000154,0.05560999969020486,1.2777430827860057,0.36638282915127546,3.8762351319773196,3.7197746575728927,22.17754184458892,3.0336576686362924,0.28674217158349896,-1.0620383008220238,56.737689094742414,17.12705000024289,0.3700840475904839,0.21911295072389586,0.018018018018018018,1.0731052296792185,1.0070541263338202,0.9785490443844194,blg-1310
4580,3178.6271700002253,0.047999999951571226,1.1488808545760014,0.342473261553451,7.297712628846852,13.138357482880581,220.64640607471688,6.352018606855376,0.29809292861696496,-0.8656516591674448,56.76222920062119,2.0806299997493625,0.1517855417507497,0.12169741556095096,0.006331877729257642,0.3696921265690479,0.3555230224758307,0.3320179952524867,blg-1311
215,972.6472099996172,2.1201300001703203,1.0724844128759183,0.08960553915855615,0.528929807255848,2.2152109895756706,6.4138815517243675,0.4931818084942413,0.08354950174313452,-0.1367716565628354,9.574495913750537,113.69530000025406,0.39532582158371804,0.055430995581343886,0.03255813953488372,0.7603036062932348,0.551026267273115,0.35407247721031204,blg-1177
4574,3178.6271700002253,0.04805999994277954,1.137772017280425,0.15025319323175185,1.4769626156302902,1.105747823889464,4.269618581481608,1.2981182347755729,0.13205913806028136,-0.03290585230095511,20.362561492072786,3073.773709999863,0.7157279126170182,0.1090262304378945,0.014210756449497158,0.07264030448057056,0.0702325342022841,0.06780209058436854,blg-0770
907,3176.622359999921,1.0174499999266118,1.0089193161175896,0.015604297144023343,0.1319770678542479,4.691390388639727,26.597280369491028,0.1308103278803344,0.015466347744640847,-0.020688078210934213,16.76717700654836,38.9615099998191,0.1373930526862057,0.007320678276399914,0.025358324145534728,0.020075917368835326,0.019703222352755977,0.014966165953637218,blg-0516
921,3176.622359999921,1.0223150001838803,1.0368666067639838,0.11204539055609722,1.9396632907121387,10.529969872368818,132.1998543566758,1.8706970205731426,0.10806152763003025,-0.11548084940549352,28.70763037919128,10.083610000088811,0.10501919601452711,0.03309825151554841,0.010857763300760043,0.3723219431328832,0.35758784927693,0.35450829697225333,blg-0986
3519,3178.6241599996574,0.05386499990709126,1.1263160965737697,0.19473842260717464,1.3540537933123808,2.3180283804460386,5.366580004224087,1.202196954664339,0.17289855083362424,-0.3113623384390276,24.698706340827695,97.72897000005469,0.10816281289346315,0.11305129573192785,0.047172492185279906,1.757850568499286,1.4285539299699153,1.149677986683241,blg-0517
531,3170.636880000122,2.0034499997273088,1.1148986513609465,0.13928527792605466,1.2713320683023088,2.1527207845252483,9.313784702021195,1.1403117721483365,0.12493088632470903,-0.10060199560771554,26.594959855020658,2234.6481000003405,0.49781837053026406,0.09275029372550603,0.02448210922787194,1.5036878743208537,1.4467610153511652,1.0860981378842829,blg-0987
1398,3177.6105399997905,0.8235100000165403,1.011490885726456,0.01864024910191498,0.21071780698584108,5.115662375111976,36.67020035441976,0.20832397787871626,0.018428489253506822,-0.026205883449345047,22.050377920736373,112.75069999974221,0.3018271729776075,0.009515318611480297,0.017167381974248927,0.020091285498890384,0.0164275375203747,0.016324617609451246,blg-0771
4592,3178.6271700002253,0.048019999638199806,1.0253189189544318,0.04970867264228257,0.3947831601271452,3.881823539878769,16.66601009745025,0.3850344990019106,0.04848118106331359,-0.07809418004860258,14.531592981020063,102.9903100002557,0.05203804310041958,0.022171368603090186,0.0350609756097561,0.09858444500717137,0.07802075689451066,0.058105571701254126,blg-0042
291,2307.984490000177,2.010825000004843,1.025952085692746,0.04547548371702918,0.5478316886498571,6.928191166097294,63.45705090690629,0.5339739457132732,0.04432515310212717,-0.009497789266837975,8.283136313065581,15.002069999929518,0.42770217342909966,0.020837975011171607,0.013745704467353952,0.06430065254548474,0.04330394133744897,0.03883591346761715,blg-0224
294,2307.984490000177,2.0109000001102686,1.230362926795943,0.6516247571505602,6.933939476078493,6.467793761053853,48.84254535820117,5.635686242415228,0.5296199500673295,-0.07760022887534279,10.058776642408253,11.975649999920279,0.08220616578856892,0.2030273386993366,0.023809523809523808,22.727192045447996,21.918764950015316,19.282339269742227,blg-0225
2522,3178.625650000293,0.055459999945014715,1.0086124834636916,0.02192711267698724,0.25510329741360405,7.429119300518624,61.556748813633774,0.2529249826536948,0.02173987811878773,-0.042746675233591436,14.30314900627446,81.00810999982059,0.03445423003537156,0.007283836604950105,0.01625693893735131,0.00385037918681787,0.0033094737462083324,0.0031210392136661116,blg-0043
826,3171.6341200000606,1.0478599998168647,1.654333717473401,6.217059858938098,120.96776574966876,17.788912549056032,329.7483240190498,73.12174305629257,3.758044556362379,-9.354043630135555,74.73738730895406,1.0045499997213483,0.2999801743554622,0.5968395344431757,0.004842615012106538,345.1477228799595,338.9716779261855,331.7445047451128,blg-1422
1379,3173.65755000012,0.8242150000296533,1.0362671948537816,0.14482681802418207,1.5711890429455844,7.2043635764192056,54.99872865952813,1.516200682204626,0.13975817949832475,-0.47687179245419853,101.37188904443339,8.988839999772608,0.025494487066896408,0.03369911311188598,0.023205221174764323,1.2193518279360966,1.0556782260553457,1.0506055816030386,blg-1423
399,3126.7114399997517,1.7628099997527897,1.043633437707336,0.13133597454480284,1.7416746619927186,8.398188396616616,84.03143920217036,1.6688566908418339,0.12584492652408083,-0.23627375365278835,43.729249900731844,11.069790000095963,0.12613714066103857,0.03890031116392485,0.017543859649122806,0.7519134556595566,0.6773404354714104,0.6177338955260475,blg-1218
4551,3177.664439999964,0.04786000004969537,1.1974480225749975,0.2184022811015932,3.0337774640912887,2.0199213312503956,17.255149581394736,2.533535804111215,0.18238977822857164,0.01682304929586298,37.80316875887499,8.949109999928623,0.6384932553865669,0.15275265767737647,0.0061524939573720065,0.5946455461450127,0.12622973775725732,0.12100077626423095,blg-1219
299,3032.89038000023,2.069405000191182,1.016009915362005,0.021568978417159056,0.22358107640505942,3.182054711866353,21.249730667894866,0.22005796481308718,0.021229102077397536,-0.002371894323999424,16.856125295234246,7.031469999812543,0.4268457390261555,0.013333951537237468,0.016722408026755852,0.021578162975277697,0.01858195330803763,0.016390345298184103,blg-0678
220,972.6816699998453,2.130119999870658,1.0638344345768633,0.07966735550457306,0.4650404403710524,1.856329629854625,3.9812493399974915,0.437136100209672,0.07488698632639264,-0.05228771812184174,5.329950202499691,36.06642000004649,0.1932103319502625,0.05234081106318988,0.03636363636363636,0.8261607142949845,0.6060838113153343,0.4223276485006482,blg-0679
4552,3178.627350000199,0.047980000264942646,1.0479161922141715,0.053005140298375414,0.7076964295020134,1.3177536884362977,9.829769995128533,0.6753368523234031,0.050581468428848954,-0.10907056930024028,85.1255811348581,2516.061749999877,0.7678052716110514,0.03797518439428608,0.008787346221441126,0.005258972027148142,0.004827069645602547,0.004646643987729557,blg-1382
4508,3178.627350000199,0.048070000018924475,1.1092475361930176,0.127481839253855,1.497386240693957,2.1995788716279874,14.446242788179013,1.3499116999023772,0.11492641087318861,-0.6437447243286545,82.81443773783333,3111.831599999685,0.5204775054389499,0.08728604570800659,0.009760425909494233,0.3569979750910504,0.06259023958887013,0.06053129201248593,blg-1383
1701,3175.6225900002755,0.1547850000206381,1.0227877636071625,0.026270605705151797,0.23149950510772987,1.1989003342782938,3.5182569669434356,0.2263416820982115,0.02568529501726518,-0.05355327659728615,25.744758316002212,2978.707969999872,0.5721649692505376,0.018648009650484243,0.022339800117577895,0.01286146064333489,0.009664538689923006,0.008113335239019711,blg-0914
1514,3176.6691200002097,0.792650000192225,1.132405088999225,0.1575413224522541,2.163825968815654,3.2716030854613254,30.989570839049918,1.9108232298918102,0.13912099353092186,-0.054874956992729595,18.038525173986077,10.03902000002563,0.5405205446011017,0.10375867787389996,0.00726552179656539,0.5560418210151759,0.5477254563789398,0.42989051030495046,blg-0584
290,2307.984490000177,2.0109000001102686,1.2338499163754018,0.41739072862126175,4.576099126478577,5.911843359574809,45.94989004389915,3.7087971791848924,0.33828322205067723,-0.24386386941270422,15.863946130301255,5.149969999678433,0.23933338946872448,0.19294741524610579,0.020689655172413793,9.513805972974623,6.390635221213145,5.106233064086816,blg-0915
631,3170.668229999952,1.9508650000207126,1.0343638979944934,0.14639324930706968,1.1551716672595043,5.783045768322286,34.670452998633074,1.1167942523238679,0.14152973453115597,-0.12648724232199138,21.66862297680426,19.935790000017732,0.009584890255761116,0.03393260053751055,0.025356576862123614,2.4792564692643992,2.4392936940650913,2.2803647298232272,blg-0585
4563,3177.664439999964,0.04777499986812472,1.1368228996328742,0.1505789106435368,1.2879525995949628,0.9384894994181948,1.83854449251933,1.1329403979120147,0.13245590792339396,-0.12814370246692275,22.548119154884912,3106.789340000134,0.5639627154584665,0.1109250914018611,0.016217400832785448,0.4999993731952403,0.4662596576195525,0.327279091676776,blg-0855
4571,3177.664439999964,0.04783499985933304,1.0827572815407482,0.10037438695134766,1.881415013175416,3.841612534571187,49.23614898851342,1.7376147248089082,0.09270257308405316,-0.0125181236154428,21.395254409542275,1.2069199997931719,0.655356557487643,0.06554198115016298,0.004156639684970466,0.033318537616242955,0.01791858831648128,0.01621963824420147,blg-0854
4511,3178.6243300000206,0.04807500005699694,1.0822269225912773,0.09120796828858474,0.9994742177420596,0.7580628257369507,5.972446529623024,0.9235347852126771,0.08427804330298541,-0.04671027275884332,19.42041034654467,3018.692860000301,0.6481567375289766,0.06541402253161706,0.010640656173797385,0.05935195839059152,0.04078456591074382,0.03132866194151779,blg-0739
4488,3178.6243300000206,0.04816999984905124,1.1151940674804257,0.12629545811966117,0.9687440577974672,0.9051114344510968,2.171890085524266,0.868677548921498,0.11324975685398397,-0.07549922688844601,18.296862403847072,3134.681259999983,0.5599946180568236,0.0923761078813122,0.017602495543672013,0.25460755814720365,0.21743510454485884,0.19175926680095942,blg-0738
4563,3178.6241599996574,0.04800000018440187,1.1059776541257837,0.12766020809059178,1.3624270971305934,1.7862525500540531,9.603535341640852,1.2318757795235578,0.11542747401820304,-0.587144071831706,87.56987897822609,3022.7356400000863,0.5707978870754394,0.08693660916106451,0.0133683979837826,0.12710468258537708,0.08460571250053874,0.08115158605699671,blg-1359
216,978.6399199999869,2.2574700000695884,1.2099239247342921,0.27139216167767843,2.2515938588295517,2.7757202423094207,13.10793779737708,1.8609383566943138,0.22430514339504995,-0.221070296217589,2.967705990673177,17.021019999869168,0.327786709454982,0.17503606489690407,0.013888888888888888,8.792787574178716,3.5071289716836023,2.3599640399357735,blg-0191
4573,3178.6241599996574,0.04800000018440187,1.0487948872735147,0.05974127850220705,0.8804891018093751,2.7588815818621413,19.70394458134166,0.8395245858826417,0.05696183177236336,0.0,0.0,45.87698999978602,0.5112499762837351,0.03927685611852373,0.013995189153728407,0.030474349264532533,0.024704872955157775,0.022813773457148728,blg-1358
217,978.6399199999869,2.4682000000029802,1.1915644553536098,0.6254271941103726,5.85061244211413,5.82753970293794,37.43367578109959,4.910025946752195,0.5248790244217045,-0.14187903446002914,3.317920655979598,10.949959999881685,0.08642065362875558,0.17880599905126882,0.027649769585253458,21.278033857295274,18.842698569424044,16.104519600832433,blg-0190
4564,3178.6241599996574,0.04799000034108758,1.086365425421964,0.0899123501260051,1.1722403773260885,0.6088598307110396,5.630231656743925,1.079047932771139,0.08276436933128448,0.0034477186773693713,14.607091199587869,2633.8490699999966,0.861934338738774,0.06695545446479863,0.007230499561787906,0.015234442649182955,0.011937397077184464,0.009982184243708378,blg-0365
1503,3176.6462799999863,0.7909649999346584,1.0289000177956704,0.03594544085831284,0.5579886299784893,3.9898255664580873,46.613045432936055,0.542315691422355,0.034935795400183677,-0.02618506562325318,12.03814193989239,23.93620999995619,0.6098074660830544,0.02300636599732009,0.005988023952095809,0.028491063036953482,0.027710150314422973,0.022268598450780847,blg-0103
1502,3176.6462799999863,0.7913200003094971,1.188493910527841,0.2428681949791688,4.601597711040418,5.753405732451293,78.87534823847129,3.8717890193302202,0.20434954759491303,0.03919333851742368,12.829610328430096,5.988020000047982,0.5694909091577645,0.14993999388535667,0.005326231691078562,0.9532382291668844,0.8672511439376233,0.7398993704714035,blg-0102
3270,3178.6241599996574,0.05566000007092953,1.0809426732319638,0.0897399009486675,0.76251665933215,0.6677936564163436,2.1571076981761355,0.7054182161187899,0.08302003643740828,-0.09774935623016745,13.73708422734707,3144.7298200000077,0.6693323410098351,0.06576826221985475,0.014984709480122324,0.11676091244142672,0.0664086144318956,0.04238877687753216,blg-0364
355,3123.7611099998467,1.9370699999853969,1.0596344419859136,0.10023879436337683,0.383853756273028,1.8163717035524332,1.9397485137657036,0.3622511098555059,0.09459752292454661,-0.15901895712069858,27.96340188485409,103.87949999980628,0.013135293501416935,0.05661880323484559,0.05352112676056338,3.073488894306474,2.0866442617535776,1.049436580197382,blg-0457
326,3161.679059999995,1.9079599999822676,1.4980777008776602,1.351334071616416,11.392924410150552,5.618789945957495,34.182654054070284,7.605028983093221,0.9020453757533891,-0.40747603572050894,21.01251624070874,12.278669999912381,0.13637893981519725,0.460249648700357,0.02147239263803681,183.7454017587521,153.2428946731939,102.55429771759091,blg-0631
88,3129.64964999957,1.9978499999269843,1.6205718657326955,0.7137353783552399,2.712725547802316,1.1114641426070289,0.0878645995976095,1.6739310291781007,0.4404219208312157,-0.03220284010049257,20.16572814538171,33.93108999961987,0.08528869274206527,0.533773151868588,0.011363636363636364,62.20141654798738,14.899239671483226,4.19678776214196,blg-0630
321,3031.9940900001675,1.9931099996902049,1.1715401275595358,0.30101764988551644,2.3795363251592634,4.067333647656919,20.104159885453715,2.031118054662757,0.2569418155084074,-0.09658537601120054,14.978133996170735,24.022319999989122,0.13743922363557826,0.14793184978692575,0.028037383177570093,7.334254406622892,5.804082791549712,5.760989918030574,blg-0456
4326,3176.6693200003356,0.04853999987244606,1.3574786094132958,0.47749705578952895,6.724230838129498,4.463396903033038,39.31936519191169,4.953470899626928,0.35175291084577365,-0.8708222992378396,48.68880370633755,6.046560000162572,0.4104794560994921,0.2899731617173423,0.012713823393435044,1.432838667902431,1.3696555033972713,1.2809003345118664,blg-1251
214,978.6546200001612,2.101219999603927,1.0636031823130745,0.11944175584941757,0.5840654759802946,2.491249867808212,5.286259365576965,0.5491385134996599,0.1122991701347391,-0.17160849484348506,11.084305613964771,45.01679000025615,0.028935105204877316,0.059331599255710445,0.06542056074766354,2.0986018000567186,1.5018387147170118,1.0338126057120822,blg-1037
2783,3177.6644200002775,0.055775000248104334,1.0567632174944757,0.06746815602890666,1.472928039613357,3.829325273572944,54.09497058211344,1.3938108379353662,0.06384415569499872,-0.026797102561000097,13.336336927518255,11.042679999954998,0.7249039889065576,0.045356201471026904,0.0064678404599353215,0.007569870013305631,0.006461575892314698,0.0061317109899973405,blg-0099
216,978.6400200002827,2.751489999704063,1.168442298824582,0.32341554920397225,1.9614073558290437,3.028732981254798,9.549087890407785,1.6786514327799043,0.2767920561943008,-0.29531341759714946,8.174231269280533,20.78923000022769,0.08216288949541271,0.1587186846812923,0.046296296296296294,14.113397989302781,11.244234065359553,10.420324746331344,blg-1036
302,3144.676860000007,1.9961600000970066,1.0145135175376925,0.01955000051716266,0.1468169213457743,1.6689847479145201,5.574462693959466,0.14471657337296526,0.019270320194361642,-0.011170422832501359,33.93765525983902,3069.7805699999444,0.39136721335870206,0.012266667790350502,0.029801324503311258,0.02936289045950197,0.01821045989590806,0.01634793717242053,blg-1250
2742,3177.6644200002775,0.055730000138282776,1.169993494350052,0.6190908937325033,25.772013977555282,29.63761250101775,1089.343135615132,22.027484666995655,0.5291404537125333,-0.4379711918898308,12.655993854035382,2.994859999977052,0.3409062708293295,0.14386120212075415,0.0036469730123997084,0.4683284126988092,0.46119647095888416,0.4455891532770987,blg-0098
600,3170.6390399998054,1.9482899997383356,1.055228203132615,0.0635637880534784,0.5260380970415461,1.727118130922204,6.270691952711969,0.49850647518219526,0.06023700585561398,-0.06279273434419164,20.17288314877142,2141.827990000136,0.4870591545189321,0.042813100653930646,0.018333333333333333,0.4417542371551756,0.4410007878899843,0.3598938993412355,blg-0822
757,3165.6495400001295,1.0771549998316914,1.257067589109221,0.8286727947750889,17.59707041855139,15.715191908081493,287.059697122514,13.998507662611756,0.6592110045333285,-0.5862289758366928,19.982133119678448,1.002729999832809,0.3564549563297477,0.21039644995276086,0.0066050198150594455,14.786819985163307,11.502497245689613,11.098499820462266,blg-0823
4430,3178.6243300000206,0.04823000030592084,1.1858287613159253,0.1993104116545924,1.6977247526548882,0.8192072637864594,2.123134784994745,1.4316778220610276,0.16807688974641405,-0.10628060222009728,17.097871292079773,3083.8660600003786,0.6943971403096355,0.14785430763869398,0.014672686230248307,0.6402065362807579,0.34442976866529046,0.2598993504510805,blg-0528
3810,3153.696590000298,0.05121999979019165,1.293329419202932,0.3294036382287149,2.667552867443756,1.535978204070284,4.167398429766363,2.062547103012839,0.2546943035478003,-0.13575906844238173,19.493751922243234,3118.601439999882,0.5870275586239024,0.2357202512109989,0.01942257217847769,0.6410071915735112,0.6255992851743833,0.4920164258596777,blg-0529
1265,3145.657099999953,0.07141000009141862,1.0430716921892784,0.07439260052690948,0.6854424897664859,3.92251284087955,19.207086330156383,0.6571384194661086,0.07132069671794242,-0.03733363601458084,16.03713807621911,18.882909999694675,0.12678488458540565,0.036688646275121514,0.02766798418972332,0.07055851274805743,0.05266004047276389,0.04769686436968364,blg-0380
4571,3178.6241599996574,0.04803499998524785,1.0668473741573077,0.08570436780955289,1.2631618535114366,3.8227695265387798,33.4733682147279,1.1840136389416147,0.08033423438278375,-0.020415378432972586,35.560371711250696,6.863180000334978,0.47953928835240917,0.05325554220427308,0.01050098446729381,0.031614266617806155,0.02780417746186912,0.027802403068723308,blg-1148
4392,3178.6243300000206,0.048580000177025795,1.1571519903881395,0.37615155665058203,3.691234402198048,5.921511895924129,39.7068364527136,3.1899304507617927,0.32506667795104777,-0.3331715622322402,16.776198831954087,12.194790000095963,0.05368311715743116,0.1374846267988469,0.02117486338797814,2.918462577322165,2.373355991660441,2.2368726759354756,blg-0381
4486,3178.6241599996574,0.04804999986663461,1.1662276392950734,0.188361457132142,1.943479966772498,1.745059063735579,9.05068885090059,1.6664670640824157,0.16151345515260004,-0.07251169798523627,34.7533874087359,2910.2515999996103,0.6591480744803899,0.13153966713497592,0.012037449843958983,0.13914105265397483,0.1253972950839656,0.12326063625194936,blg-1149
586,3170.6137999999337,1.9492700002156198,1.122057611351689,0.35272082557540324,5.358985663790437,10.242521834187086,123.05089951914765,4.776034280070863,0.3143517934047785,-0.08185543305190612,13.302117358527886,7.974890000186861,0.14737108585235606,0.10517499174884201,0.011945392491467578,4.268999825365492,4.062583247900738,4.034911038103347,blg-0174
569,3170.636880000122,1.9939449997618794,1.0498311025873177,0.27578458345991,4.267606011618489,11.428267812684975,144.2898727290034,4.065040519804121,0.2626942373428395,-0.10677145582987846,14.718042243835495,4.005149999633431,0.10419884924586242,0.04477784605590644,0.01054481546572935,2.5376471329869648,2.461380209731544,2.3476929311225927,blg-0312
2804,3178.625650000293,0.05561999976634979,1.0438326464714596,0.06085519067150536,1.5713386258747835,7.944057692888184,146.37133677053924,1.5053549207652588,0.05829975743163508,-0.010324566441989314,14.30314900627446,9.975639999844134,0.47004571689735103,0.03511827502749139,0.0046362339514978606,0.006561278439320447,0.00651352273619742,0.00625224506072994,blg-0313
366,3033.9532099999487,1.9549199999310076,1.0280500868157372,0.03926512261858699,0.5193017833816963,5.706137659526823,55.161516980204944,0.5051327605436464,0.03819378329928282,-0.008558329507630136,7.498730002707388,8.995179999619722,0.318664243476347,0.0209016105302196,0.01092896174863388,0.17132270462769503,0.0944964220263883,0.05160249504428253,blg-0175
2180,3178.6241599996574,0.07121000019833446,1.2566019732987286,0.29451105680702044,3.4283274612258845,2.6700041673384662,16.37564184417856,2.728252467202161,0.2343709947312785,-0.06821665413266609,18.774075838756456,8.097130000125617,0.5503394528803109,0.19986494708922298,0.011926605504587157,0.31904710487355176,0.30479356509197764,0.2954555923253026,blg-0646
1703,3175.6225900002755,0.15259999968111515,1.021995738582021,0.03840142062478238,0.39438294372305605,5.343940073000266,36.758764273835,0.3858948965983928,0.03757493187037504,-0.07307498476758312,17.070562837031865,62.02977000037208,0.14767917195090477,0.017932738349835203,0.019377568995889608,0.025426199938012338,0.023940203191421847,0.021983607977184006,blg-0420
228,985.6759799998254,2.032839999999851,1.339638289855924,0.8080709491508564,7.903625712331295,6.778138944415664,53.69996900165626,5.899820655457012,0.6032008410313165,-0.2733757800152665,3.792610981832845,4.874710000120103,0.2192744845929013,0.30015229194422466,0.017543859649122806,29.38565963661885,24.229777269484998,21.775376733843455,blg-0421
4369,3178.6241599996574,0.04852000018581748,1.1115090638133058,0.12918183499885194,1.2889107679307925,1.7085793276179868,7.9083385868995055,1.1596043597816674,0.11622202467107337,0.04783152433270299,17.94313057389077,3052.0173299997114,0.5317856396562316,0.08977998533275215,0.013275349050125887,0.18517804922160858,0.14754672415075865,0.11391576976509268,blg-0647
4585,3177.664439999964,0.04777499986812472,1.0234699495066577,0.025809866493889243,0.31816617185281715,1.1874131715035467,6.788652153546437,0.3108700640380129,0.025218001030856196,-0.012783318267946875,13.468093619032787,2848.3448400003836,0.5081088093239606,0.018698648017367068,0.013304252998909487,0.010193210959237385,0.0042162792871469216,0.003446128995657045,blg-0288
772,3171.6341200000606,1.0593500002287328,1.3094118316882186,0.5821552073668975,6.306984735358751,6.455829355036619,51.66258792950024,4.81665472585553,0.4445928995237492,-1.0040604908223807,26.65988130457866,14.79242999991402,0.16126241011854298,0.25080776239865976,0.01683937823834197,17.871682998556643,15.171117160082835,12.830601300939763,blg-1040
4537,3178.6241599996574,0.04807500005699694,1.010011014595696,0.015838602633122926,0.09606244443931866,2.4305245576101537,5.548700520615162,0.0951102929572201,0.0156816136135376,-0.057066268802562714,57.97096685109398,154.62826999975368,0.07374510411150301,0.008646326705446015,0.049371831606788624,0.01283189142219103,0.011445412623694246,0.00886378849717738,blg-1226
4572,3177.664439999964,0.047799999825656414,1.0830744799003353,0.10209939484989301,1.6932139795238856,2.0657739178343646,13.136804834957289,1.5633402829750846,0.09426811895393106,0.02735615969969496,21.758063187296486,82.0230000000447,0.5279099418346883,0.06872100171883161,0.016185476815398076,0.10644212354704191,0.06945577084129499,0.06942246018762038,blg-0289
4584,3178.6271700002253,0.04801000002771616,1.0625196925795037,0.06673828334294075,0.7932760416885597,0.7956149697294173,5.239210985639939,0.7465989004841087,0.06281133722124746,0.0009139063843583983,36.84489950254502,3040.6922699999996,0.8305337203557482,0.04983637469159651,0.007853403141361256,0.011001885095623304,0.006175245033839522,0.005785169066115389,blg-1227
775,3176.6112999999896,1.095109999878332,1.0374299558022837,0.2140295966662793,4.341230387575207,13.885464337282707,233.67091897664747,4.18460091830678,0.2063075134915369,-0.14594590717038303,28.97802286088606,1.8035400002263486,0.18384358094917005,0.03401726868246526,0.011612903225806452,1.0386099976837682,1.030764830023267,1.0191366652961154,blg-1041
2700,3178.625650000293,0.0559600000269711,1.21946932553212,0.2934831666400218,3.879309571053114,3.5617003481014864,24.12939200126995,3.181145649193682,0.24066465477129795,0.0,0.0,43.911489999853075,0.4027463802368189,0.17699486332867115,0.021111111111111112,0.4348118799174057,0.4313579544311241,0.42147199203144625,blg-1367
223,972.6846400001086,2.074860000051558,1.3744380007114496,1.164335960065704,11.911428164095867,7.198604483957817,57.83916401811437,8.666398972719156,0.8471360301386087,-1.0785406042106587,9.02826288823789,1.9970500003546476,0.1460125439384207,0.33415980800284883,0.02242152466367713,52.26577948625303,49.55689792940053,42.79810008085055,blg-1101
219,972.681559999939,2.1410749999340624,1.0247293396709738,0.04833949433060858,0.30363305012253883,3.637309892331366,13.882239530913196,0.29630560520202837,0.04717293824572285,-0.043862035598547955,10.319087481739585,17.91256000008434,0.07285314649558122,0.02146439906803142,0.0410958904109589,0.22434654178732302,0.17836660620288364,0.1452844637788832,blg-1100
4589,3178.6271700002253,0.04800499998964369,1.061243660576712,0.07674180759825384,1.2670948340900137,3.417515661438513,36.110502358819765,1.193971628967583,0.07231308862040141,-0.3008705546844528,68.16687054272857,3.9658599998801947,0.594956636894467,0.05000771831576389,0.0084985835694051,0.020588494244464878,0.017767322903674127,0.017742001319049808,blg-1366
4479,3177.6644200002775,0.048174999887123704,1.110862078110968,0.2563189376311923,7.8466174484416635,20.14854480089639,516.2394134801528,7.063538788856244,0.23073875719988357,-0.03192789995763512,17.621371480648122,0.24287999980151653,0.24208509649083632,0.08996022165470488,0.003348961821835231,0.0929753480655221,0.0906535951056065,0.08988742445396408,blg-0561
327,3031.9803200000897,1.9918099998030812,1.0209602179040647,0.02309208430056475,0.12215768928240978,0.8714529355193373,0.9896723916105432,0.1196498021604505,0.022618005745405605,-0.026243227832208005,20.098753382654056,2879.0033700000495,0.20268501283352167,0.016350565810374435,0.0061162079510703364,0.12302965858585671,0.09272858824490281,0.03307197361894131,blg-0707
563,3168.640930000227,1.9880600001197308,1.1648025107546436,0.2257243660825313,2.289631962458665,3.668553144624988,23.165683197523574,1.9656825270049,0.1937876696354423,-0.10715799993743391,18.480845372765984,9.856630000285804,0.4075933688026885,0.13538835929371487,0.015985790408525755,3.7829336332023247,3.0025246180164156,2.586772557743803,blg-0706
240,3121.646160000004,2.0497599998489022,1.3773370226035548,0.997167459690781,10.802705185055013,7.16791545102533,59.82421658337041,7.8431821183482295,0.7239821743599341,-0.3537119848553931,19.163874009717937,0.9986100001260638,0.17912728948800088,0.3277186627018445,0.020833333333333332,35.542202267253245,33.84551451944065,31.767887062782073,blg-0560
313,3144.6541500003077,1.9918099998030812,1.0555774144523764,0.09646111643472295,0.44106992488697283,2.1838759708801385,3.7309791416527442,0.4178470613994002,0.09138232231971621,-0.10144641342386973,13.644529107333952,88.77570000011474,0.03406784955008319,0.0516196126648477,0.06070287539936102,2.2201235267624377,1.2044919147859978,0.9935651763154455,blg-0253
4564,3178.6241599996574,0.04804999986663461,1.0809552216759626,0.10460160936648752,2.126036770314,3.8010421051295165,47.32212868148757,1.9668129706146067,0.09676775346589367,-0.13517449260197423,11.888517924082924,24.029209999833256,0.35118325599808803,0.06721050713736897,0.010517090271691499,0.5726920525718444,0.13672792379943305,0.09308583822630465,blg-0035
570,3170.636880000122,1.9946000003255904,1.0670119582733724,0.12105476680007143,1.5111012149057883,6.053068143620104,51.10913551114557,1.416198936691438,0.11345211712663449,-0.11968941401041122,11.8559537662975,19.002659999765456,0.2893361726784965,0.05730648614514312,0.017543859649122806,1.0995360644728123,1.0752206627411742,1.042807599501704,blg-0034
317,3144.669780000113,1.9832050001714379,1.0221438005719694,0.04430668012826525,0.30774098831141383,3.0367186384756386,9.413209411449982,0.3010740613292064,0.04334681643620402,-0.031899051656985256,13.644161341229037,39.897450000047684,0.05194564189364026,0.02070338836621553,0.050473186119873815,0.31322259248205586,0.21712429516379944,0.18620512450808302,blg-0252
341,3105.62731000036,1.970960000064224,1.0311758911797733,0.05747444942496101,0.42932777932133104,4.2612469921122385,21.025076866281548,0.41634776261754675,0.055736804321361876,0.0,0.0,54.93470000009984,0.05628066622949462,0.02672275363578812,0.026392961876832845,0.5156795505733797,0.2141573313651489,0.1715303944977616,blg-1455
776,3167.6716799996793,1.0963699999265373,1.0675682475154926,0.09262431310022713,0.9642957266692501,3.8041253727209656,22.997107103030963,0.9032637678019911,0.08676195873019667,0.0,0.0,41.01115999976173,0.3513633510312633,0.0536455042843849,0.020618556701030927,0.32224533673919925,0.3062512572671273,0.2787536990008758,blg-1454
1485,3147.6129499999806,0.06779000000096858,1.1010023214249756,0.11778472208714683,0.7448645456081492,1.3104702225800424,2.0642505070976815,0.6765331229082013,0.10697953921196843,-0.2600680089537992,32.48834003548887,3062.888609999791,0.3819417834385468,0.08269169050655717,0.02558922558922559,0.30949302352285724,0.22057107448065377,0.11506439420689747,blg-1009
4536,3178.627350000199,0.04798999987542629,1.1137765236812462,0.11503092192546857,1.1916855694933584,0.4038669882608339,3.6950959305259383,1.0699503297619386,0.10328007319858787,0.03217730633351645,27.722221386373832,3067.7754599996842,0.6044609104587376,0.08461556095872487,0.012786596119929453,0.2499004522304428,0.0684844056595003,0.04449477827347147,blg-1008
709,3168.6656200001016,1.1420299999881536,1.0286758699424976,0.0361371422264881,0.3865081171959126,2.317999722875775,15.021677852379419,0.3757336248785363,0.03512976529449505,-0.015322226541365724,15.186336809142812,23.050549999810755,0.5328564749509841,0.02378085537021701,0.012693935119887164,0.03881250760007558,0.03109784627201053,0.027036098906784316,blg-0469
1329,3171.633940000087,0.10622500022873282,1.0156798589549336,0.029564691699396014,0.25007545749874305,4.521891802209175,23.045800656934517,0.24621484105622168,0.029108277719254293,-0.029568350480724703,40.33546611253986,133.93445000005886,0.1355447784118018,0.013081784883756145,0.030097817908201655,0.00903347593785438,0.008207643004414669,0.007402764944896349,blg-0468
795,3173.637629999779,1.0837850000243634,1.01940400130602,0.039951580938875644,0.5983026678531455,8.196964322645329,89.25453107091438,0.5869141784979086,0.0391911160793759,-0.07336536877694555,37.27397271230417,8.91188000002876,0.17758022710393828,0.016196320033811575,0.012578616352201259,0.08773245887318802,0.08518300913027874,0.0648761129765016,blg-1193
2402,3174.6680899998173,0.06058000028133392,1.2702862429907131,0.3931391005626613,5.820333009773031,4.935910132787716,43.39095060685998,4.581906634091224,0.3094885893924064,-1.3639177457079696,44.42449644465046,32.08941000001505,0.30182570177768603,0.22014542466877376,0.018734388009991675,1.0943832846099935,1.04684656475272,1.0250198678392035,blg-1192
881,3169.626000000164,1.0336249999236315,1.0241594247515098,0.07219536050982353,0.957500685273274,9.519904521469257,100.57068805595141,0.9349136987695583,0.07049230623681184,-0.10953126668071822,25.415007225705214,7.149489999748766,0.07059514581503126,0.02033354429376252,0.012485811577752554,0.1665998817235722,0.16360239887068279,0.1605238967156596,blg-0963
207,972.6816699998453,2.852900000056252,1.2123093852700848,0.466940954134977,3.1258822808973283,3.709528791679361,14.611286666540778,2.578452574147483,0.3851664896409958,-0.4066439652142608,7.536811623107181,14.849690000060946,0.03488773167307798,0.1953182419299574,0.03864734299516908,33.78081114953991,24.82682431414226,16.612496849072752,blg-0795
326,2694.7469399999827,1.9983100001700222,1.033270868260684,0.05122667129710693,0.2674231578896529,2.22312887165019,4.44315605535188,0.25881224712324147,0.049577194494571784,-0.061147089882006345,18.83943596089956,73.89290999993682,0.06376715019667298,0.029262503223564943,0.05214723926380368,0.5428952386827731,0.42090831936306855,0.28332896000076324,blg-0794
303,3057.885030000005,2.0548050000797957,1.0204813078938881,0.02870571431533257,0.13406164532662823,1.6655324761490162,1.8808081780128907,0.13137099423173199,0.028129583375986363,-0.05144231451165582,31.53704691334241,137.6618900001049,0.05450466967817157,0.01803604212420976,0.036303630363036306,0.21923586234743722,0.154528937270314,0.04508940340906462,blg-0962
1489,3177.6105399997905,0.7960900000762194,1.0633624487049735,0.07346515742734196,0.6659360583736575,1.5415967791015244,6.404804375808631,0.6262550016902745,0.069087597390651,-0.10228385028458176,19.924935859684695,2656.929760000203,0.6164914080144543,0.051879301529847946,0.014775016789791807,0.5802209934902728,0.2575323752397005,0.2551539219073348,blg-0734
1573,3175.6225900002755,0.17243999987840652,1.0145900800669572,0.017241385592705043,0.22725135048151535,2.3091648556049336,18.23552276532265,0.22398341232222962,0.01699344963202549,-0.007180730512170053,16.766794244515538,23.962899999693036,0.6695276903806465,0.011737123604337398,0.008900190718372537,0.001515856076859568,0.0011051738573050868,0.0007941726794075661,blg-0552
1688,3175.6225900002755,0.1582299997098744,1.0481925117640265,0.1445644981240515,1.4101250928218634,6.397209090280613,43.897735120331326,1.3452920752084099,0.1379178873369185,-0.3296555917113839,28.714409184315446,50.94631000002846,0.02560492543536958,0.04302327264801183,0.02132701421800948,0.39378801770908667,0.39073178750571036,0.37098607961894503,blg-0553
3919,3178.6243300000206,0.04977500019595027,1.1634525621201377,0.3253089471725897,3.164715347688473,4.747505372026474,26.733605161788397,2.7201068814704428,0.2796065391645362,-0.28005515766725475,22.747346260583804,24.177430000156164,0.08217291643084951,0.14045715214952173,0.028068384792038787,2.1786066813118574,2.157997483998074,2.1354252731229457,blg-0735
1370,3173.65755000012,0.8240600000135601,1.0138295056017523,0.01539158327229226,0.15111790039250117,0.9806652906437515,5.3656595782482395,0.1490565209110193,0.015181628701307518,-0.0007782951246684267,33.90698879062355,3089.877689999994,0.5450355889610597,0.011058444349285036,0.012408759124087591,0.023664355714113836,0.013176013223089204,0.0063723422794170976,blg-1132
4573,3178.6241599996574,0.04804999986663461,1.0107778102973308,0.01497808360420105,0.2721441560959533,4.056850859097397,34.99605902490732,0.2692423108531401,0.014818373833920387,0.0,0.0,24.890129999723285,0.12305375064657922,0.009031167718083436,0.01968073474743057,0.011389647221219813,0.004101468880238585,0.003272590220922331,blg-1354
4533,3178.6241599996574,0.048070000018924475,1.2419367100476224,0.7603174961139127,16.968462729936693,13.444775966388809,222.33027251897116,13.662904442736851,0.6122030888053284,-4.816961656330947,80.68118572297986,2.1032700003124774,0.08141423143774011,0.2039179226871824,0.009927200529450696,2.535823232061411,2.4096394728847286,2.350422865685302,blg-1355
532,3171.663260000292,1.027169999666512,1.7521683844278786,1.037083216715141,6.032571591013171,1.8081235130960969,2.689441291837526,3.442917707109389,0.5918855858907165,-2.330558258031763,36.42625919198461,102.62960999971256,0.11841590216767796,0.6586254746338713,0.03571428571428571,212.50526309801796,122.82087017903895,80.76533832155243,blg-1133
653,3171.6373100001365,1.1734450000803918,1.2804112616420518,0.53903769633487,7.651705291269495,8.097246270419737,88.93744618487455,5.975974642472989,0.4209879343248721,-2.016008463584468,131.29233562150824,14.967050000093877,0.2230392451180303,0.23328264356428485,0.013782542113323124,8.458156995906236,8.208249547784137,8.086149005206128,blg-1466
4423,3177.664439999964,0.048180000158026814,1.0294379814429286,0.038187368527251304,0.8229999908586141,7.294704503293719,114.85179491003076,0.7994653371059706,0.0370953557617641,-0.002091279706342597,22.211717821322623,1.0234400001354516,0.49519794007780893,0.02273822454638005,0.003391363328057879,0.0036004612121202863,0.003594402241962782,0.0029271934357543777,blg-0858
312,3031.976369999815,2.0087100001983345,1.213820341191323,0.42844670915299293,5.176190722991375,6.9967076498512215,61.36264069218153,4.264379582951564,0.35297374008640336,-1.8131194734440967,125.46846037910998,13.000920000020415,0.21590128837114733,0.1659636621824047,0.016025641025641024,5.4891936510928865,4.85503144049385,4.534056809649567,blg-1467
916,3176.622359999921,1.0223000003024936,1.114434291085835,0.1452829626586087,1.6524976021699989,3.244239134098315,22.637850421557673,1.4828129397667578,0.13036476220900067,-0.0571148613079846,22.078350760122213,13.070309999864548,0.5432336309412135,0.09191364372669074,0.012008733624454149,0.5898094204670419,0.5177622337421,0.49019228653228275,blg-0859
3752,3143.7300100000575,0.050460000056773424,1.3576385718808686,0.400899545435759,15.150210506520938,12.585808831349503,440.87944926384023,11.159236860764432,0.2952918035670097,0.263282029752121,14.816766990787803,0.0,0.5700352121964537,0.260355326855079,0.0013326226012793177,4.622914877169346,0.4883846231514266,0.4272964164608855,blg-0006
2226,3178.625650000293,0.06013000011444092,1.06280182099549,0.39684868491654124,6.736336400108124,11.769626244944366,160.83371095046678,6.338280762838384,0.37339857096861295,-1.242812006832172,34.32793104272107,17.194829999934882,0.018009060473664917,0.06039693941611744,0.012129380053908356,0.7143325374594135,0.7088738906438928,0.7068871723497072,blg-0260
1404,3176.6294700000435,0.8210400003008544,1.1228835471616563,0.1588682320478568,2.6318482758905315,4.539979915739445,51.99627009206566,2.3438300962774155,0.14148237458337393,-0.04631746975425588,13.461414589035806,11.038240000139922,0.60053203999229,0.09996824063420721,0.004273504273504274,0.46380008590625366,0.32985396327876504,0.3242038568005669,blg-0261
4577,3177.6644200002775,0.047915000235661864,1.0799812633277834,0.19270031519236833,2.498287662407562,4.3061251585555125,21.381562443139654,2.313269428005453,0.17842931164777906,-0.306697045953797,13.79740763696947,15.933870000299066,0.018280674351364632,0.07292107777872066,0.03954555385623771,1.4188875723898189,1.1633524501855355,0.9361956337252978,blg-0007
209,978.6868799999356,2.4687950001098216,1.4725263149812513,0.7464012834579621,4.397283240424653,2.7196541969215406,8.136198297861041,2.9862170650705626,0.5068848487088783,-0.6031115934362072,3.2425582894292253,43.95512000005692,0.14518888986442915,0.418839032477566,0.0430622009569378,77.41326423741144,44.197526526768925,23.83433340128492,blg-0094
184,978.6868799999356,2.987459999974817,1.3135015428406094,0.931124176770884,9.457485037726954,7.08266443678325,56.640441043869245,7.2002084940622835,0.7088870011285582,-0.13246569723171353,3.455648448788502,4.909500000067055,0.2114324555297733,0.2759504440473827,0.016304347826086956,36.00157721395389,33.59944208637871,33.51519157096462,blg-0095
4548,3178.627350000199,0.04808000009506941,1.0167445367437158,0.023934844908131227,0.20913344338905893,3.087127340841827,13.684554580787452,0.20568926979627444,0.02354066710737356,-0.02412677151387821,25.092573824363576,2551.9474599999376,0.20700770551710682,0.01358918038461974,0.028144239226033423,0.010635031103650109,0.009323010799386286,0.0093217411708122,blg-0950
1522,3176.6691200002097,0.7914999998174608,1.0240080793498367,0.04978342421592423,1.313198608855187,15.410559144506495,329.5779216642975,1.2824103857313893,0.04861624115443534,-0.04676927446845136,24.264114800227404,3.049970000050962,0.3448793866388546,0.019709571958099244,0.005913272010512484,0.06179210784615625,0.049602632956735684,0.044563026190232516,blg-0951
4519,3178.6241599996574,0.04810000001452863,1.218868670699446,0.2648517932849697,2.4450475288386766,1.9977662370495923,6.878376145173698,2.0059975020734715,0.21729313213051377,-0.25431205689882574,14.690554950326293,2292.610659999773,0.39849797238395196,0.17559772494113157,0.026111971675149368,1.3796702660251023,1.0705248352825976,0.9039773909819631,blg-0368
4589,3178.6271700002253,0.04802500014193356,1.1084347697064352,0.11700758619817356,1.136022837101176,0.9446639206572618,3.845382700154288,1.0248892022334841,0.10556109239838413,0.025844348738927936,14.83422698290237,3169.6440900000744,0.7317684606668184,0.08564082967381062,0.013292656352146437,0.07051265130076277,0.05928694943435713,0.04098270082149652,blg-0369
199,970.6510200002231,2.0897099999710917,3.013717789789363,4.390758364476693,23.871388694943764,3.3745180632698193,11.379083622632223,7.920910410593919,1.456924190043134,-2.731036621114394,4.521438620120114,14.846090000122786,0.017309669521833188,1.9459732971809371,0.05025125628140704,2539.5325133084334,1560.5302970803784,1011.9234130890105,blg-0229
222,972.6794000002556,2.115840000100434,1.058145091562421,0.12131378886740433,0.9969416183217603,5.780089478895959,36.465799250555776,0.9421596497963373,0.11464759293245938,-0.13700457008247935,13.510642206282101,5.084449999965727,0.19255661713630717,0.04632381143645983,0.02252252252252252,0.5479412802388476,0.5114858275803398,0.4668058270542852,blg-1287
219,979.6352300001308,2.104465000098571,1.0561767138389269,0.08380936315372381,0.4753487019010052,2.2186783287080405,5.2305226370788045,0.45006549677902075,0.07935164756244452,-0.03838475175476219,3.479376609729033,61.958430000115186,0.1852566733586624,0.04961423159985456,0.045662100456621,0.6972738343511552,0.48047533264722486,0.37746722428232393,blg-0228
216,972.6794000002556,2.7604399998672307,1.0558290984422964,0.1275701876152109,1.0105539481396435,5.142194372746666,29.71645368080349,0.9571188557498201,0.12082465485671248,-0.285047671796099,16.69462544296932,14.809849999845028,0.13650363605160296,0.04966774145426216,0.027777777777777776,1.3355261535602583,1.1038517809635402,1.0278914388502152,blg-1286
349,3146.6743000000715,2.1393000001553446,1.3299946485219347,0.44321896824543855,2.8512796487744487,2.384123830968038,7.283510893023648,2.1438278947249056,0.33324868292178095,-0.2399898619413614,18.10242283385482,48.86214999994263,0.3343432063635506,0.2815438596614279,0.03151862464183381,23.84356428765994,15.44453972265239,14.291174262768955,blg-0481
306,3144.6826199996285,1.995309999678284,1.0115482559277955,0.0171952679376927,0.10415605991244892,2.409904497365066,6.4000370194839,0.10296696996155356,0.016998959433657024,-0.012921117368990043,21.35691247953476,41.86092000035569,0.1362369471627765,0.009988043506487734,0.0457516339869281,0.040094682119762304,0.03462199508207992,0.02693607786712105,blg-0811
753,3166.697150000371,1.1320350000169128,1.0387272142214992,0.058057769734127206,0.3823026705750564,2.7260575400308675,8.700984350014988,0.3680491486699822,0.05589318194450915,-0.09778624900073019,18.229080878083955,100.81036000000313,0.17424649135813483,0.03251717448181257,0.04249667994687915,0.4578735861383495,0.45634636523397093,0.33803655291742857,blg-0480
310,3160.6823799996637,1.9567700000479817,1.0526270585774087,0.059715996696538966,0.29246088720654995,1.3322284530055606,1.3683865931970711,0.27783903334521065,0.05673043994322054,-0.06541180370261657,23.69754677979203,3071.820979999844,0.19620118505599107,0.04266450389443404,0.025806451612903226,0.8269647077556103,0.48679708647519193,0.1602282635526002,blg-0810
219,978.6788300001062,2.161369999870658,1.146419257937648,0.3252537224637938,4.619955781819518,10.038511847868287,126.51804562612602,4.029900675108673,0.28371271450183255,0.03879197659253242,5.72055978139314,0.0,0.9230442015904406,0.12916033558258874,0.0045662100456621,3.165943432156101,1.483006042595916,1.4252651546166948,blg-0321
564,3167.652809999883,1.990460000000894,1.115633342905739,0.21618046210745717,0.9192303142890667,2.036752692320228,2.721694888142448,0.8239537764758216,0.19377375330739371,-0.4871806447346172,21.009327264807432,172.89514999976382,0.017014844108790235,0.1101715114255326,0.0549645390070922,20.15072879275153,14.489590768704721,9.035922079748277,blg-0147
560,3167.652809999883,1.9899100000038743,1.068658544090165,0.09999948311270995,0.9169061584490668,3.8504652883641137,21.090255602198166,0.8579973041339689,0.09357477440289388,-0.07159109035239486,13.613524979715795,27.940119999926537,0.28906103666127114,0.05506494059822971,0.02142857142857143,0.9982434102611216,0.6377966191126885,0.5671494747241734,blg-0146
221,968.6541999997571,2.747715000063181,1.0404051879099332,0.05352465360347436,0.35490518983158637,2.052023173112249,5.738260393207357,0.34112208449607356,0.05144596904263827,-0.018703842272008275,3.755403973972021,33.03352000005543,0.29176197884872357,0.03468097338400485,0.04072398190045249,0.32760831403266183,0.22019583869389495,0.16465056993958857,blg-0320
190,3118.737470000051,2.0506299999542534,1.4927393144950825,0.9486204760563878,5.961411492431307,3.3800214233257004,11.836301094962371,3.993605175805058,0.6354897070707625,-0.9394361988313591,22.632427828074373,11.10478000016883,0.0758586505330085,0.44033922319535884,0.04736842105263158,70.21008822425581,57.416618004750894,49.83657077109706,blg-0919
1406,3176.6294700000435,0.8158999998122454,1.0427253458765355,0.04637205339305112,0.34544131587434923,1.1985616353932034,3.2121111463447622,0.3312869625041049,0.04447197253975843,-0.06910465458757908,15.403196759791635,3130.724500000011,0.561957415633043,0.03343950704087754,0.01849217638691323,0.246576438545931,0.15841193882096988,0.10201514763825044,blg-0589
305,3123.7611099998467,1.9370699999853969,1.0285997492368177,0.03944053811042912,0.1888611564423588,1.8478933809322677,2.773765656367516,0.18360995590985424,0.03834391147407279,-0.05787956780957515,25.06208715670475,79.02945999987423,0.05649657381535409,0.02430468007608452,0.05245901639344262,0.3314399739146791,0.25396108971579573,0.1724936199241641,blg-0918
616,3170.6682200003415,1.9511300004087389,1.2759318427989252,0.7265394721867197,8.878533326132107,7.790318009276011,71.6476683528321,6.958469848257076,0.5694187119734955,-0.44455425634689427,17.800333850928936,8.076120000332594,0.07745607266267812,0.2351156499345583,0.01948051948051948,38.65035368377155,36.60316344621631,34.6034981480839,blg-0588
458,3147.7034999998286,2.003779999911785,1.3363063971663678,0.49496469641538954,4.136243816286389,4.335138164257661,24.265457036177075,3.0952809880312384,0.3703976077350105,-1.0039998159614485,40.43741202393847,17.114659999962896,0.25019775610167705,0.2594980008976122,0.024017467248908297,20.4818789139749,17.413293895986715,11.787942280613684,blg-1215
4510,3171.6354600000195,0.048190000001341105,1.246536330126943,0.30492200496518523,2.998077392834508,2.6640308251669316,12.910656579458257,2.4051263459589105,0.24461541565176756,-0.4926500521278052,36.33694211832848,28.87798000033945,0.38708541708920974,0.1934627281139996,0.021729490022172948,1.574872736815812,1.0605705325208323,0.9632054057961926,blg-1073
4520,3178.6241599996574,0.04820000007748604,1.0117497713139054,0.02476244257188349,0.19169228392195004,4.383333680457006,20.847964736378895,0.1894660986958747,0.024474868222581506,-0.044637753229643806,35.14342140555023,30.250419999938458,0.05264917055424294,0.010200076199443521,0.02920353982300885,0.016429917236767018,0.014306716642765527,0.014185038461466133,blg-1072
489,3155.690500000026,2.0010000001639128,1.2483840410075095,0.3329859603734789,3.8572867159509467,4.257148362239315,32.96047996618325,3.089823770848338,0.2667335906003784,-0.47431691355542327,35.69967441120248,5.20661999983713,0.45225000420023626,0.19829950733977061,0.014314928425357873,3.9634752748899817,3.695156833472751,3.5890992868676563,blg-1214
1530,3176.6691200002097,0.7914999998174608,1.0549240452986781,0.15511144717001404,2.106573354101284,9.011696475293942,92.42569732249105,1.9968957419450017,0.14703565284241976,-0.19259335117067988,26.92611336078659,19.717810000292957,0.06374922861938011,0.04674301879441169,0.011111111111111112,1.0985579570510564,1.0614190557994512,1.0536983594421643,blg-0883
211,979.630029999651,2.4712050000671297,1.825431763317322,1.2470984234159848,4.762817918553315,1.7656549098451624,2.0891054124754946,2.6091459501101695,0.6831799696077695,-1.4125325379910005,5.721926421622487,53.0151200001128,0.013087050523856293,0.7689475630209144,0.05687203791469194,455.14714535401924,219.1045283733722,72.24590835644607,blg-0413
239,2694.7598600001074,3.000585000263527,1.170965306632438,0.5160062844574828,3.193727346680212,3.9726730609860024,16.045317421472994,2.727431206814055,0.44066743662524327,-0.3544512473322252,19.593648656939287,22.87062000017613,0.016050931797848386,0.16804775416467893,0.04184100418410042,35.67175464306917,33.44305201066504,27.208762533031322,blg-0675
300,2695.7828599996865,2.0006699999794364,2.104009230670043,3.569154976985269,46.84298586555852,8.552094962913774,93.57827202773564,22.263678771030918,1.696358983598682,-3.6504493885708014,26.027857776995365,4.923809999600053,0.4523922154798511,1.067439089256891,0.013333333333333334,1031.3209319818027,723.3100727240671,434.36602798857575,blg-0674
4232,3178.627350000199,0.0488900002092123,1.4145384669264391,1.128622025857438,18.218842052457305,10.194001682206558,125.68468528452289,12.879707657047174,0.797872977135093,-1.0446136466826508,24.26678381119638,2.131260000169277,0.05916781719206754,0.3495335423478941,0.011814744801512287,13.550049564144981,10.863625709215702,9.955705540421677,blg-0882
212,979.630029999651,2.768869999796152,1.0255086173186552,0.03999720390218482,0.32088291485900255,2.3112740082475867,7.620826629434145,0.3129012338960021,0.039002308548845135,-0.003630093399769496,4.249766939992442,73.00239000003785,0.17846876869269404,0.021664207965691146,0.04245283018867924,0.18412238121107885,0.17135674606899376,0.1556674733519076,blg-0412
585,3166.7080299998634,1.9838449999224395,1.0893790616880934,0.3098747444993956,2.985792757810734,6.8713215356082475,50.17597378918957,2.7408207440445618,0.28445079637817544,-0.3722701910617656,34.5859311434244,15.811509999912232,0.03145526147685795,0.08113944586536537,0.018803418803418803,8.503187029743597,7.277586514185849,7.164918324720998,blg-1096
4567,3178.6271700002253,0.04812499997206032,1.0587751249998658,0.11392963811144691,0.43248935010189704,1.849383207383523,1.6609300864705512,0.4084808339420928,0.10760513195416263,-0.27314358570717046,16.990577185063863,185.60725000035018,0.002017349513889371,0.05686879927817409,0.03985110575870374,1.1743892570780763,0.8048638825035088,0.4478057731345985,blg-0038
221,973.6272800001316,2.120534999994561,1.0875441469276612,0.11897520940868973,0.785184177046951,2.2286441195174667,6.5009491575496146,0.7219791233719792,0.10939804940407902,-0.1160148612333316,9.58514995847941,834.6193300001323,0.255530427558843,0.07335807545042038,0.04524886877828054,0.9793005639735628,0.9049963653928497,0.7193603012991411,blg-1097
4334,3178.6271700002253,0.04886999959126115,1.115004088609017,0.14310309523320686,4.263257127407723,8.603660711212848,209.491796633819,3.823534938325514,0.12834311139459484,0.07545370273669438,12.09988529715413,3.9790700003504753,0.5376414161153918,0.08998352098584012,0.0025380710659898475,0.35248049531910675,0.06720441129868232,0.0456615400218229,blg-0039
224,979.6451000003144,2.092350000049919,1.0519926623464995,0.15174365416632854,1.187138533461996,5.524596768918956,31.43843393544804,1.1284665422754798,0.14424402199290992,-0.6599293405689,39.92358301254131,23.085369999986142,0.07400238506842081,0.045142645442303966,0.03125,0.808086877373958,0.78830475488332,0.7768833231555594,blg-1458
619,3160.6621099999174,1.203199999872595,2.2447749408756636,3.846708396320236,31.881916114018182,5.2618181782028275,30.754755499531342,14.202722683439324,1.7136276377369923,-6.494346360608195,31.938327561720058,23.08595999982208,0.01370794467897644,1.1803149007244962,0.030694668820678513,1473.174963695205,1369.1089291134147,1218.8687835325723,blg-0690
4566,3178.6271700002253,0.04803000018000603,1.1548088515862518,0.40563949673279165,8.306865460020312,12.845715146612983,197.4554945308131,7.193281707771065,0.3512611569118053,-0.16986239951227877,22.446508175817918,2.103099999949336,0.09984715398892464,0.13152394193114436,0.006789312308366185,1.0051932868443985,0.7338110002509962,0.6998559108897636,blg-0866
870,3169.626000000164,1.0341300000436604,1.0514779940493795,0.07284646345828806,0.9702237799681314,4.2950823737403345,36.97286536653674,0.9227238004329835,0.06928006404104203,-0.4888826669336743,126.24045899840684,22.02919999975711,0.4496805351564632,0.042595348721828914,0.010344827586206896,0.21237813092854624,0.1608985555568542,0.13876742871788222,blg-1459
4558,3178.6271700002253,0.04805999994277954,1.1511452078282027,0.17369807597836684,3.7640394096319794,3.702404447864139,60.06933213427952,3.2698215232421926,0.15089154112638603,-0.02817389718121399,21.443386253292473,0.21022000024095178,0.7544567665745309,0.12087175544720655,0.0026327336551118913,0.07393013071185667,0.06351837580657925,0.05736120608313423,blg-0867
237,3132.6931699998677,2.0028500000480562,1.5260967637843135,1.0696902799136239,7.109822161134038,3.629976983325399,14.167173308747515,4.658827856311873,0.7009321415843617,-0.7379446219371877,20.783421059388115,18.195710000116378,0.0399403531157809,0.4693447975011426,0.03375527426160337,132.85731611658494,106.39380151162834,73.87026876462961,blg-0691
872,3169.626000000164,1.0320900003425777,1.0263787099037693,0.05516462751378332,0.9583516384930895,9.86707910007271,129.4010315962837,0.9337212667298306,0.053746854298533604,-0.02607780201400134,12.11612020217158,13.95886000012979,0.22751791680267133,0.0220725298477169,0.009174311926605505,0.06459558476926955,0.06208129165350373,0.05383795206842567,blg-0130
4567,3177.664439999964,0.04780499986372888,1.2195687345993904,0.2714799350061947,4.018566541304639,3.2601166144761144,27.075910778293775,3.295071769508718,0.2226032244663434,-0.15423998986355114,17.173062308939443,1.2299200003035367,0.466778876517586,0.17988777059713582,0.008539522662579374,1.0648338940137492,0.9762587239640911,0.5324872124272111,blg-0356
4527,3177.664439999964,0.04777499986812472,1.1585066934260997,0.18246969371914462,2.340701853646139,1.1817380698429611,10.158964708876516,2.0204473972605292,0.15750421916379032,-0.029416938652631064,14.98572964425948,1049.7859999998473,0.6763908446801186,0.1289848588124577,0.010382151535233046,0.1635664396497395,0.13364907738521234,0.11151246414150097,blg-0357
873,3169.626000000164,1.0397399999201298,1.0270518376297113,0.09812582629948124,1.0333350126941117,7.051838534848462,55.27311664491614,1.0061176707669637,0.0955412587260727,-0.10703042636332838,14.633127595419827,26.93942999979481,0.019993314872630927,0.02485514142611848,0.019473081328751432,0.6336312314522573,0.6133606066562388,0.5746978082713289,blg-0131
542,3167.652809999883,1.9969700002111495,1.069913095216716,0.12923004201546048,1.5304827596955812,6.400940245091201,54.199115999177344,1.4304738882374703,0.12078554920521731,-0.07433194040448532,20.74349358488144,6.7530399998649955,0.24010111233813233,0.05938339258229579,0.016605166051660517,0.8007020780393039,0.6936507537185012,0.5823653314944042,blg-0798
2033,3174.6680899998173,0.06575500010512769,1.289226830170814,0.2988109628536262,3.8637293931564702,1.756865887261592,11.725169526979283,2.9969352737370496,0.2317753195504646,-0.324647329601927,20.209841579029025,11.909749999642372,0.7128398442005239,0.22100062134039494,0.008362026561731432,0.278131056847367,0.2767559869435648,0.26900212951896724,blg-0799
4456,3178.6243300000206,0.048119999933987856,1.2048534216858946,0.27175820237824866,3.216529666805557,3.496582219336005,23.186083157704658,2.6696439435830954,0.22555291393243596,-0.19259848299977667,27.722201883627772,8.814920000266284,0.4471735003574872,0.1674421492300433,0.014587073608617595,0.5432462122848857,0.4966404207140455,0.4727423350767251,blg-1004
4557,3178.6241599996574,0.04804999986663461,1.0268406464230562,0.03866609006686403,0.40285406811112345,4.02253876034573,23.94176416124044,0.39232383874869525,0.037655394559030476,-0.24066335286316543,85.10468412248493,57.98738000029698,0.1732364226602207,0.021426749738715736,0.019749835418038184,0.04519589938971331,0.02657825039867706,0.016022137683227442,blg-1262
4570,3178.6241599996574,0.04804000025615096,1.0073344706710927,0.013742187054482217,0.17383201238214407,7.103448671664976,63.38476918897409,0.17256632798505625,0.013642129122123451,-0.037420146864382886,57.88715060535184,16.145909999962896,0.1149521541447159,0.005777078351510669,0.013566739606126914,0.002018529552320318,0.0016388740544799644,0.0015366474446051825,blg-1263
4056,3178.6243300000206,0.049349999986588955,1.122467916344368,0.19838915773943827,3.9248758958039422,8.52957612112068,118.17636609917055,3.4966485934136244,0.1767437207631832,-0.030149618882135076,28.763174825377366,2.075560000259429,0.32394838335327647,0.09780632853942867,0.008629191321499015,0.16017961330392305,0.1556339102459888,0.149742205386543,blg-1005
872,3169.626000000164,1.0336599997244775,1.0760795798380292,0.087670525595022,0.9776455440255525,2.188185237052756,14.093577478510792,0.9085253110066953,0.08147215728552024,-0.04011438667167799,16.53986681646184,2107.2058600001037,0.6029251839256874,0.05870335147045968,0.01261467889908257,0.23898790417320867,0.21286427931315838,0.20635378876461014,blg-0602
4562,3178.6241599996574,0.04802999971434474,1.048430890998681,0.05652085613013387,0.9853703313681114,1.6198720424307493,19.293889125986688,0.9398524313137839,0.0539099487398693,0.013056692865514918,15.661769025728043,1.18387999990955,0.6467072561809251,0.039253607210747485,0.01052170100832968,0.007922677788780998,0.007191306984210445,0.006180934487813499,blg-0464
4568,3178.6271700002253,0.04817999992519617,1.1815472771621738,0.18622319396220896,1.739725807634914,0.939397613324413,3.3654371267990504,1.472413187806784,0.15760959885869455,-0.20698676281698902,15.575372374768968,1163.7723300000653,0.330420772485138,0.14569338021448427,0.008318739054290718,3.041395121541818,0.3128487181573447,0.1682389311052253,blg-0465
609,3170.635919999797,1.9760149999056011,1.015316567901052,0.0340937947181399,0.16383500017071606,2.598760813064308,5.5108784472799535,0.16136346410240793,0.03357947211757486,-0.08124970212995253,28.35213863091566,118.8718200000003,0.010469054306434094,0.01499365630858724,0.060755336617405585,0.39776014978038443,0.3228890287446311,0.24715347556775802,blg-0603
2807,3178.625650000293,0.055629999842494726,1.0328493541038235,0.036777588157092984,0.5120132001554025,1.6690985084902776,12.94907164596879,0.4957288235343622,0.03560789156219692,-0.03820520062667976,15.66418509268879,24.907740000169724,0.6926916325069167,0.026585106951702686,0.006768792304951906,0.012019472744276243,0.007058053117130957,0.004115744100969673,blg-0525
234,2774.687170000281,2.128529999870807,1.026014582808763,0.046192981669280375,0.28659864314816497,3.365087436641907,11.807665801128154,0.2793319365600715,0.045021758942847906,-0.015562882483956209,17.92048585799188,22.74172000028193,0.10937880540155434,0.022221494070214978,0.038461538461538464,0.15695351522837309,0.14142561807716603,0.1380449454661916,blg-0743
4523,3178.627350000199,0.04803499975241721,1.0708570487095552,0.2145074713320495,3.5092817334466577,10.145132134220175,122.6497741123631,3.2770776500045167,0.20031382301438386,-0.17472153039829763,21.085992814974688,2.216380000114441,0.040653776115423576,0.06270003042476796,0.010612425381384037,0.49780252074521236,0.49439937652136556,0.45513585767544645,blg-0742
4560,3178.6271700002253,0.048100000247359276,1.1520245291890598,0.23812674928364183,4.9538098986290855,8.669388809994418,131.8789438568529,4.300090605809666,0.20670284458633623,-0.0890387895560294,16.59643659886294,2.0273400000296533,0.3437227111335693,0.12400824326266702,0.007017543859649123,0.4757873668869725,0.19430838196315373,0.18129647437772148,blg-0524
1526,3176.6691200002097,0.7912699999287724,1.1818234331045328,0.7180434875816563,20.18444017837365,20.973702200492824,511.1849409765997,17.079065655823456,0.6075725538963987,-1.1754473629560678,57.94112601358251,2.0480399997904897,0.24938836641276535,0.15958952585124067,0.002621231979030144,11.776090953838926,10.47580124852131,10.206017402393734,blg-1323
910,3176.622359999921,1.0223499997518957,1.0492975843141295,0.06103184508571586,0.46077379430098864,1.738807864280971,4.740685968712967,0.43912594177076353,0.058164476328194735,-0.0971495212310467,35.204216048933475,3057.7680999999866,0.39368624604284563,0.04090749405336921,0.02967032967032967,0.33223715342875926,0.3242541361396934,0.3208695273384081,blg-1145
325,3144.6437600003555,1.983320000115782,1.0267889858930488,0.05104226939358806,0.37370104935984993,3.7332041563033473,15.765555494831318,0.3639511631450859,0.04971057305614587,-0.12301327566498199,46.01146984862962,39.76905999984592,0.09376783649895624,0.02367112111643566,0.036923076923076927,0.24505237200734106,0.1946373874350525,0.18873695213161693,blg-1144
4453,3178.627350000199,0.04831000021658838,1.1886372192654031,0.2523298777139547,3.8278091037923336,4.355708262095395,40.257395520355026,3.2203341856943024,0.2122850197699921,-0.7101290991330764,53.96653547030655,8.03506000014022,0.40948453045782723,0.1541693551530111,0.008533572872220974,1.1021184933429495,0.41316759054703234,0.3752707691031131,blg-1322
806,3175.6324700000696,1.0663800002075732,1.032965375709137,0.06412879759624879,0.6589800137607023,5.732085372401734,40.07162055913738,0.6379497540552228,0.06208223284483437,-0.25814946687493645,87.32634657993229,19.89252999983728,0.1779489993830207,0.02804181759070049,0.017369727047146403,0.23124805055977757,0.161143810027042,0.14470716592039717,blg-1411
2776,3177.6644200002775,0.05576000036671758,1.2037300225428706,0.7648400054479103,27.57241723519598,28.3290415795644,881.370452123902,22.905814833704415,0.6353916449456625,-1.509308770859046,84.94135517037769,0.0795800001360476,0.2824721438558706,0.1652336893430108,0.001080691642651297,0.4681556528683724,0.4382438237383388,0.4265333106800011,blg-1410
1692,3175.6225900002755,0.15253999968990684,1.0216565621851845,0.028437233347069723,0.3526109279383015,4.176721465179028,32.95816072438776,0.34513645537865495,0.027834434898457463,-0.021072445065631218,13.138622022498703,55.86161999963224,0.43980242777970335,0.01705828250892427,0.011229314420803783,0.006164625132486776,0.0058879886969924146,0.005595428766746689,blg-0217
1407,3176.6294700000435,0.8216700002085418,1.0587501268681232,0.07619455858115075,1.273085702599258,4.873336197668643,57.75599353301604,1.2024420666099354,0.07196651592087724,-0.033504964252086156,13.138556253712835,10.004579999949783,0.5655726125062114,0.04740487238783038,0.007107320540156361,0.138376242290936,0.09723790406871818,0.09372639177236249,blg-0071
353,3170.6682200003415,2.0194949998985976,1.1636462081587875,1.3904410422278473,26.12604698819096,18.16549149462115,334.1879595644188,22.451881491549592,1.1949001513775488,-0.1812814926344546,11.958746534031853,0.0,0.915313576328512,0.15205407317409647,0.0028328611898017,19.135303713188065,17.54543140930703,17.09131256026468,blg-0070
348,3126.6743399999104,1.9802500000223517,1.0321421592595275,0.048206107258057386,0.5822000122801038,5.234591249735832,42.76079531653798,0.5640695919805135,0.04670491013136407,-0.02026525594109052,12.43934488889038,13.962670000270009,0.25013594092754354,0.024391374938658717,0.017241379310344827,0.21869658393485056,0.08972184734844718,0.08252744511699275,blg-0216
2793,3178.625650000293,0.05560500011779368,1.010423366526369,0.031223932201418884,1.360352850889209,31.972624735524107,1242.7576774261215,1.3463196542085425,0.03090183078380514,0.0,0.0,6.991710000205785,0.1716589591255832,0.008283619515398726,0.0021482277121374865,0.0009935266934415362,0.0009851039823134296,0.0009436349211524342,blg-1483
926,3176.622359999921,1.022330000065267,1.1349851900857888,0.5510160837184109,15.892705767207522,24.56316295584751,673.4370868063829,14.002566523339915,0.48548305623435617,0.0,0.0,0.0,0.571432740503657,0.11478714708771301,0.0032397408207343412,2.3530752135959463,2.349021274340459,2.2382847576178677,blg-1482
356,3123.7611099998467,1.9378100000321865,1.2252720287366097,0.6932130018280587,4.466163862807094,4.350421328678113,19.249245018291447,3.645038588664931,0.5657625244944279,-0.3793285536331028,17.972535032744048,18.81697000004351,0.011946011496133765,0.22053887195378064,0.042134831460674156,59.147775965956576,51.32324331423668,43.214007333089086,blg-0285
262,3160.663040000014,1.9797899997793138,1.2133675902045173,0.2980655520616678,1.9112649253937581,2.4952578350761185,7.800051176293721,1.575173859159918,0.24565148435760756,-0.10024864236348496,13.65383945731397,28.093000000342727,0.23808661835772552,0.18195467745982324,0.03816793893129771,7.9109319755039245,6.68472105345417,5.6486068798172235,blg-0284
4571,3177.664439999964,0.04780999990180135,1.018769176006811,0.019402870590043964,0.16852476993859544,0.58156946520485,1.5541336383106898,0.16541997172013875,0.01904540386237619,-0.016905365333635736,24.43795804774309,3111.7194699998945,0.5844308329620118,0.014930995677751878,0.01028221395755852,0.015066348429811315,0.0037618467794983956,0.0018652343355431112,blg-0927
4563,3177.664439999964,0.04780999990180135,1.119703790276092,0.19945392333964626,4.551127206141409,9.656449821445422,151.79802993162946,4.064581369661522,0.17813096936034845,-0.08362915746973698,25.259753741700038,33.766059999819845,0.36583420961740715,0.09746425065929339,0.00745123822046899,0.15466518729519063,0.12853253629401595,0.11516143846074092,blg-0926
835,3168.6348600001074,1.0556350001133978,1.070224770062198,0.0875325890044991,0.7445270064336321,2.140779611544026,8.170369393509903,0.6956734886949287,0.08178897614332196,-0.12655575413692444,13.75788875303876,350.13180000009015,0.3640330182324742,0.05675380423428653,0.022754491017964073,0.9068182192174181,0.8093302048707419,0.443633488771776,blg-0179
185,979.630029999651,2.9934899997897446,1.067072447461887,0.06481785766819827,0.28566357132661424,0.42978397612772473,-0.6373047930929387,0.2677077543600805,0.06074363293226824,-0.06461900240164264,4.082562018147857,482.73947999998927,0.16227301477507614,0.05162654592260707,0.0,1.6077934905720226,0.196176750619536,0.07344569201209136,blg-0178
4469,3178.6271700002253,0.04820499988272786,1.2333261021185986,0.29821852876759164,3.003196304897783,2.734225272973769,13.974836717793998,2.435038288242284,0.24180022285858688,-0.32184664433866383,32.20317398235819,1020.9783400003798,0.4574511094847751,0.19059312291263925,0.0165585142089953,1.0902181963774098,0.7054103286351118,0.6250242256241801,blg-1079
4482,3178.6271700002253,0.048220000229775906,1.0593329547846915,0.1499738227995184,4.93571406503327,11.976333318803176,266.38788642564106,4.65926599955893,0.14157382785685374,-0.3435184421898527,39.23608745434002,0.0,0.16197859303958317,0.05086506146003251,0.01740294511378849,0.24858396681480102,0.23977670167049037,0.23738412632315095,blg-1078
547,3169.6153699997813,1.9944449998438358,1.207262918310556,0.7234467647190809,5.587275958059395,5.413544085342105,30.781441960986434,4.628052288392745,0.599245406906905,-0.8500768550401343,21.180044954603172,19.061010000295937,0.011242498984533323,0.1984435088821327,0.027422303473491772,71.42276371333702,64.21139965722575,58.280734865805286,blg-0419
811,3170.6686399998143,1.0683250001166016,1.0205802374672976,0.023868945714423554,0.20466394587314496,1.5512513961791718,7.0331428559934,0.2005368479167073,0.023387622652562053,-0.004477913733184957,21.215036560852997,3049.7701700003818,0.6118271895978095,0.016683185139906808,0.018495684340320593,0.02077517963622578,0.017713689194098273,0.01686592266027435,blg-0889
200,977.7028799997643,2.0933400001376867,1.178026583269854,0.3713463444394951,1.7692007520052213,2.844102513323403,7.235861642101822,1.5018343067234523,0.3152274715706946,-0.2653620578440996,4.437709763507143,28.094000000040978,0.018563557273141056,0.16787753263893584,0.06,17.391569156226666,13.934567454933417,9.077522673504298,blg-0418
1487,3174.6495300000533,0.779575000051409,1.159834006711918,0.23144972395125873,3.760506961260923,5.625257370656392,60.63221684714245,3.2422802806920656,0.19955417811197612,-0.1732914901448872,22.04662654720822,9.940520000178367,0.4250395067449491,0.13400629055957164,0.008742434431741762,2.1575143671717325,1.435101435471513,1.378455006593722,blg-0888
1529,3176.6691200002097,0.7913849998731166,1.1099590017158376,0.14676317512354572,1.638881919019298,2.6081252632635006,12.368515828291274,1.4765247200307168,0.13222395924032446,0.0,0.0,63.042140000034124,0.41134146780685155,0.09196261278390584,0.026160889470241987,1.5398757151860856,1.410534488299654,1.4087252467827334,blg-1385
1530,3176.6691200002097,0.7894500000402331,1.035797701867807,0.03726507454685654,0.34590872942678863,-0.10882273725679636,2.5370078560743057,0.3339539424189566,0.03597717403686684,-0.014418035973978283,78.37523457661014,3135.7509699999355,0.4349204706857468,0.02731417833528235,0.013725490196078431,0.26071866128341686,0.15824166440609913,0.030605139850738247,blg-1384
1302,3175.6740399999544,0.8423199998214841,1.0634591931719937,0.15488537088810275,1.8061244170398312,7.428398292323413,64.36694500062612,1.6983485700746022,0.1456429832250491,-0.2196547877850692,19.923105688396138,26.960309999994934,0.08197985630648964,0.05396327229512011,0.016897081413210446,1.1645576120465309,1.1595964990704133,1.1297411289177055,blg-0583
1697,3175.6225900002755,0.15313999983482063,1.0242724276825987,0.09515376374677874,2.368960555970773,17.853027653806535,361.96159646397774,2.312822710850749,0.09289888143633224,-0.08621144613865628,24.67495803678317,4.873560000211,0.14358907157885736,0.019910320569557986,0.005303476723629935,0.028210979221827765,0.02698728374359827,0.02575708560426571,blg-0913
3597,3178.627350000199,0.05067500006407499,1.0268695515323127,0.08496517347364228,3.0121755488981106,18.90547860970131,507.55255795498704,2.933357518556972,0.08274193398707404,-0.015641746844524906,18.642711324722267,2.909160000272095,0.2719561074024732,0.022735959642934223,0.007506255212677231,0.05849173117165567,0.03968293505020569,0.03408572787548524,blg-0582
1704,3175.6225900002755,0.15265999967232347,1.033559780250042,0.2628756219744352,5.768581312260486,16.235524164805227,293.130625886554,5.5812748973767,0.25434002411301193,-0.28194211410858694,26.411736964657802,4.189580000005662,0.05226306478146653,0.0307379364737674,0.007629107981220657,0.2628779662330289,0.2500114218471276,0.24834790374537913,blg-0912
775,3171.63917999994,1.0973849999718368,1.0269564677515914,0.05116965685633082,0.39531274702591745,4.550947862991797,22.947778618628313,0.3849362223133461,0.04982650965731398,-0.2671086192717136,89.66426789932413,59.8310899999924,0.12090361585871386,0.02257922812959533,0.027096774193548386,0.18300061182595645,0.17892195525579127,0.1740268012701461,blg-1317
671,3167.662990000099,1.9131400000769645,1.0213832079207492,0.024768530244389242,0.24328131379620543,1.9756855642450266,9.152520062330423,0.23818808604615435,0.024249987477580694,-0.0141611932286001,35.42622748511336,1104.0956199998036,0.5141024270590432,0.016682804791264844,0.01639344262295082,0.04366652584084608,0.040128883147531894,0.036628688131548154,blg-1171
537,3166.683989999816,1.8458849999587983,1.0609486132800234,0.11670024429090198,1.1764715387256612,5.4082684720803655,36.538293466336846,1.1088864370156661,0.1099961315092828,-0.4675913039464499,54.70198433637871,40.13291999977082,0.09188231228186682,0.0500952014823877,0.0186219739292365,1.4875824386936385,1.0490181534214553,1.023075446252063,blg-1170
1487,3177.6105399997905,0.7941700001247227,1.1560049821684966,0.29918983982425107,7.144080189690558,12.996144659007328,250.36685045784776,6.179973475970296,0.2588136226496865,-0.24958778412313642,47.29412598989856,4.09029999980703,0.3720450501790471,0.13062122337505191,0.005379959650302623,2.3934444523233833,1.4799476516237118,1.4009012870139324,blg-1316
4527,3177.664439999964,0.047925000078976154,1.0390396181554493,0.05173948508653581,0.648216139209289,3.4670660427082343,22.94368664732849,0.6238608438448416,0.04979548776054491,-0.05838306376454705,28.71045460035541,40.1494399998337,0.386867438089401,0.03163663281614979,0.01656726308813784,0.034014319514467914,0.03366975876980457,0.027913495644268777,blg-0981
4566,3177.6644200002775,0.04792999988421798,1.1017174402110086,0.1543474802761402,0.9135786906375463,2.038130532557474,3.766977990812956,0.8292313881953775,0.1400971548980898,-0.25391638089320123,21.755836810219193,128.9733499996364,0.11097843520703365,0.09060414822400209,0.04577310556285589,1.5065901434627218,1.1439192023695073,0.8579869459886934,blg-0511
627,3170.668229999952,1.9541199998930097,1.078083608093421,0.14095055879721097,1.3325985426050093,4.857332119940011,29.73673586903756,1.2360808755833756,0.13074176847847896,-0.12704671185963168,21.193601440834865,19.935790000017732,0.16816212792052615,0.06611789593348213,0.023923444976076555,1.8182382616295987,1.8164751796439087,1.5376926398508046,blg-0777
1517,3176.6691200002097,0.7926600000355393,1.0672992121460405,0.37936333429282226,6.643018241764419,12.44081111600396,172.48191770033233,6.22413855826407,0.3554423412115195,-0.368740367946917,26.92611336078659,9.1822099997662,0.028817435455037947,0.06072094153727925,0.01054713249835201,4.502447594391247,4.277664066168173,4.1517031407538285,blg-0776
4543,3177.664439999964,0.04786999989300966,1.130238185040046,0.14672420508892026,1.7904590866970402,1.839685020085115,11.167006833798654,1.584143143059859,0.12981706487429545,-0.03699424318599154,27.688701576626826,2967.9058300000615,0.5195257195832976,0.10032811159525622,0.011886418666079684,0.30124989132390195,0.12430155025065537,0.10139494341578112,blg-0980
4520,3177.6644200002775,0.04796000011265278,1.1861641303919224,0.2511155597557436,4.169994451568365,4.4222013127132325,41.71356940496,3.5155290145515194,0.21170388751827562,-0.08299477958207158,16.96850237764872,3.2205700003542006,0.4512974420058414,0.1523049237704125,0.012610619469026548,0.4551512614407331,0.33442554158671944,0.3251472991199866,blg-0510
215,3102.6569400001317,1.972844999982044,1.038624974200314,0.06827110075008092,0.36877504281289586,2.736391145086092,7.107189212796889,0.3550608240921848,0.06573219572861136,-0.049472772363923,13.248938616224684,57.041339999996126,0.07339526763687448,0.03472812540280332,0.05116279069767442,0.48359815047477056,0.36357113639064353,0.28351326235632596,blg-0223
2742,3178.625650000293,0.05578000005334616,1.2080823757789487,0.723097598744063,29.036808912726393,28.964578882804307,1007.6547021156305,24.035454249259672,0.5985499062448654,-0.559902870506807,11.683375566539139,6.998760000336915,0.41602111439311923,0.17037736070888482,0.0036469730123997084,0.6097671188474408,0.6083092286625369,0.5307399677340088,blg-0045
2803,3178.625650000293,0.05563999991863966,1.0782362943269554,0.11367882051773157,2.0240546965401722,6.182817378320408,72.4445274554248,1.8771902674929917,0.10543034032664193,-0.07308724624781004,13.737089768926143,32.97820999985561,0.4016070324310879,0.06343930593145411,0.0067784516589368534,0.038158769085605414,0.030102140923596952,0.027828234793879563,blg-0044
228,985.6759799998254,2.055720000062138,1.763486552500864,1.218283761599837,4.3990447302804165,1.6796930076897478,1.6184251716387497,2.4945155941772374,0.6908381314072191,-1.577469376949786,7.589974748186101,59.17879999987781,0.004326427063851377,0.7467530721352094,0.06578947368421052,396.1089921619624,190.2238127251563,67.45660093695845,blg-0222
1376,3173.65755000012,0.8241200000047684,1.1390212599891518,0.6343105408952977,20.754643059247428,26.24101957910159,796.0012426823629,18.221471017345532,0.5568908655246965,-1.0861025704003222,84.70443602504,0.0,0.4960717991215089,0.11960629552724905,0.0029069767441860465,4.674103202494623,4.377139861362619,4.299096983068279,blg-1425
1376,3173.65755000012,0.8241400001570582,1.1483559270432309,0.23104876333940516,2.0337078370287696,3.596454037459761,17.800284709706446,1.770973416365251,0.2011996070959549,-0.9963530651220451,89.84786605015495,13.877869999967515,0.2729544709553892,0.12703835659062815,0.023255813953488372,3.714426939765372,2.9003365447627303,2.8462276134051243,blg-1424
1514,3176.6462799999863,0.7895900001749396,1.0209694904918896,0.21726231840234897,7.2922218707350615,27.32547652852922,842.8064776059344,7.1424482976443135,0.21280000851903497,-0.043051382097575086,12.829610328430096,0.0,0.3389565886371409,0.018853265280858265,0.0033025099075297227,0.3315407561364097,0.33132593673872945,0.3273220002498229,blg-0104
570,3170.636880000122,1.9939699997194111,1.0667412127995664,0.09381115174600373,0.7650378072529729,3.1452515143439705,13.67363486799201,0.7171728165198304,0.08794180794832772,-0.10425854102129972,15.79927060158544,41.023130000103265,0.2458505180186093,0.05382613277378758,0.028070175438596492,1.6246081640234449,0.9863163508911468,0.8725477065809994,blg-0362
4555,3178.6241599996574,0.048070000018924475,1.0661110365937883,0.07610256744065164,0.8504614038152574,1.1284824309495436,6.721964098805909,0.7977230951057783,0.07138334011620873,-0.009875820087202891,15.331095466446081,3131.7001700000837,0.651733456528747,0.053402928530871224,0.015148188803512623,0.022984699402040048,0.022456367841150036,0.0211381839553532,blg-0363
135,964.7197400000878,3.941520000109449,1.3995671465925152,1.078306046971915,11.458532725243092,7.726020257759973,69.91490267715797,8.187197499790466,0.7704568100877952,-0.1742222703748093,3.163938774852515,0.0,0.43244991714304803,0.3601433703343127,0.014814814814814815,50.70780207044457,39.80936263836293,36.34372276010296,blg-0105
312,3143.676969999913,2.0036499998532236,1.0773926385743617,0.12909895522561843,0.6070646816050892,2.1891731747587904,4.026170058512133,0.5634572339140939,0.11982535373379988,-0.14209533711554467,21.622570547771318,64.5538200000301,0.046032160055882836,0.07103983726790407,0.05448717948717949,3.7909181060635744,2.7794119939227078,1.6621832068655609,blg-0636
214,981.6177300000563,2.7751100002788007,1.1150515137070318,0.13311787754677276,0.6360431790029094,1.2433253760912697,0.6855987627520546,0.5704159543124603,0.1193827143558508,-0.005834771832584407,6.691694991640642,91.06636999966577,0.10738901263594122,0.09615081628891076,0.009345794392523364,6.284596569699439,1.7868815262881759,0.6960728426672129,blg-0450
327,3031.9803200000897,1.9918099998030812,1.1232178677602545,0.30415317840277045,1.560927558919677,3.0172952951519854,8.4629035555173,1.38969258754342,0.2707873373679425,-0.3810082886261734,21.977476847340384,35.07808999996632,0.004249759457075063,0.121262661233195,0.04892966360856269,16.945523150776612,13.921963064249399,10.421050973772251,blg-0451
69,3069.8200699998997,3.1710099999327213,1.7030550174804644,1.1380431303611223,5.371003458978356,2.401453261726336,5.403354157669728,3.153746280837638,0.6682362648286048,-0.5213160924780691,25.476848474757748,8.146180000156164,0.09685739035899074,0.6326125723263286,0.043478260869565216,112.12236976738599,59.62468685101663,35.796389812109574,blg-0637
274,2275.028520000167,2.0357099999673665,1.0992371981652318,0.18988283207260845,1.0210934344599552,2.9740391854436172,8.561946790919487,0.9289109091970161,0.17274054286203366,-0.2524837875872432,24.036820389608188,42.08428000006825,0.03647501812490521,0.09018705692828981,0.04744525547445255,5.648525062496326,3.8187075345800854,2.791871065149868,blg-1030
4337,3177.664439999964,0.04853000002913177,1.0313908581020252,0.056372341347757086,0.7052471162601616,6.02106539373599,48.422305428304014,0.6837825872532338,0.05465662251934999,-0.20057606064759437,55.69622103241379,15.059630000032485,0.20130766519209356,0.026182278119560556,0.015217892552455614,0.031445336415925375,0.028042164651760355,0.025969348992214827,blg-1256
4581,3177.664439999964,0.04780999990180135,1.0081411117703147,0.009216657802633185,0.1651964551056968,4.179051180277989,49.80405282337328,0.16386243110052762,0.00914222979660681,-0.011737288520854428,51.21396181627822,4.0321800000965595,0.41003628654655816,0.006071359283330636,0.005020737830168085,0.0005638404098068336,0.00041761255030857083,0.00040546752377349085,blg-1257
563,3167.652809999883,1.9911100000608712,1.0703650438576926,0.22095963039540323,2.5670937701632446,7.011155850327667,58.34199340528425,2.3983348119514987,0.20643389804164916,-1.0198493142178715,108.01142195168057,30.937739999964833,0.04668025660625391,0.06496431209557342,0.02486678507992895,5.510549338562605,5.175643248738142,4.123998417503019,blg-1031
4504,3177.664439999964,0.04780999990180135,1.1558773469415615,0.28707975472621694,4.2927405193727415,6.483293722809838,61.12205437352536,3.7138373665622146,0.24836523788806344,-0.19563015114903903,22.930059311582433,10.965470000170171,0.17103739432639437,0.13220710877576958,0.017095914742451153,0.989441041863147,0.9860537660385328,0.9705293552979282,blg-0852
2805,3164.66305000009,0.05712999985553324,1.5995442487854101,1.778798158094373,39.38963706727076,11.92978983139581,202.63673310317446,24.62553746226484,1.1120656076406894,-0.7664999678656579,28.052852809338713,0.11225999984890223,0.07335439555888949,0.5339383076417146,0.01639928698752228,38.53303395307178,37.03123763779235,30.96541014383701,blg-0853
378,3126.70139000006,1.8809700002893806,1.0609983212050629,0.09645585899833027,0.7153635924368351,3.2017425679168183,12.735695005599865,0.674236303109297,0.0909104719220222,-0.06402118275450719,16.500648514017556,36.082729999907315,0.17179444898121515,0.0515044688564277,0.031746031746031744,1.2590716698325968,0.6918673582127578,0.6480571963606804,blg-0558
321,3144.6437600003555,1.981570000294596,1.0419896985227144,0.05664050138076073,0.2265248561312061,1.3393060611284895,0.5610503418233845,0.2173964428615737,0.054358023805305196,-0.10009517670789947,33.24522445149399,173.8072899999097,0.06119730439818649,0.03816423147053548,0.006230529595015576,1.0474321531327595,0.5668409434251614,0.18803611083220914,blg-0559
1651,3175.6225900002755,0.15840999991632998,1.2163866266576011,0.44926136323758026,11.99080145021829,15.225036280560708,325.74541739845324,9.857722116354987,0.369340923106542,-0.19681106197508935,31.834260022410884,3.147430000361055,0.30161798488798053,0.18006149552492523,0.004239854633555421,0.756454599277319,0.47115589108131656,0.46512713727806676,blg-1138
576,3172.641769999638,1.993179999757558,1.1354656414348945,0.25158305435046185,3.413233185202218,7.503708518273264,74.33485860213838,3.0060206408612147,0.22156817692594657,-0.11202448904298046,12.998156737461322,13.952229999937117,0.2156940668135941,0.10719921449814603,0.015625,4.204445521781326,2.562409774076024,2.1827825801887073,blg-0196
280,2307.984490000177,1.9942599995993078,1.0576512599620493,0.19257659245849998,1.9148855785225058,6.818805888264211,49.88852304993869,1.8105075206794918,0.18207947924594278,-0.1473099405766629,24.168207082027436,6.229319999925792,0.0758630472337833,0.05142998375361989,0.02142857142857143,1.2314058525306142,1.1496408782428067,1.1149928851922581,blg-1139
836,3171.6341200000606,1.0485899997875094,1.0398683724620998,0.09249701165128789,0.6109621728176206,4.040580869584041,16.8156444734752,0.58753798376968,0.08895069146374314,-0.18878896710479043,13.243188829864877,89.01842000009492,0.04685750749780597,0.03675838412081902,0.03708133971291866,1.1399974192971232,1.0981967605126206,0.8665068907097099,blg-0197
214,973.6959699997678,2.095519999973476,1.5657457606899057,0.8656996102715256,4.3445582304925505,2.2027902837766025,4.379725561823937,2.7747532912563657,0.5528992167675327,-0.47200208462397986,3.9996622374968855,45.04926000023261,0.051855833845264154,0.49851961519657695,0.04672897196261682,114.31560726782246,91.68311464647604,52.92758407302807,blg-0315
590,3170.6137999999337,1.9492700002156198,1.0769651541447949,0.2816675419557493,2.2945938651695985,5.95554568140433,37.50032242320417,2.130611036979741,0.2615382106434409,-0.2096126614131284,17.348016716426844,18.85270999977365,0.01505057767744288,0.07250774214722694,0.025423728813559324,8.599187472918093,8.577919317320331,8.017754111950193,blg-0173
589,3170.6137999999337,1.948304999852553,1.0419417119203171,0.06941795340891208,1.0538431673744226,7.647450162191779,87.1548055941654,1.0114223715239763,0.06662364309682653,-0.029098130744811712,12.805573985482757,12.96279999986291,0.4250480177268427,0.03329871044676408,0.010186757215619695,0.38375427533547246,0.16874314381139743,0.13704627020253443,blg-0172
1529,3176.6691200002097,0.7883150002453476,1.0123709277611377,0.025663821336358222,0.5938291820015537,11.253641229133079,188.37052879190134,0.5865727272997477,0.025350215399420558,-0.02917925212200201,11.93078614091126,17.950929999817163,0.28282349908982446,0.01039633749246974,0.008502289077828646,0.028156639673669888,0.026506737878376357,0.02594450142272792,blg-0314
254,3122.620660000015,2.7142300000414252,1.0441989295313105,0.07611246606710338,0.47521787362499257,3.0232067166102876,10.079592501235279,0.4551028119587006,0.07289077127512361,-0.05255992764398876,16.961839194969613,37.90701999980956,0.10299670004220601,0.03997650219049568,0.03937007874015748,1.0682303883628126,0.7229728796490131,0.46720946367839433,blg-0427
4584,3177.664439999964,0.047780000139027834,1.101159553745463,0.20918869331277523,2.6814363160387344,7.174940359090794,63.59716144542331,2.4351024177805334,0.1899712813656586,-0.15132126741913443,19.794096678540637,5.866540000308305,0.13200547180887917,0.0854892251157916,0.0137434554973822,0.4599921236713149,0.3999942250250503,0.39159236258406516,blg-0641
220,977.6997699998319,2.089759999886155,1.021540408473863,0.02835745398997877,0.22925344114689183,2.917378781229103,12.389203186719575,0.22441935434075777,0.027759502685506632,0.0,0.0,32.05349999992177,0.23471429701062552,0.01700714936362692,0.02727272727272727,0.06337342094048683,0.03490347143618894,0.02512386907147237,blg-1489
4535,3177.6644200002775,0.04801499983295798,1.149826834940329,1.0157438357178474,18.956350399372887,13.771096850223035,216.3113040536506,16.48626528662813,0.8833885207911981,-0.2986682880596603,21.266641691390056,1.8906299998052418,0.013735266812193407,0.14149150402676092,0.009922822491730982,5.732385575241361,5.668962761703144,5.603672665687772,blg-0640
302,3111.741959999781,1.9354300000704825,1.3171624664959283,0.5607147744593235,4.135255266095534,4.074823487736097,19.421785931936586,3.139517971311049,0.42569901926678283,-0.2841049689995432,15.7595743633057,21.12494000000879,0.14283621413977754,0.26637727381202647,0.029801324503311258,25.779884665059946,19.86721744979346,17.620235529998883,blg-0426
218,978.6751799997874,2.0897999997250736,1.03354557273579,0.06743174955198997,0.5908813488092357,4.951269011595389,28.597667592674316,0.5717032307807612,0.0652431307127243,0.0,0.0,27.979720000177622,0.13225521950632194,0.02985245564276958,0.027522935779816515,0.1921000451904439,0.18483759256978233,0.15483760137498162,blg-1488
4584,3177.664439999964,0.04780999990180135,1.0167944916318437,0.08896967908575533,2.8845469525707053,20.452056359615714,549.3982958107769,2.8369025874366196,0.08750015754704492,0.0,0.0,16.009709999896586,0.036198414147077904,0.0153729704547827,0.010471204188481676,0.052918439029239844,0.049127410008550296,0.04320119354893176,blg-1221
256,3155.690500000026,2.929719999898225,1.6183291477425348,1.201522791883423,10.311542516066899,4.8113410360273425,29.398085865375705,6.371721393471547,0.7424464832355058,-1.282114879480091,29.659605648246963,84.71676999982446,0.19288817607170558,0.5529708127133229,0.01953125,235.83984028851413,146.8681748298776,81.64228905622221,blg-1047
216,980.6246200003661,2.6697900001890957,1.0586736210196677,0.09718946669396089,0.8164091882960735,4.241830610825293,24.16671557500568,0.7711622962685339,0.09180304849980281,-0.023274904323859147,7.31403349137466,4.904660000000149,0.2926815025266882,0.04923795940561192,0.023148148148148147,0.3884882576144363,0.3488107400691254,0.3445353023114854,blg-1046
4576,3177.664439999964,0.047830000054091215,1.1102600877302604,0.13307005987312953,1.4636068344697626,2.1543618201893486,10.279055895253835,1.3182558190300273,0.11985485216047018,-0.2841338611080906,45.687894018969736,2571.1153299999423,0.5156139598849521,0.08782124448475258,0.017263986013986012,0.198798187726072,0.18943086765394027,0.1846900659896896,blg-1220
582,3167.659250000026,1.8543200003914535,1.0416133925573643,0.05581298725780173,0.37599049550289365,2.0324882333837957,5.626975688969711,0.3609693333244019,0.053583207666846405,-0.04229003577481749,21.326949989488664,2247.9524900000542,0.35035497877839467,0.03583736716903863,0.037800687285223365,0.436379643507872,0.31358167796813363,0.3106841787343655,blg-0825
694,3167.659250000026,1.0995799996890128,1.2149415443895593,0.2601241875005416,3.0639364319211237,3.582673963908508,27.798227769674813,2.521879691126856,0.21410428062215683,-0.2152606622707791,19.995453609586388,3.19975999975577,0.5558384754240813,0.16685448730399452,0.012968299711815562,1.608991702062551,1.4222200641775309,1.3664666897473103,blg-0824
713,3166.697150000371,1.1743700001388788,1.0254481804643512,0.03585241368165367,0.23645585209786313,2.4513893693537243,6.895406197941794,0.23058780960039477,0.0349626768227254,-0.07678379156124437,23.009959966685074,138.91926999995485,0.2068662295739738,0.020835265870227125,0.047685834502103785,0.16317653632480275,0.15600368497060868,0.12529551499202973,blg-0749
796,3166.6487000002526,1.0816100002266467,1.0175454462684717,0.019718677780913733,0.17865414116764922,1.147218451542591,4.697179010220203,0.17557362186334866,0.01937867017088926,-0.011712803401946914,19.99306488926978,2188.931649999693,0.6186354045699575,0.014373815294131573,0.011306532663316583,0.036368129644789686,0.010357341114356336,0.00915757248515951,blg-0748
1411,3176.6294700000435,0.8197050001472235,1.0960990439900935,1.7892809158331715,66.95667905070107,36.84165349339586,1370.6972165396107,61.086339603123335,1.6324080468090094,-0.07058567899876822,15.231151349753471,0.0,0.8559718324731957,0.08813351636860675,0.0007087172218284905,8.988240082837885,8.980508408442942,8.979516762183328,blg-0387
213,969.7004999998026,2.1144449999555945,1.2737630670036093,1.6767393665111974,20.37374363153192,9.9516329271846,105.86501236651411,15.99492401637121,1.31636675358462,-2.281463199053386,16.357353661666263,1.9483300000429153,0.3588376113701682,0.2588980457939737,0.014084507042253521,46.10492723816351,43.23346472201558,43.17494662866174,blg-1329
1533,3176.6691200002097,0.7913849998731166,1.0266430302804532,0.03537765295157835,0.40569225468259895,3.3724238564984432,22.226773004075064,0.39516388731547236,0.034459545882582585,-0.01534463857312307,14.746019836458922,47.97955000028014,0.42254196314343273,0.021714316913764208,0.0136986301369863,0.06406668109398239,0.059164979246741904,0.05528550752483586,blg-0386
1411,3176.6294700000435,0.8167499999981374,1.01124695330781,0.024772164702436903,0.20069866738247888,4.502526964929726,21.064867493494468,0.19846652169514495,0.024496651758939912,-0.12545414022989854,116.78726439534358,64.92015000013635,0.08010535112308304,0.009948252465878236,0.03330970942593905,0.05418922213660814,0.05340598770530771,0.05153889069237846,blg-1328
4580,3178.6271700002253,0.048020000103861094,1.0576355487936835,0.06353535925534146,0.6790853785497865,1.046357647292171,6.7128955171723295,0.6420788076795912,0.06007301733293511,-0.09263229803902573,48.00324238665165,2305.7648999998346,0.6498002558793365,0.044975259569025594,0.013755458515283843,0.02190541626981054,0.01915022024934099,0.017353240909837368,blg-1268
4382,3178.6271700002253,0.048529999796301126,1.2188764842890385,0.2800649861221002,7.107374582684118,7.749740154288992,148.36257812420777,5.831086755701033,0.2297730635009579,-0.008101711405985146,50.382290274718216,0.16058999998494983,0.5708737968834112,0.1730466873421559,0.00433591967138293,0.1470522788636418,0.14275339568843812,0.12902071977201635,blg-1269
742,3166.697150000371,1.1413499996997416,1.0484346923614198,0.0982173054945495,0.9417247508230318,3.9981651399212574,18.516327604360136,0.898219744827177,0.09367994523009571,-0.20445529126647655,20.584107001104744,28.027339999563992,0.07824285989649811,0.04221164584207396,0.03504043126684636,1.1932001283267624,1.176776448309345,1.0747807606501998,blg-0608
269,3160.6823799996637,1.9941499999258667,1.0605680812286238,0.07275273605797554,0.3592208383613874,1.2518686206061413,1.0417400302491542,0.33870605888703015,0.06859789263855236,-0.07676121397857893,18.40247019812501,3052.830469999928,0.19555199530391232,0.05170909206261468,0.01858736059479554,1.1684433865166344,0.6339124603710438,0.35940990463737527,blg-0609
580,3168.617989999708,1.9911899999715388,1.019404865046985,0.03891697374872745,0.33886829476642844,5.089586275935529,30.34598397255177,0.33241776948615226,0.038176169941245126,-0.11996919709898801,47.85066067389777,37.02260999986902,0.11226480580785102,0.016462823341912812,0.02413793103448276,0.1424292705811496,0.1413727061925469,0.13898806655291715,blg-1194
752,3166.697150000371,1.1366300000809133,1.026823190568585,0.08570488982651019,0.6671345022591216,5.717451865421187,33.60622856556834,0.6497072737446017,0.08346606288117822,-0.494817116627992,84.66807194704575,49.84420000016689,0.02035156823157536,0.024878833150462378,0.027925531914893616,0.5011155185920217,0.4814061411857516,0.4551333845931027,blg-1195
572,3167.6830299999565,1.9810000001452863,1.1864479300635389,0.44402134970536206,4.681143223135734,6.588719642608632,49.91001389720921,3.9455108522376814,0.3742442754644448,-0.23349106864708302,21.49648496157336,14.245649999938905,0.08136626011911897,0.15869180943071076,0.022727272727272728,13.68470035368357,13.450590021721446,12.824448933070471,blg-0792
273,2275.028520000167,2.0369400000199676,1.0725467606961427,0.14838061394912735,1.1328636242380665,4.493496799452532,22.84575378524934,1.0562370380387,0.13834418973898924,-0.7952367490892258,90.36844189923225,31.965250000357628,0.041159174254667745,0.06552309814333525,0.02564102564102564,2.6848412948454468,1.2135288943419182,0.7922107690004014,blg-0964
728,3166.6487000002526,1.0957399997860193,1.2883092117264734,0.7774698410305585,12.237445768491536,10.308115379074627,130.52528372280048,9.498842018760092,0.6034807699262332,-0.5197404114737505,26.854312379788116,2.99568000016734,0.14854779269044333,0.24431679786652685,0.012362637362637362,15.950702415989193,15.921289713699158,15.783822309734516,blg-0965
294,3056.9455300001428,2.084309999831021,1.039983342170859,0.05828192081432259,0.31197720085312297,1.8310502721488728,3.329208270967394,0.2999828797277403,0.05604120555647841,-0.056930567816099176,24.911561846218444,75.99440999981016,0.12647628956630308,0.03529778567772589,0.04421768707482993,0.6135376607203731,0.5893782735337626,0.3022963453529794,blg-0793
307,3057.895459999796,2.0500650003086776,1.0276701980396872,0.03672278117400909,0.26087363209444037,1.9949369860732875,5.70256121715029,0.2538495619057255,0.03573401358404554,0.0,0.0,113.69774999981746,0.09712162092702795,0.023656273019887264,0.02280130293159609,0.26549885484059754,0.15677463308458597,0.0560535722711482,blg-1106
4590,3178.6271700002253,0.047999999951571226,1.0318688184572085,0.04267022430969145,0.7181606236366311,3.8459749533765697,32.27381007163409,0.695980539222591,0.041352372639737116,-0.23828209055554894,126.5134987502421,36.889130000025034,0.4380717211311322,0.02598746646244165,0.01241830065359477,0.02118021798446893,0.00911421485152554,0.00861363182457662,blg-1360
4536,3178.6271700002253,0.047999999951571226,1.1444647217857353,0.28324827551732124,6.504431891403788,12.747124139592588,230.82545334317325,5.683383428735956,0.24749410589119883,-1.337600476259269,78.61116864042337,2.038040000014007,0.235741702152,0.11873361888837214,0.005952380952380952,0.2054279376455394,0.195029047673532,0.19439019056770085,blg-1361
795,3175.6324700000696,1.0652049998752773,1.0459129796978759,0.07551288942691041,0.6005601415920567,3.6361103409789015,15.900281966806208,0.5741970388622246,0.07219806061374492,-0.2767014940863406,48.67657945186863,74.0274300002493,0.14001905691985983,0.03849426289683067,0.031446540880503145,0.5986785035287034,0.5814235489152174,0.4160959112251085,blg-1107
181,978.6400200002827,2.792559999972582,1.3050674897384176,0.5332098221021169,3.971479027010746,4.119400930443039,20.20213855856997,3.0431215456723684,0.40856876920848256,-0.08637877080460887,4.976073600213069,8.8277000002563,0.1696713600573224,0.25898624632340506,0.027624309392265192,20.11103690463694,17.188256690438752,10.268296521199208,blg-0700
4555,3178.6241599996574,0.048070000018924475,1.0164337729170136,0.017211409148339428,0.18015816426456632,0.9567301815174931,4.659246145309389,0.17724535261661534,0.016933133704927876,-0.005390370498136399,17.518155442543257,3010.882600000128,0.7331033095892366,0.012595415612729217,0.01163556531284303,0.001569549073129841,0.0012737451071829823,0.0010988530792487169,blg-0566
4587,3178.6271700002253,0.04802500014193356,1.008260788870729,0.011126207511069632,0.15559246674634308,4.966163604585671,45.567479591524084,0.1543176794343384,0.011035049189189142,0.003271847950947482,17.190178908584983,4.233939999714494,0.2875911367964298,0.0064706251845840085,0.011336385437104862,0.001980049853910907,0.0010915220669697728,0.0008126111819949601,blg-0567
214,978.6400200002827,2.751489999704063,1.1760841065511807,0.24907080801217446,1.6943887564330917,2.330327194862309,7.021705673192644,1.4407037154806739,0.21177975665768245,-0.07543384536357944,4.865632169251745,30.936560000292957,0.2461745354710177,0.1504024404284886,0.04205607476635514,8.322057352652367,6.3062262593176595,3.5344603568392428,blg-0701
568,3170.636880000122,1.9939699997194111,1.3219832035122858,1.2864906697386265,20.86625520513926,10.171012570695124,132.57318329310777,15.784054586972516,0.9731520465533283,-1.1121077956493763,31.434384504473467,10.250119999982417,0.2765891234539039,0.31281096813066417,0.008802816901408451,184.54074122966452,160.12197488800683,132.0185860606284,blg-0032
4571,3177.6644200002775,0.047959999879822135,1.0384166670593973,0.042280007923703226,0.7297924617518405,1.6441306833677463,19.767662781050486,0.7027934719023167,0.04071584062327691,0.023108158888893504,13.527224323497233,11.961049999576062,0.7379992160977775,0.030632342959934052,0.006125574272588055,0.01241698164639987,0.0052713609143296555,0.005249567761235041,blg-0254
4296,3170.687990000006,0.04818000039085746,1.346132487197801,0.6769816065868051,8.78489527739958,6.477134339736274,54.35970156832219,6.526025703774927,0.5029085977762627,-0.7253644606642216,14.870083699530198,10.969280000310391,0.1116852948730179,0.2883855662005516,0.017690875232774673,9.387660514356494,5.748991673410572,4.890956204274667,blg-0255
567,3170.636880000122,1.9942850000225008,1.0928510536423952,0.21886630066200183,3.0713826411113145,8.828940037753167,96.46840131885617,2.810431122128036,0.20027093164235568,-0.048831116337432645,13.701180081503034,3.9960399996489286,0.1758208864731356,0.0776209166257281,0.015873015873015872,2.217092711501004,2.0790951565085174,2.0093186397047567,blg-0033
1499,3174.6495300000533,0.778785000089556,1.0648612795383416,0.08135379574231169,1.6879046741215684,4.951567891674376,75.29611661584885,1.5850934677636184,0.07639849109134364,-0.09275581866578864,101.83641274143713,2.080080000218004,0.6169546190821071,0.05096030126473423,0.00867244829886591,0.20921999337609243,0.2084850817879417,0.18762631139181596,blg-1452
810,3170.6686399998143,1.0673799999058247,1.079661624920907,0.103669482792004,0.9116773074694471,2.426614821767749,11.566233600632819,0.84441020962668,0.09602034511451224,0.0,0.0,92.0520799998194,0.40039267270695816,0.06670669870754443,0.020987654320987655,0.5505733278846638,0.44506807345449334,0.40880988746481983,blg-1453
304,3032.8675400000066,2.042729999870062,1.0581639889153538,0.07419778820062219,0.26481231307043585,0.8128196078610572,-1.0250071841613617,0.2502564000872034,0.07011936550163954,-0.1338309034993419,24.287321625127912,241.64172999979928,0.051863202594163514,0.05457785757749495,0.0,1.9666357157367644,0.8744223092062414,0.11579374542355361,blg-0336
2497,3174.6680899998173,0.06021500006318092,1.0218578627907497,0.07204190693379597,1.436341275627365,13.481722509175777,207.96707482557198,1.4056174678232292,0.07050090707531136,-0.07629311857822874,12.700381211976685,27.937950000166893,0.0732057112527413,0.01836202813044844,0.006808169803764518,0.01205163742256509,0.011911938292921878,0.011748269929919933,blg-0150
1413,3176.6294700000435,0.8158949997741729,1.2033651496479674,0.7583818574212554,7.889908766658694,7.351772176396234,58.02326706579392,6.556537476094795,0.6302175622594164,-3.1067198734561097,82.71407791707684,5.075999999884516,0.02493645058472571,0.18052547022292548,0.020523708421797595,34.325223799932104,31.428235815556647,30.89356165019235,blg-1398
2496,3174.6680899998173,0.0600399998947978,1.0369482355127668,0.04968619986443928,1.0525591924330833,6.900635776941397,105.06623189799545,1.0150547020913248,0.047915795295906644,-0.021215752251742215,13.447458632789974,14.999030000064522,0.5499545121814031,0.029101575736247547,0.004006410256410256,0.004464712706578728,0.003938232497376944,0.0034860501716684417,blg-0151
312,3160.6802600002848,1.9713300000876188,1.0870123347074856,0.12397952223972725,0.6994576402275128,2.293456288327399,5.477443142538901,0.6434679823399213,0.11405530290742932,-0.10339045796646218,13.514191318243542,61.01686999993399,0.1416143838826221,0.07349989769259295,0.041666666666666664,2.5403118769190187,1.5961483285871743,1.1144060215448157,blg-0337
1491,3174.6495300000533,0.779575000051409,1.1849402542505278,0.2554900470495271,2.2093549011001934,3.3043821588859914,16.857498767455965,1.8645285064201997,0.21561428432945015,-0.9730017162932212,80.43981816080613,11.013650000095367,0.3603821761888882,0.15036012079932118,0.022132796780684104,2.954311813836137,2.852499597413593,2.8070534588626277,blg-1399
870,3169.626000000164,1.0341300000436604,1.190870584205747,0.24746691322019423,2.6541351403331745,3.0566807868333488,18.440108386331474,2.2287351398607287,0.20780336203132355,-0.12793625988503,14.633127595419827,26.127820000052452,0.38939150566431086,0.1558930377823592,0.013793103448275862,3.558320438563867,2.6569797419353343,2.0630042782567988,blg-0404
223,972.6846400001086,2.074860000051558,1.171969507442628,0.5359118441355639,3.6257784456208664,4.831196754672007,23.78686652211216,3.093748081036042,0.45727455890233826,0.0,0.0,31.051609999965876,0.02397374397007451,0.16816955202729536,0.03139013452914798,20.30865630225385,14.14114510871032,11.644514809759121,blg-0894
1521,3176.6691200002097,0.7913849998731166,1.0545355912291532,0.07026960317405986,0.8391688153483657,3.5470738370682464,24.070331706692965,0.795770967210819,0.06663559114756724,-0.05373721527696795,19.929661828526214,35.065219999756664,0.41607340117633534,0.04305287516937442,0.013806706114398421,0.16253146711852995,0.1609113541809197,0.15180592454106098,blg-0662
624,3170.6682200003415,1.9558300003409386,1.1143215520765164,0.15010537712629668,1.3927626245252893,1.7256868501665912,8.236703616643878,1.2498749660106223,0.13470562020408028,-0.08581140668898835,16.54572253959508,3019.7362600001507,0.5778723904492532,0.10121778663905047,0.019230769230769232,1.6100228149988,0.9731757443397879,0.7919224356725506,blg-0663
603,3170.635919999797,1.9782700000796467,1.242058491875975,0.4178432139032253,2.9451541737670164,3.78870407187655,16.579649074575123,2.3711879668459477,0.33641186246229554,-0.5580042944832866,17.34449608188086,37.96053000027314,0.044729841208237336,0.20951046241241264,0.03150912106135987,54.439696593229606,26.567696264711255,24.336240499043566,blg-0405
214,968.6971899997443,2.186790000181645,1.3963211099610866,0.5234475757131931,2.602004445948416,1.6469531913638695,2.0696085367102164,1.8634713811540213,0.3748762145256249,-0.5673831073988709,7.073536907246397,50.92706000013277,0.09222117698185248,0.34430266117878955,0.03271028037383177,56.67008875959536,34.89845503839261,14.637866000661893,blg-0895
554,3168.640930000227,1.9883300000801682,1.0788385636358915,0.3895308363280604,3.3683548732964885,7.050385351811878,50.97370980471582,3.1222047075536903,0.36106498770735207,-1.2664814731988103,82.61701676871326,10.994500000029802,0.028609903609049393,0.07601273488856822,0.019855595667870037,10.324950751495049,9.776191696104867,9.375618894236053,blg-1202
4587,3177.664439999964,0.04779500002041459,1.0390806488807904,0.05523678920221874,1.0220631982504682,6.599362532614572,85.2697729805286,0.983622579744048,0.05315928915635398,-0.06159712255071237,30.757097903095726,57.06573000038043,0.4547817923765838,0.031186859027393227,0.007194244604316547,0.020872970906474334,0.015568523188712506,0.012650449278639448,blg-1064
4539,3177.664439999964,0.047915000235661864,1.0467570881608195,0.04884990806207089,0.4265772611301355,0.7670468317329694,1.7950946657869755,0.40752268303663125,0.04666785460342376,-0.07759219118038785,47.22828745883681,3139.7435699999332,0.4450972805918793,0.03617090563114565,0.013659396342806785,0.07882388119595209,0.054630535642397504,0.0319741583192648,blg-1065
562,3168.640930000227,1.988880000077188,1.026505933846293,0.03395964404197873,0.24219367186118002,2.2753885170819843,7.277376344517508,0.23593986309878168,0.033082754411272834,0.0,0.0,106.84981000004336,0.2529028309023852,0.02130321823295185,0.03558718861209965,0.2399115150822051,0.1415395816160026,0.12904198932339012,blg-1203
497,3157.6705399998464,2.017100000055507,1.2654777537080308,0.4890781015730705,6.292768005889018,7.3101621577930604,69.87995885025379,4.972642101154198,0.3864770410030768,-0.2436181351776494,21.898275146143117,4.244570000097156,0.25833090973843725,0.21599642242146552,0.012072434607645875,7.711654200230279,6.850567555148156,6.57356974670245,blg-0806
1270,3176.6294700000435,0.8332299999892712,1.0353422032280166,0.045391916826807065,0.6240202290291206,3.830045183668095,35.193351553329805,0.6027188122500426,0.043842428374752516,-0.022678404424315124,15.914387984418374,155.76365999970585,0.530148479962773,0.028412687114892008,0.009448818897637795,0.043835636096864694,0.04043180270764527,0.038931300717043794,blg-0496
4367,3177.6320800003596,0.04835000028833747,1.258387228952118,0.30033037736003554,4.674781901721829,3.2682083105218394,30.36435859656295,3.71489932273519,0.2386629235132153,-0.31451214384490767,95.71720240777894,4.131720000412315,0.63193253365479,0.20375618861361805,0.008930615983512708,0.300654750912661,0.19402583220349215,0.17957368293820855,blg-1438
748,3166.697150000371,1.1366499997675419,1.060949509389403,0.09249026321562731,0.7504772340998753,3.1065885195617273,13.045258398221971,0.7073637533025978,0.08717687460649141,-0.17995172418014826,23.55043216040246,51.102740000002086,0.2529245336660323,0.051512482178621685,0.03074866310160428,0.7879548582707536,0.719620671223111,0.6729456637605695,blg-0807
1404,3176.6294700000435,0.8238200000487268,1.1171390928146885,0.45345173402996425,7.290807611928914,10.358220214141435,122.72951148666709,6.526320306539585,0.40590445083111826,-0.36769139221988034,19.41634844083926,12.85025000013411,0.03352607195370888,0.10222166173805254,0.013532763532763533,10.387744474965446,8.90356592325865,8.381062289598184,blg-0497
4591,3178.6271700002253,0.04802500014193356,1.0488425234985785,0.057214170933544195,0.9143074233069449,2.283757396362564,19.048324679789573,0.8717299252320836,0.05454981954507258,0.0,0.0,57.98537000035867,0.6284829998593565,0.039243911338174786,0.015465040296231757,0.01993519925316772,0.019879398990143245,0.01945636981994392,blg-1439
4544,3178.627350000199,0.04798999987542629,1.0553972695092195,0.06047297169842771,0.9824645511287616,1.5706064710689203,12.044095067407653,0.93089547434273,0.05729877542090012,0.01883269856225689,31.43930923101962,150.6320100002922,0.7081773364926616,0.04412564092315479,0.007482394366197183,0.016444691328096037,0.014287768352615858,0.014021154738745234,blg-0058
195,978.6819299999624,2.980105000315234,1.012448588099645,0.01856935433885394,0.1305837621493503,3.1456599252243036,12.493335083715166,0.12897816481197624,0.018341034175669183,-0.029542349489569686,13.398818440400564,32.184060000348836,0.18642633597836217,0.010251460769924161,0.02564102564102564,0.03815684078446209,0.02490861347439044,0.022522767806833596,blg-1290
4542,3178.627350000199,0.04801000002771616,1.0184745007073757,0.01916651773274909,0.23382229020031875,0.7496586218418276,4.278505650844181,0.22958089548840926,0.018818848710742006,-0.02103635097723555,13.73780075597454,379.6713100001216,0.6206326397248699,0.014596563479378245,0.005063848524878908,0.015822995571230087,0.00453592781753763,0.0013827429509189564,blg-0059
220,977.6997699998319,2.0883300001733005,1.0474502407903596,0.1197126080778773,1.1301011550467055,6.934982466763642,51.74113807130604,1.0789067587639425,0.11428954070854197,-0.15920965891702377,13.206802234568014,5.090719999745488,0.21824823863145223,0.038859257356130966,0.01818181818181818,0.3077805426845946,0.28847952952845823,0.2825752939921542,blg-1291
223,973.6272800001316,2.1074449999723583,1.017047057663791,0.023759175196481668,0.19245149924803684,2.583756850644733,10.735811447663533,0.18922575499883967,0.023360939677116128,-0.006486975564602426,2.9798340557489897,124.371160000097,0.4296027174196586,0.014538202323961837,0.03139013452914798,0.027430573447480622,0.025950258235323993,0.017186551847251035,blg-0083
155,973.6272800001316,3.0902900001965463,1.0881166643470415,0.10372990538821926,0.7800592520026811,2.1087793886466044,8.100398821027305,0.7168893468807287,0.09532976364916533,-0.10451868351222382,2.9798340557489897,119.33279999997467,0.23533955413520638,0.07218818893796244,0.012903225806451613,2.177993227076937,0.4656295790047271,0.45880139801260994,blg-0082
214,968.6971899997443,2.776409999933094,1.0194287757214826,0.051205125688871575,0.47924152281092014,5.8140326104849525,38.91552897120579,0.47010789721004936,0.0502292326899834,-0.028436539758486035,3.1812651239195615,8.970050000119954,0.2410422889306499,0.017255128259354945,0.02336448598130841,0.17989639366262666,0.12862092924729926,0.1269521086665215,blg-0119
298,3057.879879999906,2.0617700000293553,1.0602313145986975,0.10473230534956532,0.6611672988622999,3.0294352007711685,10.141058368959353,0.6236066446278172,0.098782504270195,-0.1236513509836612,12.144311510737905,40.9821299999021,0.0927187924300324,0.05527101028421824,0.040268456375838924,2.251363283429549,0.9741965981553624,0.5443598290088401,blg-0118
4502,3178.6243300000206,0.04820000007748604,1.0303780784460743,0.1486779635553914,1.6579443933415672,8.006271296650086,71.11932878404302,1.609064101743403,0.14429457033545273,-0.28729502072784285,30.527519017641534,5.321450000163168,0.006542748994585317,0.029444020220173162,0.020213238560639717,0.28171147454561934,0.27535700089269416,0.2718347361852736,blg-0947
4409,3178.6243300000206,0.04834999982267618,1.1399304618752155,0.3952276343936845,8.776926276567751,14.283652167112516,249.23316317521184,7.699527728326692,0.34671205318647613,-0.25572630184635137,24.274607227311414,1.119609999936074,0.09160372160520998,0.11844501092672706,0.007711499206169199,1.0625043882957066,0.9094509108628499,0.716225056817798,blg-0946
771,3172.6320099998266,1.1010050000622869,1.035169694115835,0.11643730744653852,2.0718054766438017,11.98342729260114,164.29696970210478,2.0014162590020774,0.11248137091298534,-0.08733735876697835,33.918864588843164,5.018370000179857,0.11756059953095982,0.029020572209779234,0.009079118028534372,0.26802601137793525,0.24905166734806444,0.23044882035939934,blg-1125
4574,3177.6644200002775,0.0479100001975894,1.1653742203314708,0.47304421852067496,5.634804585340533,4.998115798728504,29.410942850573747,4.835188936465336,0.405916147970876,-0.6235986855752531,18.662982591784893,32.17516000010073,0.06681600841455906,0.15674642561562413,0.034980323567993,7.3115117025963485,6.961686576273839,5.495064205558979,blg-1343
218,980.6246200003661,2.6697900001890957,1.1066479869183456,0.19127681520036985,1.4891504345515698,4.3094761186334924,21.742036444188773,1.3456405638453863,0.17284341157532793,-0.3993252984051665,16.26074064846234,17.126499999780208,0.14209887312195438,0.08554378180450437,0.03211009174311927,3.3654701048349183,2.1600769362367687,2.059620523936582,blg-1342
833,3168.6348600001074,1.0644300000276417,1.2841637925054277,0.9407652468454107,21.58253821881311,17.03684309725403,337.8457171500109,16.80668632514417,0.73258975608093,-0.5474750772242085,33.11961633096046,1.1088799997232854,0.27996437329016055,0.2310837103323712,0.006002400960384154,13.499135691793361,11.485762752166584,11.085094809283094,blg-1124
3282,3169.692879999988,0.05446000024676323,1.745777400022576,1.3776974292687107,9.0709379861838,3.146936246369738,10.206013835954353,5.19593043999034,0.7891598444104593,-1.7853094053013334,26.1212742153596,33.25022999988869,0.047548379952483455,0.6670692869612908,0.04357099329677026,74.84887933730002,74.29624324090501,57.2989278489709,blg-0723
588,3164.671480000019,1.9783600000664592,1.2039481457815926,0.6114020337610145,9.242806531224298,8.442919213067434,94.84525014978718,7.677080185586521,0.5078308653283311,-0.3165756169760843,17.874001973464978,2.200660000089556,0.1453174351057228,0.18685191723119807,0.02040816326530612,40.81977432724154,37.78914730539855,32.287630354203905,blg-0545
752,3166.697150000371,1.135319999884814,1.0109617616502022,0.015192916942289211,0.12204695881174477,3.35007964385595,16.12144430102269,0.12072361412096363,0.015028181448928256,-0.01467695421347992,17.21296919530125,42.91239000018686,0.26350382553602836,0.00884519554247278,0.027925531914893616,0.020929610589683723,0.017320337467771486,0.013041843678501499,blg-0544
4577,3177.664439999964,0.047799999825656414,1.0891476694141429,0.3507198473170067,6.753894685225175,13.068549404440438,196.47298103947028,6.201082564724486,0.3220131245247297,-0.13256186187370878,20.203630192585976,1.2769599999301136,0.03792286153008867,0.07772404212856973,0.00917631636443085,0.6690851787052946,0.5729710256958944,0.5392143929140394,blg-0722
4411,3177.664439999964,0.04815000016242266,1.0889582091526244,0.09629522035538418,1.167784598091135,0.7899994358098983,3.9348628633830103,1.0723869635695018,0.08842875572427063,0.040570791663065986,13.144033333347117,3165.658160000108,0.6286738489220995,0.0711374234421491,0.010881886193606891,0.1314926881206425,0.027492710165495184,0.02602580168449092,blg-0011
543,3170.6137999999337,1.9553900000173599,1.309125396813899,0.5099851480791252,4.1381686990361795,4.235999755937172,22.74102531450432,3.161017789050097,0.38956172221904106,-0.3649673410683363,14.263858861857477,30.09306999994442,0.1941268897649188,0.25739127866934985,0.02578268876611418,27.181311588477072,22.1935815236368,16.02091121386314,blg-0277
307,3144.6826199996285,1.9937499999068677,1.032031076660371,0.05817911728455797,0.2599556748553026,2.4256142007736528,4.954190445955206,0.2518874462362497,0.05637341552648793,-0.05572005914916223,16.40546602200489,68.00339999981225,0.019997114334342755,0.029348706596282248,0.05863192182410423,0.7009226778909318,0.4762535806907531,0.37041898680020124,blg-0276
4575,3177.6644200002775,0.04795499984174967,1.0196957611321245,0.022700317292380104,0.4377576804361064,2.465169602722501,35.96661288102435,0.4293022417363591,0.022261852932053367,0.0027838892369589363,12.775476679971682,17.949069999624044,0.6405013493691699,0.015581233816595689,0.007650273224043716,0.004283487176366181,0.00144238676885876,0.0009860421886734845,blg-0010
783,3176.6112999999896,1.0857049999758601,1.0690371141983703,0.25759353670942936,6.070804468515683,18.02187568652823,375.88156298949696,5.678759260178121,0.24095845773605742,0.0,0.0,7.948390000034124,0.4883842040905842,0.057852347922162775,0.005108556832694764,0.8582237339147081,0.7383461222074672,0.6631710307890764,blg-1471
842,3171.6341200000606,1.0459699998609722,1.0219363125524863,0.041542912434167384,0.46833265391837675,6.575696345040985,53.30666571188066,0.45827968297342064,0.04065117514406946,-0.34580575185969065,131.2920370233417,41.87673000013456,0.16462467917164086,0.017669974691052675,0.015439429928741092,0.05848734741138916,0.05514227539390106,0.054511329051583256,blg-1470
2799,3178.625650000293,0.05563999991863966,1.081222137331176,0.11848661013089082,1.4917934615621493,4.765460032376536,37.55753576501973,1.3797289162494526,0.109585814925597,-0.13784683070193804,16.40176371321459,69.84911999991164,0.33263470318000377,0.06498992136353733,0.01429081814933905,0.06700436240675986,0.058655652501971994,0.05831261154284288,blg-0292
285,3170.618809999898,1.089949999935925,1.054334861473545,0.12387279745093213,0.5785229256730776,2.934062173429732,7.682425071033711,0.5487088982123207,0.11748904527629513,-0.24862283905078564,17.564091932438927,88.76808999991044,0.01647652778272942,0.05096247375449909,0.04912280701754386,1.188270505804943,0.9963783879332078,0.8106096469578896,blg-0293
1236,3173.65755000012,0.8646299997344613,1.01201708287479,0.0144972472977168,0.25272639706297917,4.510057076349111,51.44477280153931,0.24972542345611082,0.014325101225845053,0.0,0.0,15.037210000213236,0.3020694024062421,0.009147651673289209,0.00889967637540453,0.015866596283103176,0.014962047482447612,0.008295875454303303,blg-1494
219,979.6352300001308,2.104465000098571,1.094610640358042,0.16681201467350926,1.4588910121720582,4.501991396517284,25.334499324036607,1.3327944613866691,0.15239392620467,0.0,0.0,23.023149999789894,0.10940627665610118,0.07903620366025998,0.0319634703196347,2.182522328436298,1.3966853250161049,0.8402008206364241,blg-1495
358,3126.6722299996763,1.9666699999943376,1.8809645475466785,4.1733211223632685,38.842439199088425,7.708446019615411,63.316104941977486,20.650277031136724,2.2187133221725803,-1.0771078232351194,23.1036575932946,0.2579100001603365,0.09557662544578838,0.8765511981494717,0.013966480446927373,1030.673321005868,945.951977903945,840.3795843754075,blg-0308
315,3143.6778899999335,1.990995000116527,1.2862116669274586,0.44421165665857393,2.606118846070589,2.56551746947888,6.890568492922988,2.0261974703076593,0.34536434758524365,-0.2720694286516494,13.241233200908578,60.009769999887794,0.11916176998854852,0.24713917109711403,0.044444444444444446,26.191025701929703,24.0480483429956,18.036742150809413,blg-0309
4571,3178.6241599996574,0.047990000108256936,1.0337535516148197,0.03936571703346118,0.3887519701630987,1.3859708017119095,6.279517257565184,0.3760586513054734,0.03808036895366847,-0.03109335254812673,25.060371448472672,3013.605579999741,0.5963667713503821,0.027507305144709986,0.018376722817764167,0.01542564082024789,0.010860347156516487,0.0098904530721611,blg-0930
4570,3178.6241599996574,0.04804999986663461,1.0261743280439508,0.04222983710537353,0.3391440457087789,3.1368131458934374,11.417733628997643,0.33049359464127764,0.041152692617387236,-0.0833887969780105,26.893627327227914,39.027069999836385,0.13940312993688841,0.022488728590591454,0.03851203501094092,0.058491783467195746,0.051105600344101235,0.05022882166801609,blg-0931
874,3169.626000000164,1.0323099996894598,1.165089551243955,0.3371065253933678,7.139699176315781,12.437930395829012,213.25955800356016,6.128026045219041,0.28933958092753176,-0.5863555478267588,59.978373966462456,1.9848799998871982,0.3921547122491156,0.1341147158096021,0.005720823798627002,3.5257156963113396,2.793104266911116,2.5669359362608053,blg-1334
4594,3178.6271700002253,0.04801000002771616,1.0748761439179992,0.17252819762596966,5.606525628840378,17.22493093080285,422.08678987019437,5.215973587658632,0.16050983827029025,-0.05795724097567323,35.660865323691375,0.23803000012412667,0.1621134404098656,0.05989794871256035,0.007618632999564649,0.15750245471991922,0.11330273665529197,0.11250345171361277,blg-1152
3527,3151.65764999995,0.05316000012680888,1.5161424373531838,0.4380352061477881,3.3891672959940538,0.3254690484706669,0.6553522480174396,2.2353884372215265,0.28891428171046274,0.2670051085128009,49.02940895554428,3087.780920000281,0.37260373821764625,0.349132826042182,0.002835270768358378,13.748124700295472,2.6368936464455577,0.5920605524280422,blg-1153
296,3156.6425499999896,2.8608200000599027,1.046111800599681,0.05722627958366834,0.6507606076749337,3.2652589844950386,25.450625283254546,0.6220755765121195,0.05470378883387572,-0.058861162210858575,74.3249828372016,10.918730000033975,0.419177887919375,0.03695796691353868,0.013513513513513514,0.3714127171007896,0.13910700281004312,0.1286045402098755,blg-1335
659,3167.662990000099,1.928924999665469,1.1916983031691453,0.3196962591769939,2.6945689898890484,4.24972877695223,22.768155250696573,2.261116727373089,0.2682694568282211,-0.26468490595322947,16.813394678881693,28.05151000013575,0.18535317935825324,0.1597089617955083,0.025796661608497723,13.299448909644088,11.467012854236073,10.164634528008925,blg-0532
546,3169.6153699997813,1.9941099998541176,1.2679543278717642,0.5708089510196196,3.614048412760646,3.598572771518607,13.307458102537982,2.850298551623518,0.4501809994023215,-0.8857663752886966,24.20463053124896,46.676070000045,0.044798765843969454,0.24839011429389787,0.045787545787545784,63.596951131066696,55.34789943398861,48.61728434834266,blg-0754
347,3126.6743399999104,1.968614999903366,1.0995741376718005,0.311503221965401,3.112953394383984,7.092325626676922,55.37003881814638,2.8310536410620806,0.28329442141302336,-0.1870115240280812,19.887050876150372,4.971340000163764,0.10907033274055933,0.0878558260269408,0.020172910662824207,4.966770973036841,4.571276127080821,4.3125785175893405,blg-0755
643,3167.662990000099,1.9146199999377131,1.048369071806677,0.10087523130336049,0.676938546447802,3.744564579896518,14.721829790696678,0.6457063244188959,0.09622110481312558,-0.11890623458348215,19.735571794489967,59.01725999964401,0.05190855979644158,0.04375006824696005,0.03732503888024884,2.1766143933922333,1.8469519684725237,1.6602055604222647,blg-0533
840,3171.6341200000606,1.046149999834597,1.023237819555439,0.03254559746325889,0.5808805165556794,6.723703957041797,92.21033833547524,0.5676886641378883,0.03180648381363971,-0.030970140984286854,11.70583053731266,6.009539999999106,0.5364514671685366,0.01891457387778815,0.008333333333333333,0.07195069860478542,0.02761750181766737,0.02513613873657685,blg-0200
616,3170.668229999952,1.962660000193864,1.035528503685643,0.16360508448377506,3.552362940223766,16.8584483033625,337.75945299152374,3.430482978764371,0.15799186823110592,-0.05569833212605424,15.200930492875262,0.0,0.38450247710287244,0.031056300952130116,0.008116883116883116,1.1710707530161681,0.9497281536367737,0.8328052554269021,blg-0066
596,3170.668229999952,1.9652900001965463,1.0548011498796108,0.07133104492834108,0.5356136244806016,2.9594381056726835,12.717776544875283,0.5077863438657325,0.06762511043928167,-0.07928057112615039,12.566700853872527,58.8792699999176,0.3123206849727544,0.042655226226095966,0.028523489932885907,0.5926936469725994,0.5343942838516764,0.41923550129299214,blg-0067
841,3171.6341200000606,1.047004999825731,1.0599318886245013,0.07880674616571524,0.7120767952876791,2.709303241617469,13.131793584889934,0.6718137233267137,0.07435076373112709,-0.09613571396055898,13.437048866371242,72.89551000017673,0.36515825680721004,0.049032586558694836,0.02140309155766944,0.7663038223409416,0.38702739254242563,0.29321962821998754,blg-0201
397,3126.711099999957,1.777934999903664,1.237734599363704,0.7184004980816341,7.870815235443479,6.835836910641013,56.29870528182075,6.359049166032222,0.5804156178932012,-0.6003555738888644,43.7292962270346,14.821760000195354,0.13288756420112943,0.2267016276580156,0.015113350125944584,52.84845033403399,40.53584639484413,31.260153986936544,blg-0838
2655,3177.6644200002775,0.05588999995961785,1.0521071751372362,0.08433493649055233,1.3394443826701237,6.836959360328171,73.04174819201769,1.273106392192738,0.08015812236806628,-0.47579778753906665,92.4598660739467,6.965809999965131,0.29220072409712533,0.04202722050271384,0.011676082862523541,0.027464430211641466,0.021795251687510692,0.021313696321575537,blg-1406
381,3126.7135099996813,1.8640950000844896,1.0558727302545619,0.07999839870979963,0.40371287786821863,1.6778075233013698,2.2151370668863635,0.38234993903800085,0.07576518993237075,-0.15505408705451784,33.79591400081425,136.91115000005811,0.0869008760349019,0.05110264225860021,0.03937007874015748,1.7404641783287693,1.1253856845389167,0.5861852265048996,blg-0839
2790,3177.6644200002775,0.055800000205636024,1.0637843541688414,0.07395192535773144,0.7393963511239212,1.5338503639158694,7.988771870181093,0.6950622476028102,0.06951777808420012,-0.21633905284783217,87.46011967883936,3036.833709999919,0.6640181235594487,0.05167171014124395,0.012186379928315413,0.02112851677888177,0.014915124008617093,0.01242397675238013,blg-1407
2759,3143.7300100000575,0.058064999990165234,1.2788552664762969,0.3344870489655405,3.3246458464896276,2.572715269820229,13.013989007500655,2.599704522977936,0.2615519168730115,-0.26319921905310495,40.36202762901749,1045.2075799996965,0.5135830476675469,0.223431018643939,0.014498006524102935,0.6903786744587576,0.43299786755212316,0.40185332844344573,blg-0979
4561,3177.6644200002775,0.04792999988421798,1.1045495068994993,0.12907456282828583,1.4321124335839666,2.3345562224826626,10.99542555675366,1.2965579285245132,0.11685719911462338,-0.1169211504994796,27.122773202896802,2304.667800000403,0.49061240972432846,0.08575335314616019,0.01775926331944749,0.13230982903183178,0.12400216223246445,0.11115246163821904,blg-0978
228,974.6557599999942,2.0797399999573827,1.1631480973636803,0.40979783981856716,5.139281977056977,7.998127475351436,81.83437934301338,4.418424398854379,0.3523178494846969,-0.1989260447032284,10.61356609845997,0.0,0.36787554829746105,0.14645516806392778,0.017543859649122806,6.243270182872093,5.877224963796358,5.869056071103789,blg-1189
223,980.6770699997433,2.0940499999560416,1.3929940913183958,0.7051714045101478,3.465956042543521,2.4063758973318534,5.047338521536826,2.4881340411012336,0.5062271289180192,-0.5230457112405809,3.4841929074123414,53.92513999994844,0.03692135525512753,0.3721078829158259,0.053811659192825115,81.51712849023583,47.172152002131014,29.096351358295188,blg-0127
4551,3177.664439999964,0.04784499993547797,1.1996118996599328,0.2253706112535386,3.5985494009386,2.2376427621079573,17.622912174633996,2.9997613161065737,0.187869601359182,-0.017775378101426487,14.368356896229999,6.064950000029057,0.6091428902014137,0.1564476236330924,0.010986596352450011,0.26743116795234184,0.2486382344800199,0.24051978664183002,blg-0341
212,968.6971899997443,2.776409999933094,1.1680657530951535,0.5037239331363622,6.136119541252761,8.30051667595325,86.39431913895089,5.253231226462116,0.4312462098037948,-0.4710437288175491,14.39785684894584,0.0,0.35398375718670455,0.15290049896586516,0.02358490566037736,16.407258130591323,12.413354239435193,10.04000664185054,blg-1188
4584,3177.664439999964,0.047799999825656414,1.0209089831091192,0.09316790950789104,2.349745390871331,16.866393515189042,332.19263453600547,2.3016208170674624,0.09125975981870194,-0.02454254871733763,14.98572964425948,1.1524099996313453,0.05129970568888321,0.01832832401492216,0.007417102966841187,0.03295294696917363,0.03176860041495972,0.030371469679099858,blg-0340
223,979.6451000003144,2.0922150001861155,1.1004122218420014,0.11978399219390687,0.5610762833965495,1.1908846641357875,0.7826970744270958,0.5098782684897577,0.10885374474018535,-0.13486326932182657,3.762499039680165,122.96608999976888,0.13565111425638118,0.08727698025047378,0.026905829596412557,3.5247436395899276,1.2610918307707706,0.47240761836351247,blg-0126
215,978.6546200001612,2.119420000119135,1.0866245578152833,0.09418901695537193,0.6168030832421766,1.4322783441573828,4.138443597804508,0.5676321900969827,0.08668036757602857,-0.007836085709413299,4.534746011439164,774.9362300001085,0.4805820691871315,0.06575284245454568,0.023255813953488372,0.4614007584926999,0.43180475921273936,0.39917174488154705,blg-0615
1372,3176.6294700000435,0.8238200000487268,1.0425466913006,0.1400674830198708,1.6665672835680292,8.113881476274793,73.10942153178098,1.59855408058838,0.1343512792713588,-0.13059042046579394,18.174439969938597,26.90734999999404,0.0336257161874199,0.0376026224120577,0.016763848396501458,0.9753869796568438,0.9274903150217867,0.9010965158946673,blg-0473
4550,3178.627350000199,0.04797999979928136,1.0275184528366943,0.0472286536987739,0.6590522390675334,5.559593124921751,44.18546732559441,0.6414018461995052,0.045963800561197365,-0.0408803196575378,14.304389142462618,19.97631000028923,0.20384849178384856,0.022903184943793748,0.018461538461538463,0.027562166141206,0.02654033484246392,0.02465091177422803,blg-0472
170,978.6399199999869,2.885780000127852,1.1833186312308914,1.009161055483828,11.789011293132019,9.738000546146568,102.4466048775093,9.962668449868293,0.8528227480926827,0.02790591073250015,5.165843589829319,0.0,0.47943393219049396,0.17597904283784332,0.011764705882352941,24.247308276466526,24.232991768012898,22.596838697351927,blg-0614
606,3170.6682200003415,1.9653499997220933,1.0166703814550597,0.04148395029237765,0.30406511310125206,4.841901084130771,23.909001158535595,0.29907934337113307,0.04080373603976582,-0.05607378056325385,31.680101504202742,37.90363000007346,0.020361950964916557,0.014464302643781542,0.033003300330033,0.29142189964300846,0.20859259941426744,0.18172018529571046,blg-1013
4530,3178.6243300000206,0.04808000009506941,1.151432928691529,0.45857528958481714,9.031742629021718,13.219259110338749,204.75082607095152,7.843915460057321,0.3982648699505984,-1.374571778163643,55.731597656060686,2.118660000152886,0.06832894085292564,0.12896677609384397,0.00728476821192053,0.9261492945984148,0.8969187509252419,0.8891547117071791,blg-1275
3942,3178.6243300000206,0.04979000007733703,1.1391569790950868,0.3962962462111574,7.8440242284216115,12.95514201671689,205.89250936147477,6.88581495220661,0.3478855416811019,-0.6136834222182264,47.91764919363765,2.0325600001960993,0.08330020089465154,0.11785624135689542,0.009386098427194317,0.7691230554342948,0.6766818802266368,0.6543608530879063,blg-1274
98,3150.675569999963,3.9782400000840425,1.2583009798590847,0.5692294021808232,2.551607930440134,2.731857019795225,6.24415351861294,2.0278200136565774,0.45237936453071564,-0.9679254616922564,25.945783108693625,15.830039999913424,0.05076807354556081,0.2448956184216147,0.061224489795918366,36.63779023465379,28.062484182801153,23.335319491586773,blg-1012
561,3167.652809999883,1.9919100000988692,1.1469159959411412,0.29002546004608276,4.20267185109325,8.41951988249347,94.03125065452232,3.6643240039575553,0.25287419352744356,-0.15496606756669773,18.949435798709246,2.203799999784678,0.2740494508173127,0.12356580804766898,0.008912655971479501,4.319422291383818,4.208688060775649,3.1558558360584015,blg-0687
2803,3178.625650000293,0.055610000155866146,1.0565187815754336,0.07080661022087076,1.3214937360858907,4.995826884962822,71.49725571074866,1.2508000298937783,0.06701878924016781,-0.030941450993950737,22.242350032112654,7.006439999677241,0.630714243037593,0.04583988935774208,0.00463788797716732,0.006728129778048267,0.00608662550349818,0.006012430745155848,blg-0871
4577,3178.6271700002253,0.04803499998524785,1.0834605002862772,0.15767723216748644,1.0442697372874927,3.124949759634371,9.90628371249576,0.9638281482096388,0.14553112981092797,-0.421950918201522,35.109474977026466,65.01481000008062,0.042133326640093526,0.07562970077347754,0.041730391085864106,1.1952799686265834,0.984453583391276,0.8100966960293378,blg-0870
560,3170.635919999797,2.0010199998505414,1.157441084052217,0.19998156063844097,1.6050008053823341,2.7398033791468457,11.732481169878394,1.3866803361570694,0.1727790396125498,-0.20639722817530082,17.77740785769171,79.78660999983549,0.3833717106897801,0.1268057886502575,0.02142857142857143,7.470153460764319,2.5096319748426072,2.3343395414353005,blg-0686
4591,3178.6271700002253,0.04798500030301511,1.012177739565963,0.016013962759212682,0.16025319095474055,2.4386882241157397,9.213278481832718,0.15832514696500644,0.015821294991003022,-0.031139677351194717,35.107879343524395,810.8567099999636,0.3372917880133229,0.009981528725069938,0.028534088433892397,0.005245888855197791,0.004641267363061934,0.004020639821797936,blg-1081
306,3143.629350000061,1.997440000064671,1.0609827032403873,0.09651814504886577,0.4832209781055601,2.148422441053687,3.897900681010663,0.45544660820131244,0.09097051614920856,-0.09546062387785392,14.278899028738579,92.97811000002548,0.05584343128862597,0.05393074972296709,0.05228758169934641,1.9479179199100916,1.4667563990050132,0.7234085608405163,blg-0249
4585,3178.6271700002253,0.048085000133141875,1.1027214566352017,0.24036606910696398,11.397972300396667,28.922445336869465,1174.483379745555,10.336220564541982,0.21797532412278778,-0.15826951005306378,33.53753145213035,0.09597999975085258,0.35196432045804515,0.08316845884970034,0.004362050163576881,0.15654551395442937,0.1483846653439293,0.14648678920635927,blg-1080
318,3143.629350000061,1.9877800000831485,1.0222372581486867,0.029939361006469576,0.1282496174059864,1.2740730494535695,0.429257656483256,0.12545973562307278,0.02928807424590475,-0.04258374210668636,15.478376656259222,154.63884000014514,0.05048401473531503,0.020538148263273368,0.012578616352201259,0.2976044050763663,0.15007774987765943,0.03237658637914226,blg-0248
3648,3177.6644200002775,0.05331999994814396,1.3159822330596425,0.3939762708088627,7.564579534430918,6.362822533385444,93.16522844295451,5.748238302093928,0.299378105507619,0.05499470970138742,22.409980407176803,0.23937999969348311,0.4246469674013418,0.24854023372564127,0.005482456140350877,1.3846585844256127,0.44202568679660137,0.4310410821688426,blg-0845
4526,3177.6644200002775,0.04796000011265278,1.222290303735739,0.25832456489220695,1.6601901377196007,1.1490752821566856,1.238497302700761,1.3582617149648264,0.2113446879102546,-0.41560459001449,31.411907867404235,2950.0255900002085,0.3105073107564186,0.18457619152202592,0.015687140963323024,4.097303795526816,2.460038171990518,1.723410164448945,blg-0844
4586,3177.664439999964,0.0477700000628829,1.0104964971305879,0.012728579674957928,0.14742135339489093,2.393814179610225,15.459054320377899,0.1458900177829506,0.012596361872741236,-0.06217160766716878,92.45129121008232,45.00748000014573,0.238917777430687,0.008342738510537575,0.012211077191452245,0.004569809432902568,0.0017854761029989473,0.0013728010586389265,blg-1349
837,3168.6348600001074,1.0614749998785555,1.095396075628886,0.3140677041877,2.104829552188515,4.486810512428073,20.78695685711589,1.921523711653667,0.28671610964118815,-0.6217468532428982,20.154046912373857,50.8943900000304,0.004136186107032065,0.09339039953065185,0.03464755077658303,13.021506229425976,11.906500134213124,10.976005752314428,blg-0181
4555,3177.664439999964,0.047849999740719795,1.1490760093338317,0.16130787006437194,1.6103873259343393,0.7337442629630626,3.7921216163468117,1.4014628265133837,0.14038050342212258,-0.5243764927727494,92.64989157733561,3166.698439999949,0.8161558257959901,0.11928318028896531,0.008342480790340286,0.06930811960925917,0.054785063812792155,0.044726000222830437,blg-1348
841,3168.6348600001074,1.0665800001006573,1.0754542559014877,0.7336434864062712,16.878366031196084,18.112217075368495,370.48362077809173,15.69417367743479,0.68217079021143,-0.1286174511237157,13.75788875303876,1.994260000064969,0.29668693219210895,0.07334636328055151,0.005945303210463734,7.951922967110668,7.918465213758999,7.803508958881721,blg-0180
4534,3178.6271700002253,0.04816999984905124,1.2068529818398228,0.22185020348089032,1.8588097581111414,0.9296843675580004,2.596968841793185,1.5402122467935584,0.18382537473987134,-0.10731394043449916,20.67178073269766,3086.7313499995507,0.5982062274369666,0.1621921578025635,0.016762240846934274,0.5535340903625244,0.4857080753648926,0.48058042209495694,blg-0729
4574,3178.6271700002253,0.04801000002771616,1.1209817867119767,0.14191769070109045,1.5126862233442426,1.6827411823546476,5.955742442739286,1.3494297835889926,0.1266012446565665,-0.06525496909925632,20.379408480266008,2567.994589999784,0.5327597567546187,0.0979125737048155,0.02120682116309576,0.25130123704988494,0.24926737236583515,0.21142596409611863,blg-0728
224,971.6584399999119,2.0642400002107024,1.0773776573908898,0.1030842564811984,0.8471019871301044,2.7087710822767574,12.442977135879632,0.7862628052997894,0.0956807065908837,-0.05234597407277852,3.1761649362567574,38.93917999975383,0.3550266394635077,0.06335491676192286,0.022321428571428572,0.9005004830669072,0.5213190964702753,0.37898044538898334,blg-0113
1492,3177.6105399997905,0.7943600001744926,1.0993323434246047,0.11502881082640086,1.8161867300759975,2.699091746393554,27.082165427640284,1.6520815788039633,0.10463515466279767,-0.057270166300067205,14.297765471892566,7.999330000020564,0.7289871153332705,0.07886474376328151,0.006032171581769437,0.1937698984046366,0.1802138449939278,0.1796406234037004,blg-0375
4596,3178.6271700002253,0.047999999951571226,1.125562131143627,0.5718526574878207,7.483617920280329,8.430067837278179,81.3384096979831,6.6487825476047036,0.5080596055823182,-0.3893800957455624,18.296899560137778,6.251660000067204,0.003914772209688018,0.12115246076108224,0.01588337684943429,5.472898396692029,4.970162028814632,4.54847510873203,blg-0374
218,971.6585699999705,2.068059999961406,1.0534565221307366,0.06509636160975774,0.3746193332698545,1.2753999871212207,2.0823841446515168,0.35560967334090565,0.06179311592296351,-0.05919166604691317,3.268055926648872,243.65162999974564,0.23253940326557962,0.0456140657010179,0.027522935779816515,0.8988478225329419,0.1831451717806495,0.09981356513762916,blg-0112
82,955.7087199999951,4.032259999774396,2.289869775330123,2.9411247400861393,17.864148600646473,3.5271095968668753,13.470746343058458,7.801381858082841,1.2844069819726134,-2.1849859697589844,8.985426028137287,5.953220000024885,0.11644349958806684,1.215423314738881,0.024390243902439025,693.5065358775248,596.8891371910611,466.00673336775105,blg-1027
560,3167.652809999883,1.99206000007689,1.077628474483249,0.11080420403455625,1.0186095798625714,3.8114449339130547,20.303946256121762,0.9452326052340955,0.1028222672563168,-0.29314979079143155,44.24376119098276,39.94035999989137,0.275805430386788,0.05995513990344985,0.026785714285714284,0.9868418159610598,0.8826853836116333,0.8051871445070973,blg-1241
220,978.6819299999624,2.0917000002227724,1.1143161554706202,0.188249500290023,0.8211070316518642,2.1291771008878064,3.455677223723713,0.736870788646486,0.16893724251996087,-0.12045693018308645,3.6891841898469884,75.80138000007719,0.04180478301256358,0.10357316155199758,0.05909090909090909,6.15318094901034,4.035889206683611,2.0800772022916685,blg-0089
610,3169.626000000164,1.0589400003664196,1.1391804146233928,0.24864164949888037,3.4527307567097747,7.448536719212338,76.32478424331536,3.030890175146075,0.21826362543148514,-0.3357070439700285,35.93553626749019,7.992480000015348,0.26349732714414953,0.1143022053978112,0.011475409836065573,1.6632374483051395,1.4656939756776528,1.4213680965741309,blg-1240
754,3175.6324700000696,1.0996299996040761,1.0216550829176378,0.026201925320033802,0.1843609371041287,1.3449358837671588,3.8109432153442064,0.18045320615750235,0.025646546962543364,-0.04529801891025165,25.939935651732732,3129.6762699997053,0.5494578930611524,0.018457890380403998,0.025198938992042442,0.04716505042756603,0.03991833275592994,0.02674256571517318,blg-1026
217,978.6788300001062,2.799824999878183,1.3291934409932684,1.003110918015988,12.818509106218105,9.470876370736326,103.46177640402053,9.643825055441853,0.7546763921131209,-0.1454002427537764,3.2425230252690582,2.9831799999810755,0.3551433073056375,0.29015692850425356,0.013824884792626729,27.93605111231434,22.599618982039722,21.338387432330528,blg-0088
223,977.7028799997643,2.091685000108555,1.1938430950656744,0.30797086675433644,2.3379084608496346,3.387637551986523,14.941666968020765,1.958304613838704,0.2579659466537646,-0.2040904551128726,4.437709763507143,16.978250000160187,0.23829677966041646,0.1680940206115988,0.03139013452914798,5.521563215482205,5.031747347902713,3.781073301615506,blg-0621
577,3168.617989999708,1.9903800000902265,1.0459181748802613,0.123542809514112,0.7527851325094692,3.9354663254436146,15.438178513340084,0.719736154693256,0.11811899945907856,-0.1978966828995785,20.423538157778566,39.92689999984577,0.010403532791063982,0.04319636428473346,0.03986135181975736,2.9707277616930368,2.9153114847730226,2.5034927556279687,blg-0447
816,3166.6487000002526,1.0718199997209013,1.1043381629002473,0.13329231599757066,1.262228068685148,2.6025167634813755,13.648978823639286,1.1429724152070604,0.1206988214918934,-0.0506423550641919,15.510707549220728,104.04847999988124,0.453545333919151,0.08451991103834175,0.014705882352941176,0.6267576416522298,0.617399886012736,0.6085785615609365,blg-0446
298,3032.8625799999572,2.033820000011474,1.0487782209581498,0.18633759242988765,1.8618560942711229,6.85313124948953,51.499131905541425,1.7752619565436214,0.1776711099921021,-0.02322629056834402,18.002450693033378,3.134190000128001,0.08246152185590887,0.04624524619250311,0.02348993288590604,1.8023195173291058,1.5869285071653125,1.5717597245678843,blg-0620
837,3171.6341200000606,1.0448750001378357,1.1369383185503146,0.20647309129492383,3.487628814402502,7.544719228482016,101.50319006440347,3.067562001229655,0.18160447766607818,-0.10509713137040055,15.370773063945961,4.164869999978691,0.4898245135489144,0.11299261517443439,0.005973715651135006,0.8962133933158409,0.8605812361721202,0.6012243933592332,blg-0506
1480,3177.6105399997905,0.7947900001890957,1.106976150775032,0.15348007566494049,1.941558158031409,4.239452214928882,33.19749547292518,1.7539295125127696,0.13864804058425598,-0.2222383534561827,28.50296123957593,25.14395000040531,0.3902571171638476,0.09033054278744777,0.012837837837837839,1.3574200798372604,0.8980524236045591,0.7861072537936064,blg-0996
93,3114.6276700003073,1.935554999858141,2.2240559015124153,1.4781283131154483,5.587402715925705,1.193407269747355,0.28339708082097204,2.5122582067310204,0.6646093317457488,-0.8851363029355088,29.877194299556063,28.92995999986306,0.030401186978687617,1.09241359118815,0.010752688172043012,291.42852199623326,65.47989135183826,19.45654344275051,blg-0760
316,3143.6778899999335,1.9881899999454618,1.1765204256013533,0.2351858997204739,1.6748525797399423,2.035138894060607,6.513183275412372,1.4235643759845762,0.19989954496647877,-0.20406078668668037,20.70230383338014,42.94993000011891,0.3407787979264978,0.15477457324958557,0.028481012658227847,7.828383988746256,5.459672563846842,2.2741989127631936,blg-0761
741,3167.659250000026,1.1041049999184906,1.057621786219978,0.07153206421005671,0.7518577842837737,1.5445023490747225,7.356204054721191,0.7108947517637889,0.0676348241552111,-0.020839724388870273,16.047963479408832,3127.725050000008,0.5737316115484624,0.04918373324780569,0.018893387314439947,0.23076708183203806,0.22675556178309053,0.1826794916779174,blg-0507
4510,3178.6243300000206,0.048070000018924475,1.1343878931910372,0.17609741440354248,2.0440431306685922,3.0691879377368076,17.924242796030793,1.801890803770643,0.15523562434699792,-0.1961358755936431,27.43984605896796,1013.3056100001559,0.3633808697511746,0.11134807525608524,0.017738359201773836,0.331495548911236,0.31062305257015904,0.30803818303249914,blg-0997
610,3170.6390399998054,1.9478499996475875,1.1136904064250033,0.3058589141784515,4.589050029150919,8.620065279681485,91.5340416577147,4.1205796166245,0.27463549085774885,-0.5224848829711162,48.5641274238944,11.985359999816865,0.1374177340868339,0.10147985272638521,0.013114754098360656,6.17114784107927,5.733072899730806,4.5784325451873515,blg-1300
612,3170.6682200003415,1.9645899999886751,1.1910686180181511,0.2451209116826305,2.286476258222525,3.1426290231036984,17.493278678401108,1.9196847305323206,0.20579915037347035,-0.23757546104664384,35.11991036898981,89.82592999981716,0.3807893710989181,0.15348727607115073,0.016339869281045753,5.791102149216486,3.5868498167071747,2.8714147507093792,blg-1166
622,3170.6682200003415,1.954300000332296,1.0367749868759981,0.14470442673024791,1.8335280156079328,9.852172428602662,104.17735522155685,1.7684917374866334,0.13957167868271333,-0.16314071727182844,47.00351577436057,8.79297999991104,0.08987561723890412,0.034107247757113456,0.011254019292604502,0.9541034888657561,0.9314876418644162,0.9234710082163736,blg-1167
294,2307.984490000177,2.010749999899417,1.0476293093276348,0.09168254308117854,0.7971443090743338,4.238659174243346,21.82888371823165,0.7609030163320921,0.0875142966980154,-0.1166552335567137,35.10906402489415,29.960179999936372,0.20574572630239366,0.04311248210025469,0.027210884353741496,0.41175709288841345,0.3536464888894814,0.3232347016330014,blg-1301
1275,3166.649310000241,0.751979999942705,1.2667354911963313,0.3429677298931244,4.57229140238582,4.024004890590114,31.371682348125205,3.609507587075323,0.2707492839422425,-0.9318203442879431,104.5029640041717,3.070789999794215,0.4662261781950321,0.2107433280896702,0.014901960784313726,3.001841493544282,2.6017655810599036,2.4200448528109617,blg-1432
1622,3175.6225900002755,0.16867999965324998,1.042536335544635,0.11222677992448239,1.410860285664858,8.158005651677483,75.3052105945487,1.3532960185937744,0.10764783444154516,-0.5078992256396098,87.2754440321189,6.07746999990195,0.0862205401050755,0.03658063920958532,0.014180024660912454,0.12309605616233457,0.0974175742234659,0.09666977691341141,blg-1433
326,3031.9838200001977,1.9951200000941753,1.0187466885663317,0.045994379502294,0.47625312011120413,5.95864511004962,42.196894646776585,0.4674892402413953,0.04514800348999537,-0.03311709540383001,11.292105693065368,20.957850000355393,0.19289996978151916,0.01727228159667513,0.024539877300613498,0.159967284464278,0.10863145791717743,0.10150661611268799,blg-0234
4508,3178.6243300000206,0.04816000023856759,1.0090724633360102,0.013632407665208153,0.39410081391691976,8.248194610812403,164.30810058020504,0.39055749148920493,0.0135098400020161,0.0004637632588164742,11.683364732474477,4.998689999803901,0.20810484277863192,0.0073944355711166926,0.011535048802129548,0.006634791844152148,0.005905152813277367,0.003418354649191632,blg-0052
4537,3178.627350000199,0.04797999979928136,1.0644946569938225,0.09032829672527692,1.9217314684806222,5.557619923187947,76.17455342786522,1.8052992918298711,0.08485556529876079,-0.08900087505820764,11.941504949314968,23.930329999886453,0.39075837462164514,0.053758214952470844,0.00969803835133348,0.18711943931124808,0.08194139365075553,0.04574765392768929,blg-0053
326,3031.984669999685,1.9890800002031028,1.1552893297073017,0.19174442994003743,0.7602169041991907,1.1462860597145343,0.02622744213285877,0.6580316099790167,0.16597091598596145,-0.3361732078552768,13.18514169010806,301.0432199998759,0.044745944102907206,0.13539069724945887,0.003067484662576687,14.572785348636069,5.640332068910522,0.9920500381458528,blg-0235
771,3167.6716799996793,1.0963999999221414,1.2061412906009044,0.3043068783059385,2.5055380335627775,3.3111186117668114,15.195414085351807,2.0773171703137177,0.2522978677161056,-0.47639325270861876,20.424655109108983,53.83715000003576,0.24154914879893924,0.17019456373143432,0.02464332036316472,7.879104065812959,7.839608894237378,7.553226659885259,blg-0668
1507,3176.6462799999863,0.789894999936223,1.276498359015586,1.774082386858871,47.72258782293186,18.90296763507013,417.6048062582394,37.38554547448009,1.3898038806167952,-0.9340740044830971,20.945613996681608,3.0530400001443923,0.1264649163965396,0.24588648041084807,0.0053085600530856005,54.49452044884769,54.05305262085114,53.37790435696257,blg-0669
967,3173.65755000012,0.9081699999514967,1.3615264855704308,0.5175188206144127,5.472021983629161,4.623299526238464,32.19602185885013,4.019034518558216,0.38010190936283683,-0.5774689447447829,35.9110121783621,17.143849999643862,0.31021076515470164,0.29075215746862015,0.014477766287487074,10.162290703094936,9.919002333152703,9.226742202401477,blg-1208
605,3170.6390399998054,1.9485299997031689,1.1579111360526768,1.4933169083082065,36.66568868181904,23.905508107187753,578.8655475446761,31.66537329467162,1.289664507850131,-0.145931366033067,37.66661267789447,0.0,0.8799039211237968,0.14214278405286923,0.001652892561983471,18.72806624929877,18.552559525953388,18.499245929080264,blg-1209
592,3170.6137999999337,1.9477399997413158,1.0982991902679342,0.12740568452364479,0.96344279723073,2.172333674435332,7.568171090653626,0.8772134196179826,0.11600271082102555,-0.14520502426246296,22.350850935334005,2479.107959999703,0.3226676006294166,0.08143763804269827,0.028716216216216218,2.091005378970091,1.7504890316418271,1.2815078950798664,blg-0904
219,978.6868799999356,2.114449999993667,1.0900825155644451,0.16723115069668873,1.3175352926852613,4.070595843105888,20.497704525556607,1.2086564657139522,0.15341145901783573,-0.04910897436184247,4.599500311859145,8.987050000112504,0.17749352936256282,0.08408798243378912,0.0273972602739726,1.6891077499299645,1.332772744327694,1.1247752063684913,blg-0594
832,3168.6348600001074,1.0611299998126924,1.1813409364529879,1.0040664459140736,16.727528474694573,11.539938476353932,151.52255283098756,14.159780480749005,0.8499379022870693,-1.3769718186916504,34.24525593751798,5.756180000025779,0.06931373382055644,0.1701732970409006,0.01201923076923077,33.74649683820045,33.065596289821066,30.344997184229037,blg-0905
216,977.6997699998319,2.089759999886155,1.4156884778738317,0.788431073940781,4.377704037383187,3.2047599719420004,10.440141883820607,3.0922791806818273,0.5569241261012834,-0.4227737687238782,5.616662162453781,22.138809999916703,0.03684600362620165,0.3668067516931625,0.037037037037037035,81.66300906508502,56.419176326531684,45.20257379156378,blg-0595
517,3161.6808000002056,1.9716799999587238,1.010180034747362,0.015914443743284247,0.10597118156328145,3.21803099270575,11.736238029430146,0.10490326166538363,0.01575406663993677,-0.07149032192082783,100.80750060801586,88.03392000030726,0.06227745646866821,0.008406225245094812,0.03868471953578337,0.05827749408835362,0.04067046571035457,0.02526317889206168,blg-1392
626,3170.6682200003415,1.9536899998784065,1.1130972680748574,0.8128902978008594,16.87329976183393,16.08389117537811,299.76497342898284,15.158872538990412,0.7302958275190314,-0.988218482056304,78.20235356777843,0.9959399998188019,0.3206467154356319,0.10532676686536563,0.009584664536741214,17.31415365060875,16.035734834723314,15.994690944463894,blg-1393
324,3160.660939999856,1.9590099998749793,1.2555891482938966,0.3825645983956229,1.7962951321723941,1.7806417331024933,2.2888140969187933,1.4306392503525698,0.30468931327461796,-0.5490652470366679,20.805003172757193,83.72000000020489,0.04757048754161067,0.235965652379139,0.043209876543209874,41.77433640982559,28.613390454388565,11.645248751013586,blg-0717
1957,3151.65764999995,0.07274000020697713,1.3592365237672839,0.6380256663313663,6.4412329517187406,4.839354693533473,30.030680525666753,4.7388609647403355,0.46940002750147036,-0.3887806930902653,20.764348471216586,5.9898100001737475,0.14782541728804569,0.3043621578668963,0.02401635155850792,5.673981773080938,3.981202862727757,3.6653133301965037,blg-0571
4455,3178.6271700002253,0.04821999999694526,1.0853243088714049,0.1165300634111314,1.6457178047231302,4.085461267030264,34.51573839124737,1.5163373529070658,0.1073688863180615,-0.07575572427396593,17.500325698764367,6.136659999843687,0.4142690520342198,0.07090516521718707,0.012794612794612794,0.1844734911312386,0.11341173975566515,0.08373087366355429,blg-0570
311,3160.6802600002848,1.9632799997925758,1.121972447674223,0.23931651528589418,2.7661696343432043,6.1534622392227085,51.669782323385576,2.465452351724655,0.21329981288665675,-0.06461091311138167,18.64324396904128,6.071239999961108,0.29633715339313016,0.11107687510449143,0.01929260450160772,2.4329399095683093,1.703326336959483,1.6962016288012032,blg-0716
873,3169.626000000164,1.0336249999236315,1.1747632887758293,0.712711001675857,10.962286870415623,10.999906716561552,135.9313194966602,9.331485654888057,0.6066847699605042,-1.334663653913193,32.81558049124681,5.973710000049323,0.06315133956465378,0.1511622680524087,0.011454753722794959,14.99725438891196,14.726508633582323,14.208783619710964,blg-1111
816,3171.63917999994,1.0617399998009205,1.0374660353153788,0.07827313649542982,1.1965379447641546,9.011642219156005,102.69660680313312,1.1533273307276477,0.07544645615041368,-0.21047535736137601,87.16395410611612,4.026440000161529,0.17339732314686496,0.030115465012907676,0.011029411764705883,0.1479928014683096,0.1419663411552195,0.13853472977091508,blg-1377
1499,3177.6105399997905,0.7947850001510233,1.0062405645704484,0.013223367559862718,0.11885378188135609,5.593595255621842,34.85651015383147,0.11811666601905146,0.01314135793570798,-0.07117297760956776,69.83700318965009,25.086160000413656,0.06488857999639466,0.0053952795750576675,0.02068045363575717,0.014956819124230017,0.01344955716322713,0.012292378810601742,blg-1376
349,3106.621449999977,1.9642350000794977,1.2293507761562763,0.3953296369270417,2.3812786961509294,3.0045215872946036,9.539983179125164,1.9370213310688191,0.32157594185390387,-0.4838674344177929,33.923140053382106,49.72118000034243,0.09924587420548239,0.20116985724245637,0.03724928366762178,20.14151460874838,18.684353537125062,15.3023744516537,blg-1110
625,3170.668229999952,1.9499200000427663,1.044484094863248,0.057106007243730744,0.44555242318602595,2.0853646839336033,7.016087880332607,0.4265765473227199,0.05467388826487457,0.0,0.0,98.81336999963969,0.32217650108917195,0.03621847953972425,0.0336,0.5374144706543907,0.3464059863333094,0.34594269504712405,blg-1445
4496,3178.627350000199,0.04816000023856759,1.0991873088856803,0.1354019538071573,3.1759551238672867,5.787558964928078,79.76482376765742,2.889366597757846,0.12318369351679141,-0.4856006147059002,95.7475836602472,9.016359999775887,0.4525389651353885,0.08005825304471227,0.00800711743772242,0.09305317571825905,0.0593459589112348,0.05785752475044815,blg-1444
4549,3177.664439999964,0.047849999740719795,1.0843307829050906,0.0919856180876718,1.8231718743133807,0.9466980666409507,16.351098665048553,1.681379783957643,0.0848316940637903,-0.006333964539446235,13.016692210951899,17.941920000128448,0.7987205182198152,0.06799725649503252,0.005715541877335678,0.041530760731229646,0.019534578208164125,0.013885148194947036,blg-0025
398,3126.711099999957,1.7810200001113117,1.0272379233444613,0.04644201984682603,0.2029291745614995,2.148721224876444,3.5175527014620247,0.19754836535368847,0.045210577159685884,-0.055519302827616634,14.495920731350218,107.717310000211,0.028418969650983547,0.025236502430857358,0.05778894472361809,0.5574889118383707,0.40708717334191075,0.24715223611269804,blg-0243
397,3126.711099999957,1.7819199999794364,1.0497368011360595,0.06509359725202604,0.2909781191939852,1.1438110018397347,0.283878157554617,0.2771914980089906,0.06200944518805588,-0.10756096741208321,15.315535076084073,186.79706000024453,0.09890786250012942,0.045122436071511285,0.007556675062972292,1.4329202421192784,0.8362436230897783,0.22061390555863666,blg-0242
2558,3177.664439999964,0.057269999757409096,1.0198767057761329,0.022531293941370753,0.2939555318422409,0.06538267900859618,4.947196769326725,0.28822653492833084,0.022092174076377744,-0.008043379722421529,12.835296348340359,3127.690110000316,0.7881404082071555,0.01638923255676484,0.013291634089132134,0.003293622047578632,0.0007294461258954494,0.000701810819907355,blg-0024
579,3168.617989999708,1.9913099999539554,1.1321871827279881,0.4790372661066551,9.791533722515926,14.963363018360512,268.38635317969755,8.648334644135456,0.4231078298566706,-0.06285563948659201,15.609361165683053,0.0,0.3259757375809766,0.11687235435824336,0.008635578583765112,7.832257741835431,6.755744781764841,6.418388520407173,blg-0479
2480,3174.6680899998173,0.06070000026375055,1.022406708361994,0.030416266041591956,0.7640602253620287,7.027850246170125,122.9007243933838,0.747315340988893,0.029749673486420453,-0.004528261782629217,15.728106546295699,5.988140000030398,0.5486717742474351,0.01825383608469447,0.004838709677419355,0.002353579174875409,0.0011969380277494846,0.0011831736741207619,blg-0478
221,972.6472099996172,2.078840000089258,1.0582921119996063,0.08642937870041742,0.41247413115487785,1.9059759947577226,2.9404226376776252,0.38975451350381624,0.08166873484526381,-0.09842832963670523,8.034885914993884,53.87981000030413,0.12711644814203266,0.05193861136709268,0.03619909502262444,1.1429786649982838,0.8305301153919488,0.597071190277399,blg-1019
582,3166.7080299998634,1.983160000294447,1.048021723190389,0.13093069683992928,1.080634915955569,5.744765920937072,35.34529973881178,1.0311188038685983,0.12493128023342598,-0.19063670883039885,33.13547448717386,23.971679999958724,0.04470295428081384,0.04300255075113782,0.02577319587628866,1.7737454411665592,1.5486334918624525,1.5153461799344057,blg-1018
576,3166.7080299998634,1.9825699999928474,1.1747942369226558,0.3740919008419682,4.965902455626187,7.510793979706247,71.3627895975915,4.227040155017991,0.31843184610572667,-0.13997848802320823,21.797559736324143,7.154279999900609,0.1478805324866579,0.14539854216002823,0.015625,8.33002721528984,7.559344483459159,7.551180112554221,blg-0785
331,3031.9723300002515,1.992050000000745,1.1017768061947981,0.15633605328004813,0.9737607478243681,2.8638911843198405,9.170384705164494,0.8838094371847843,0.1418944844201617,-0.23880512078282634,23.714138921326967,29.920429999940097,0.1220344489527425,0.08382937326263647,0.045317220543806644,2.9973391074431865,2.6152730817105962,2.3488615529060564,blg-0973
1679,3175.6225900002755,0.15684500010684133,1.186827397074646,0.946218686596052,25.25194565712641,20.526914869676492,468.2269758530498,21.276847422464503,0.7972673035318094,-0.6599804210800919,28.714409184315446,2.1127700000070035,0.1738139823292334,0.15766198765345918,0.004764740917212627,2.5964544046742883,2.559974789172176,2.5494633876368753,blg-0972
576,3166.7080299998634,1.9904199996963143,1.1268865796913248,0.24475033457948503,2.4489205186548215,5.310056854162068,34.918390272719876,2.17317389438952,0.21719162941368103,-0.1080653876408415,21.489830561406997,15.972529999911785,0.1554313499011877,0.10808817199284236,0.019097222222222224,5.182493077843476,4.57745112997683,4.353710376900805,blg-0784
2790,3177.6644200002775,0.05579999973997474,1.0783759988689579,0.11086222398847283,2.85679324013877,8.642385309405654,160.84783920945262,2.6491624597018664,0.10280479450275362,-0.12496048200662857,37.39483946435917,14.080680000130087,0.49093608848252224,0.06286830992184295,0.004659498207885305,0.015475861518495228,0.015271576044823888,0.015040905563977348,blg-1183
216,977.6997699998319,2.1389900003559887,1.0737838321000042,0.1668179530416657,1.1423565715553465,4.31214812780221,19.912621852712796,1.063860831916817,0.1553552460944272,0.0,0.0,32.05349999992177,0.029228072574866027,0.06737684759851326,0.032407407407407406,2.436822082611385,1.4669522485061652,1.1557614498268995,blg-1182
522,3152.6875,1.996930000372231,1.2383265149352984,0.3054397628056106,2.90433264542778,3.51473443883153,20.569019751786605,2.3453690015882755,0.24665526955547495,-0.025932623044422565,24.237462188125924,11.009659999981523,0.44663622916105883,0.18389218434424165,0.019157088122605363,6.191625220028283,4.248938788160764,3.7850668576730926,blg-0832
316,3031.97424999997,1.9997200001962483,1.3803014197736765,0.5951589767448712,2.501528766950193,1.8435422652653994,2.302810195183384,1.81230614776684,0.4311804392193214,-1.0637479571993722,33.04926392729419,107.65895999968052,0.02877559167368109,0.3475577568637371,0.04746835443037975,93.1322839788754,61.70148203293624,27.63829863163517,blg-0833
805,3170.6686399998143,1.063059999840334,1.0303285604870185,0.03127607006797408,0.2529427407341023,0.9817593842225242,2.716541950107689,0.2454971627298859,0.03035543317331327,-0.01951459691474078,15.96858204326477,2925.976840000134,0.6282892924258169,0.023091459332566178,0.02111801242236025,0.061411026682070484,0.03626595772543596,0.03445401487833201,blg-0390
4474,3178.6243300000206,0.048190000001341105,1.2804439082683887,0.3220362209059837,2.2000577964103014,1.2403924874776695,1.70821069655726,1.7181992627881388,0.2515035733400102,-0.8198247581365257,42.59507729657302,3105.6177300000563,0.3750402381832687,0.2337771405655019,0.02101028162717926,4.119361499191077,3.7133745450847147,1.9054907483600223,blg-1158
577,3166.7080299998634,1.9819800001569092,1.1696091469396843,0.6946856304945443,11.396114336004818,10.536715871110088,139.2117644245383,9.743523525262983,0.5939468123797945,-0.35005680482034407,18.955306766094544,1.0877000000327826,0.14326075543581485,0.15921816051808013,0.01386481802426343,39.60306190314477,37.069201021661044,33.585452075828385,blg-0391
4509,3178.6243300000206,0.04815499973483384,1.1417419100815893,0.15786523272415517,1.6174125417129004,1.296779601075214,7.208795616628862,1.4166183384046367,0.13826700232997846,-0.15798036229482904,35.19770873707966,3106.783310000319,0.6119878593009576,0.11146945446565736,0.011976047904191617,0.262345439211491,0.18374072466092947,0.1339448790341577,blg-1159
297,3033.826479999814,2.0500650003086776,1.248038421900946,0.5012670830933291,4.993262990647944,5.707373619518717,39.397944566334765,4.0008888051968645,0.40164394803918474,-0.3048789796389244,15.696062441831742,6.118939999956638,0.14536090015057582,0.19975842164762964,0.020202020202020204,18.20568254029097,14.765568526320768,11.956480220593699,blg-0538
809,3175.6324700000696,1.0661750002764165,1.0629707264125499,0.10944784791116684,1.0604130574800341,5.037378052551176,32.433158589511685,0.9975938388095729,0.10296412136475694,-0.09882149651993055,17.724079139032078,26.150669999886304,0.1809611876409986,0.052402768645325996,0.019777503090234856,0.6610911098061513,0.6421011505568065,0.598888056230576,blg-0539
217,972.6846400001086,2.103880000067875,1.4576730988022517,0.6636611441812164,2.7687840613460475,1.6513227613269152,1.672208396737724,1.8994547163054385,0.455288047898844,-0.6911230368984098,4.234079512874466,69.77870000014082,0.041212130614228674,0.42108943938352833,0.04608294930875576,108.30678766469488,49.94809207813627,20.209533239002774,blg-0302
754,3166.697150000371,1.135319999884814,1.0269823286917819,0.11276273505686822,1.0497653792313508,5.9537994067423226,37.975716039538554,1.0221844521382824,0.10980007231722279,-0.14820655743092992,13.280425242300257,52.999059999827296,0.03291952267232432,0.026045907810100626,0.027851458885941646,0.8737944582773627,0.8258773431989485,0.8168991918194405,blg-0164
202,984.6897300002165,2.0690799998119473,1.3409294119283428,0.9439972931721297,9.297033519320744,6.5059213499609845,47.827891631392966,6.933275806530527,0.7039873074114527,-0.1308725268439992,3.3814992544486886,4.988189999945462,0.15454653030119475,0.3146311739999672,0.019801980198019802,30.040291972450664,27.446358297850818,26.071918368862292,blg-0165
334,2695.7828599996865,1.9917600001208484,1.3188554823864898,0.9124278487777769,6.423393754315552,4.407712305607628,20.84004360858341,4.8704303021799005,0.6918330734830731,-0.8418447041341992,17.511256861958998,13.119519999716431,0.015355669592325595,0.311104614937814,0.03293413173652695,112.25473031092918,95.07636336436428,72.82530485141477,blg-0303
1044,3175.622700000182,0.8746499996632338,1.1364038251731996,0.14698507967619312,1.178829121863501,1.2341809649213416,4.271419140460688,1.037332931636785,0.12934229463753183,-0.07216486076864803,13.72614736792649,3037.9012299999595,0.7806587037926408,0.10808933749579012,0.009578544061302681,0.42423160976297514,0.3286617202455524,0.2728450054778412,blg-0298
1507,3176.6462799999863,0.7903599999845028,1.109156473763041,0.13017257120768322,1.2439563401010916,2.2269583188830366,10.060171067003113,1.121533668433073,0.11736177276451205,-0.30240380032907876,42.59727116241515,2221.874260000419,0.4760252952085801,0.0852855604085761,0.0185799601857996,1.3539383396165134,1.0898438365326262,1.035039703524095,blg-1236
57,3058.7664499999955,5.869060000171885,2.1280397411577767,3.0183655566702283,18.780078230550238,4.397055272654951,20.189502109060207,8.82505987979444,1.4183783714698295,-1.858110746902776,68.75841878502551,1.772180000320077,0.27046067666075957,1.0562562555162902,0.03508771929824561,543.592719401439,497.1706075512994,397.52129301547205,blg-1050
779,3167.6716799996793,1.0963999999221414,1.0240531364779397,0.027430007286010687,0.23932496892881439,1.7570163536513665,8.737689179588175,0.23370366054919395,0.02678572628808537,-0.004508847861058207,14.398343047547828,2885.1174400001764,0.6093367005939364,0.019084180551997926,0.011553273427471117,0.021323713772521968,0.016549784890566133,0.016268161768025445,blg-0299
393,3126.7114399997517,1.7912199997808784,1.184092096680372,0.3217968213274708,1.8222040999618252,2.592987621247698,6.791377337786059,1.5389040174166975,0.27176671435606065,-1.0054191809237012,53.84097262656998,107.97931999992579,0.04394845539554689,0.17151140488164365,0.043256997455470736,20.993546973626483,16.85961832275224,7.863351411870232,blg-1051
201,3147.7014399999753,2.985670000081882,1.245746122124505,0.7068059164231899,8.32900392083859,8.488352656621174,82.90856222869732,6.685956075684733,0.5673755656923435,-0.3749912612604296,34.87503135253444,1.2497200001962483,0.33145970054466034,0.20974262139906336,0.014925373134328358,15.690132942091811,15.484583429793757,14.874860942002675,blg-1237
4564,3178.6241599996574,0.04802999971434474,1.0695208322640892,0.10638588339834963,0.6051806677443663,1.9518226941167647,3.0036359504157133,0.5658427997188421,0.09947060327794952,-0.3412520109384167,43.85516038652554,176.7491799998097,0.051150825651074414,0.06280443671680962,0.04732690622261174,0.9293960388681508,0.48992071305962415,0.33038744580222873,blg-0430
2803,3178.625650000293,0.05563999991863966,1.1498336283850015,0.1818570961853414,4.433330816623452,5.183151142105742,96.3934385087458,3.855628039244256,0.1581594850893115,-0.049683381876426624,17.8294490171984,1.1084499997086823,0.7631369613351183,0.12066013410971718,0.005708169818052087,0.04155083731542466,0.034443069571316744,0.033567535563871764,blg-0656
2810,3178.625650000293,0.05560000007972121,1.0702992309859127,0.08450671184531244,1.2896679330443723,2.6911500399058212,23.85379031085235,1.2049601491414559,0.07895615413822826,-0.00040646328622462313,17.95390420869233,12.185459999833256,0.6902693506683188,0.05768890460717473,0.009252669039145907,0.012421580762455857,0.011950725442394403,0.007431914846200007,blg-0657
701,3168.6656200001016,1.1443600000347942,1.1300068816547209,0.16669892014897209,1.9577914682305653,3.6310768590908,25.89389947302427,1.7325482549612434,0.14752026857541306,-0.08544157339429503,15.354702015436498,10.977719999849796,0.4798891692976384,0.1017558675652554,0.014265335235378032,1.2544996630482077,0.928168377338732,0.7188622540336433,blg-0431
220,978.6751799997874,2.0932599999941885,1.0522407565193233,0.10735792540153825,1.2810115687973394,6.665800038565725,61.91975152228687,1.2174129814745351,0.10202790921764458,-0.21139495283161458,38.24951120788592,3.045010000001639,0.3301666902548944,0.04662661223133015,0.013636363636363636,0.7903034005096775,0.5967247837803744,0.32457561460092527,blg-1289
4591,3178.6271700002253,0.04802500014193356,1.068016067243666,0.0709991002984299,1.2404279246405459,1.1207194309755206,15.005093976303126,1.1614318839111861,0.06647755760537262,0.002384692425121626,12.72237543947927,162.69461999973282,0.7844154305603649,0.052396369541681795,0.00631670659986931,0.015375872888578088,0.008550729576127656,0.0073197080533381085,blg-0041
217,979.6352300001308,2.14642500015907,1.0529666664316497,0.12563599021962296,1.0897340107040212,4.687274197406646,26.140658901791625,1.034917851718699,0.11931620727579433,-0.08894203948425661,2.9402041623663133,18.963659999892116,0.17952616068655902,0.04932513074235643,0.03225806451612903,1.4229114564307666,0.8846701049093401,0.7142398567193358,blg-0227
220,978.6751799997874,2.0932599999941885,1.053690160304805,0.07820796223580963,0.46800763785609323,2.641490083000456,8.0063484493261,0.4441605806389092,0.07422292096849126,-0.16832900072602097,33.97801906715987,74.86378999985754,0.15695722491063963,0.04554869823601427,0.03636363636363636,0.5901163052950139,0.4504932081914772,0.36901614491728874,blg-1288
219,979.6352300001308,2.104465000098571,1.0240739743465714,0.04207909747668063,0.481166706548828,6.085555721980104,51.66377535369342,0.4698554146513594,0.04108989987039847,-0.01763565405401657,2.9402041623663133,6.000839999876916,0.42750369318942955,0.02000193347634048,0.0136986301369863,0.09589749889475835,0.04307907732108852,0.04211901189016484,blg-0226
3477,3178.6271700002253,0.052490000147372484,1.2333737092798482,0.23075930610399803,3.106830101083923,1.4235060022810309,10.677912703243083,2.5189689487610964,0.1870960135576227,-0.08498078873472914,13.146823644941328,13.982960000168532,0.7842452125992067,0.17547484577608505,0.004314063848144953,0.4308805686284022,0.07420741270853617,0.06944504940716821,blg-0040
561,3170.6137999999337,1.9637949999887496,1.0126273990060697,0.05040574640051132,0.529715584839728,6.933502397337648,52.99309003732078,0.5231100601549616,0.04977718946990224,0.0,0.0,30.002570000011474,0.022959237642468003,0.011881822240842813,0.0285204991087344,0.195357285132558,0.17340428855245504,0.16912245667761006,blg-1421
596,3170.6137999999337,1.9492700002156198,1.0140941554294634,0.02920952342766539,0.4932547124074006,8.850932233455927,113.5692867793446,0.4863993199275631,0.02880356127016599,0.0,0.0,8.97177999978885,0.18590210233511764,0.012126884216882981,0.008389261744966443,0.04671714690980931,0.041816849844040174,0.03822622878940695,blg-1420
770,3167.6716799996793,1.096289999783039,1.0828159821573073,0.09362038706491498,0.7571654578602648,1.8156527563919398,7.661854160755672,0.6992558877448374,0.08646010748178364,-0.11994469593595514,35.861530687667944,2685.862829999998,0.5486946761557632,0.06559571292120457,0.015584415584415584,0.3558652782417517,0.25847531339990026,0.23928749535504915,blg-1175
4586,3178.6271700002253,0.04801000002771616,1.0742913789970567,0.1809356478858662,3.951008143693157,13.498256076923719,229.3453614004218,3.677780706575115,0.1684232506552856,-0.4559218567820891,56.76222920062119,2.212929999921471,0.14308260766829536,0.06153825962889443,0.006323593545573485,0.09691306654216768,0.08693251365512424,0.08481040874373857,blg-1313
4586,3178.6271700002253,0.04803000018000603,1.1259741081217078,0.15852908132247626,2.988840422878089,4.673651565665442,61.282565461628934,2.6544486012377613,0.14079282886797284,-0.1743788195106979,56.989658594740426,1.2132600001059473,0.5833122111825784,0.10153215844943785,0.004797208896641954,0.20589641662694727,0.03939583773218451,0.03455232419437775,blg-1312
771,3167.6716799996793,1.0963999999221414,1.2391563618349992,0.44322583638229723,3.5480845952023934,3.946638107368333,17.910978151067564,2.8633065816772003,0.3576835389434735,-1.887539698027201,56.577919186669206,62.77066999999806,0.09739811148533835,0.2091800818514626,0.029831387808041506,23.086212274404076,17.922265940594148,15.562299387823288,blg-1174
3888,3178.627350000199,0.05043000029399991,1.5290628620936357,0.48968967672900643,4.055653743793855,0.8723212048551785,3.4599935432897952,2.6523786678835126,0.32025476889548016,0.286328856967315,21.085992814974688,3026.857679999899,0.2800241247271726,0.3703674360706974,0.010030864197530864,9.749229914674926,2.4152406429158355,2.1437154553409665,blg-0773
4561,3177.664439999964,0.04777999990619719,1.0505742833029208,0.06838743154821714,1.0331839048171392,4.502326709662682,41.12281171209307,0.9834467789697123,0.06509528358362222,-0.025941663888441324,17.28150881422976,5.051569999661297,0.42650410269528105,0.04076843147462111,0.01052400789300592,0.03526648311836246,0.024690411993992824,0.02247425673840845,blg-0515
927,3176.622359999921,1.0226250002160668,1.0278329404899846,0.11641231505231132,1.7297027912229512,8.235317036964723,84.55161306713661,1.6828637283893009,0.11325995629622079,0.0,0.0,16.932719999924302,0.013501394090478284,0.02602019562565239,0.023732470334412083,0.9323468816319908,0.8219766027698571,0.819442913268143,blg-0985
4534,3177.664439999964,0.047849999740719795,1.229662189162023,0.3222782624113549,4.236661506682705,4.779086255249469,40.64351238120918,3.4453864724554926,0.2620868256590937,-0.13727845543745842,17.28541272356405,5.953129999805242,0.3689089323147274,0.18521970554095904,0.01345390383767093,0.6440422371676758,0.6140366191661615,0.5757767815745037,blg-0514
4529,3177.664439999964,0.04783499985933304,1.2319552948328452,0.24738955108716545,2.3629076666775055,1.4528154284866062,6.82023205475897,1.9180141174018575,0.20081049216370062,-0.25201555849088986,26.874225020293466,2646.871610000264,0.5569512307932584,0.1799658198984993,0.010598366085228527,1.9222046462584106,0.5971566738309351,0.27974335100218567,blg-0984
1497,3177.6105399997905,0.7945700001437217,1.0095451608313655,0.01732675801361278,0.2580472900412185,7.346303396469806,73.88766464744975,0.2556074730452282,0.017162934868327,-0.022501807437427468,22.050377920736373,18.88381000002846,0.19292225849092096,0.0077053099867921285,0.014028056112224449,0.013705093707168622,0.011365740620774554,0.011221238479771623,blg-0772
4516,3178.627350000199,0.048139999620616436,1.0839706211446314,0.09152038592760176,1.0944059592725155,1.8784391781365983,11.85862060030638,1.0096269472881059,0.08443068778621773,-0.24269413836693565,82.90080619564914,11.122870000079274,0.4343228234028566,0.0661608551507494,0.008193091231178033,0.3637369265174315,0.03250306541033042,0.027959926095798993,blg-1381
2498,3174.6680899998173,0.06022999994456768,1.0133025457428657,0.01801718794974558,0.4444014253467915,8.8647684487765,171.26812328877665,0.4385673586118559,0.017780659732508954,-0.003458616537020953,13.132181495199196,6.99115000013262,0.4596233688081358,0.010504344472092296,0.0032025620496397116,0.0009341452128738765,0.0009247979544781082,0.0007866807711452249,blg-0149
4504,3178.627350000199,0.04793999996036291,1.0286986911570053,0.03298534871982004,0.557403943650993,1.9501476502527626,19.63729289103737,0.5418534533231798,0.03206512138366708,-0.07571268047320401,73.15001729152925,2.138520000036806,0.7323682249504309,0.023347692106211314,0.007548845470692718,0.0018921902542881736,0.0014226641359456225,0.00129872051037786,blg-1380
2416,3174.6680899998173,0.06070000026375055,1.216628770923339,0.2336962237912105,2.5700778788626257,1.78341323396378,11.532295706490455,2.1124585569249072,0.19208506937822964,-0.09836287510219943,13.132181495199196,2738.207070000004,0.7359789128891642,0.16754963900315037,0.0074503311258278145,0.07825457080920678,0.07100283972758983,0.07054167150173081,blg-0148
315,3031.976389999967,1.9989149998873472,1.2385966350166175,0.8168040268641144,14.250908603989142,15.016444739828145,248.05779090131466,11.505689653953445,0.6594592599216639,-0.2736500238443882,21.30378394724272,0.0,0.7590709348385234,0.21470300070609266,0.0031746031746031746,19.489514413095055,18.366273314219303,15.57190640329978,blg-0917
608,3170.6682200003415,1.9519199999049306,1.2736923686768395,0.41514707728539185,2.910646659784429,3.14097815686198,12.058646473010517,2.2852037968603693,0.3259398299271152,-0.3945632171492377,17.800333850928936,58.95729999989271,0.1804428630992041,0.22707029429200065,0.027960526315789474,27.355026312287773,25.772845127176087,20.445354873802614,blg-0587
215,979.6352300001308,2.104465000098571,1.1374016419156947,0.26978459270450955,2.6974307671273983,5.25873571754629,36.89512159326138,2.3715727531995308,0.23719377605098313,-0.20945327884780718,7.375915184399054,1.0024500000290573,0.15909345293448207,0.11459611201074814,0.027906976744186046,7.1103077516929805,4.204993941362644,3.540931596208264,blg-0916
628,3170.668229999952,1.9515599999576807,1.0430167153841792,0.06390930041577428,0.3839401050534319,2.2810813693234424,5.5556311161436,0.3681054154831635,0.061273514470474355,-0.1017923163805925,21.66862297680426,139.6864300002344,0.15755717562723126,0.03729280209236475,0.041401273885350316,1.082133061847377,1.0294218219896774,0.8596842755530761,blg-0586
208,978.6399199999869,2.767219999805093,1.1570767229680394,0.18870724765802172,1.114994680361852,1.4311818016868356,3.2769876217205,0.9636307157449775,0.16308965713446263,-0.0665124869394138,3.2618065645867835,733.3047099998221,0.40434430567122537,0.12983860544335046,0.03365384615384615,3.1046110916807153,2.5427814365535917,2.4467366871071166,blg-0192
561,3168.640930000227,1.9867350000422448,1.1449654301689327,0.8071858964424613,12.010058013743755,11.083850014565279,135.04950037085874,10.48945024224639,0.7049871272301161,-0.20724444144839116,13.557243924098982,3.9965899996459484,0.11071654810030446,0.135202106043159,0.0106951871657754,25.14405118415052,24.058961877261048,23.803455034594805,blg-0193
3145,3177.664439999964,0.05434500006958842,1.170555221609761,0.4504868802343431,9.158044457082305,13.523782551084782,222.89750199085643,7.823675645349991,0.3848488888600569,-0.3428572673382788,22.38387132664685,1.045449999626726,0.12100432237573716,0.13985460425668267,0.007631160572337043,0.5742549532267922,0.5678603810211172,0.5593598723460992,blg-0856
554,3168.640930000227,1.9851999999955297,1.0919702237847675,0.16319262744657748,1.6809233721991084,5.020456886771905,33.4456931090009,1.5393490776511647,0.1494478717436757,-1.0153319700486272,120.80273596172896,32.92247000010684,0.20805432154784453,0.07811589152290324,0.021660649819494584,1.657873373529692,1.605267934882093,1.4727292364737936,blg-1468
4569,3177.664439999964,0.047830000054091215,1.0769972844541824,0.10049990156869756,0.7152912261992411,1.9969463443358717,5.1579186533402215,0.6641532247875773,0.09331490625483,-0.16515017614060312,30.757097903095726,2997.998979999684,0.2793186969688278,0.0647590252358054,0.03589406872400963,0.34796237718175765,0.3146693616027474,0.26525208762902597,blg-0857
197,973.6581300003454,2.1068049997556955,1.122303237690676,0.5684215924325762,7.769292326522437,12.105615835498213,155.48499428133394,6.922631955765108,0.5064777221327634,0.0,0.0,0.0,0.6362847934157285,0.10756371483200833,0.01015228426395939,3.919554446056877,3.746709680011774,3.6269905665975637,blg-1469
4429,3177.6644200002775,0.04818500019609928,1.193903901455009,0.21153841536815265,3.9806574164941173,3.3204213819802164,46.485541365687645,3.33415225321014,0.17718211100452053,0.10292136061390744,12.655994440905395,11.042679999954998,0.5369483974380519,0.1477960368953416,0.0027094152178821405,0.8366251719272249,0.2956667440523042,0.15920136037604052,blg-0008
4567,3177.6644200002775,0.04792999988421798,1.0812384666441774,0.14364618670955456,0.8214687830354174,2.676667538538948,6.607844083187096,0.7597480119140756,0.1328533804636577,-0.2444258862656825,16.48266318367419,156.79172999970615,0.04862143814035642,0.07295669370521901,0.054740529888329316,0.9977352963132967,0.9686701343822923,0.6691844842040766,blg-0009
216,980.6246200003661,2.6697900001890957,1.0231454814334864,0.036824783324439,0.2905968028236332,4.034597462486655,20.74576642424993,0.28402295202072403,0.03599173688665269,0.0018163506254373907,3.959286022143113,8.835859999991953,0.2050857616935165,0.019221990439675565,0.023148148148148147,0.07209345907379039,0.06261845638407161,0.056589779657989954,blg-0454
235,3111.7410900001414,1.9902999999467283,1.9989131912588718,1.0628751460900079,3.618649926211819,0.6570615097898218,-1.07096911828147,1.8103086837051616,0.5317265128974247,-1.0875357178786726,22.961445119852883,185.67819999996573,0.04330954669895491,0.8826028901208997,0.0,426.920228467478,72.32986424561548,3.4433393830072805,blg-0632
390,3126.711099999957,1.8066199999302626,1.3569161933588878,1.0216590917107087,10.230268093274754,5.494532430922257,35.903714055155376,7.539351411642752,0.7529271808986515,-0.791143490231935,18.8044034685636,11.755169999785721,0.0473633916533128,0.3343716481715776,0.028205128205128206,106.86664284706222,98.004018473911,78.89625951174963,blg-0633
218,979.6352300001308,2.0903300000354648,1.0812150114668242,0.14373564334092617,0.798982969549199,2.858536665367435,7.928467268339199,0.7389676925365534,0.1329389996320325,-0.051469678016539344,4.030000387970863,30.091810000129044,0.060778226639490146,0.07115812949274691,0.05045871559633028,2.2866959557339497,2.071727740150323,1.5002443776284604,blg-0455
4244,3177.6644200002775,0.04881999967619777,1.3095080764573372,0.48513552061388054,4.372343140420199,3.9037016238837623,19.83294509794136,3.3389203057530312,0.3704715729754189,-2.3410250478182393,56.82607797358266,38.877020000014454,0.18401013023356091,0.25437974841930094,0.02827521206409048,5.275180028840203,3.3796267321630546,3.002512617432001,blg-1252
506,3168.636880000122,1.998749999795109,1.2529971326396248,0.44860775664270097,7.411492353406381,9.951085365052204,133.9398316374793,5.915011376476861,0.3580277571085614,-0.08325134300892945,28.11669256481655,1.0708599998615682,0.38201124405385883,0.19080383233233703,0.009881422924901186,5.759151281173953,5.4136085917739445,5.356835294300151,blg-1034
768,3171.6373100001365,1.1009200001135468,1.0674904472539906,0.1063205374999127,1.1442400781124975,3.506215006219517,18.082270389427666,1.0718972430497764,0.09959858355400325,-0.3232754447266941,28.44106731541814,42.77369999978691,0.2638659561818975,0.05823607532437906,0.026041666666666668,1.0938882747520298,1.017883111181314,0.7351577463294611,blg-1035
4455,3177.664439999964,0.04804500029422343,1.0819842005001832,0.09346058661330005,0.8119215331996869,1.3324391241794435,3.8496533456984814,0.7504005375682415,0.08637888215586324,-0.24063864190622009,47.22828745883681,2996.8170699998736,0.4391956838607044,0.0673652524183204,0.019528619528619527,0.36281355975296403,0.07794344012124993,0.07376756859311721,blg-1253
4576,3178.6241599996574,0.04798999987542629,1.0614856151062098,0.10702422354318458,0.6543667987902042,2.6747318423678497,6.761514109925319,0.6164631751133981,0.10082493913422143,-0.17056751386483193,18.639210924501633,75.82078999979421,0.041904825643312174,0.054868923124044476,0.05354020979020979,0.7911640818743193,0.44140164736277804,0.397581834176902,blg-0366
2791,3177.6644200002775,0.0557349999435246,1.0144051410693689,0.023427004396541114,0.5342770118933481,10.414546904609466,180.1815294393562,0.526689963403796,0.023094327125453534,-0.0019002735841335827,13.468094186688237,11.96100000012666,0.3611294935347695,0.011870822433577389,0.0035829451809387316,0.0010352489692919283,0.0009958557163723427,0.0007873515538997156,blg-0100
2783,3177.6644200002775,0.05585499992594123,1.0158720356280677,0.017926580534985203,0.28193230454706353,1.9304538810563185,21.599349791041547,0.27752737735071503,0.017646494568026045,-0.0036385768986415545,12.14748225141012,30.918579999823123,0.6595231818111577,0.01240978083863138,0.009701760689902982,0.000853360840502375,0.0006337610378377199,0.0006025958386501294,blg-0101
4559,3178.6241599996574,0.04803499998524785,1.0924181743585712,0.09761030330037804,0.7249446953878023,0.5599856626298517,1.2536402104758633,0.6636146356474868,0.0893525068494638,-0.0072806791525663606,17.61475750212385,3136.7066399999894,0.6010778616782916,0.07275067443344178,0.010967317394165387,0.12335476298365997,0.11672096654338575,0.1118745315579102,blg-0367
4545,3178.627350000199,0.04801499983295798,1.0589919039555458,0.06606763090051494,0.5517486178140267,1.2289963999271758,2.891513429436648,0.5210130601971603,0.06238728552113225,-0.08487913590900042,15.075965489551992,2552.9441800001077,0.3564260802197286,0.04805211105412384,0.02002200220022002,0.2843488720909138,0.05694317558580065,0.0468960676138357,blg-0383
4452,3178.627350000199,0.04827999975532293,1.0804180580796083,0.15955210965118394,4.47619292318341,15.19693434637216,328.2474646534392,4.143019313939862,0.1476762693674498,-0.024677776105336502,14.833497505862194,0.1553299999795854,0.24563009390150065,0.06642731223541731,0.004267744833782569,0.0495375949151162,0.04775392179890232,0.04710205056693307,blg-0382
289,3032.8625799999572,2.0428949999623,1.2080942970439787,0.3969877068658004,2.856658308369014,3.4997830856072714,13.849472513895432,2.3645987665969703,0.32860655376910797,-0.46360250728099195,22.94936891202272,17.08581000007689,0.04583779339214903,0.18646566173731374,0.03460207612456748,26.388691790078763,19.052422609968094,11.942390251354741,blg-0821
781,3176.6112999999896,1.0931750000454485,1.1531207295499009,0.4223573985429829,9.921895910438144,16.874104590827827,349.42423587855166,8.60438596769231,0.3662733520063495,-0.12248030414504263,20.649921079484802,1.0538099999539554,0.4192332672593361,0.1274512300354499,0.006402048655569782,3.422462989321998,2.5235257541094014,2.402749955395566,blg-0820
1664,3175.6225900002755,0.1514099999330938,1.00848500970687,0.031394487096345174,1.1691567669451575,29.960110809597612,1037.2510032826142,1.1593199146230144,0.031130345501285097,-0.007916350957631435,12.088845864648848,0.0,0.4822198984071528,0.006749384846112786,0.0030048076923076925,0.0025426439880325427,0.0022526916504123228,0.0016851693925601186,blg-0219
1693,3175.6225900002755,0.1559550000820309,1.0273239093365691,0.030925118728988524,0.2951057066981355,0.5701391781368813,3.3119991723913538,0.2872567270590862,0.03010259777554826,-0.02542371318329595,11.671135381613576,3056.654099999927,0.7825555441457103,0.02265900179879788,0.01299468399291199,0.005990180535257839,0.0049279000545486475,0.003924707406199267,blg-0218
570,3170.636880000122,1.9954599998891354,1.097733360916951,0.1653471403469501,2.3170690039885953,6.937781988259016,69.68238268458482,2.110775772493021,0.1506259577485865,-0.09623068064257145,18.11946717821149,5.032809999771416,0.26001363575088315,0.08078330202720847,0.015789473684210527,2.6760014694638308,1.3989388561771823,0.9759799121766921,blg-0645
275,3032.8675400000066,2.067039999878034,1.276470625438626,0.4400318772737437,3.4297866847393674,3.608257281947095,16.395286025080352,2.6869295614942295,0.34472542106112625,-0.3185748200512801,13.817437773163238,16.961349999997765,0.28143006941652304,0.23129299317514251,0.03272727272727273,12.671204891789628,8.582359273848585,6.439267350080199,blg-0423
294,2307.984490000177,2.010749999899417,1.0405106349199933,0.061381238685038045,0.4088347037711997,2.9295475174746066,10.424959058324411,0.3929173678013027,0.05899145672820845,-0.012073844552209723,11.099786212381005,32.024189999792725,0.17217642369603756,0.03450159018558987,0.03741496598639456,0.31561087082172945,0.3145396295838349,0.2412559207905603,blg-0422
921,3176.622359999921,1.0230100001208484,1.0591395898281806,0.06678416491677712,0.45445174083552164,1.0242525133807643,2.23791911568538,0.4290763379154602,0.06305511089153046,-0.05911122148181591,15.842522514717318,3138.6123299999163,0.6997897317704238,0.049088305436436185,0.01737242128121607,0.22445417913074164,0.2087960711042377,0.16956161821644866,blg-0644
600,3170.6390399998054,1.9458499997854233,1.016214480914108,0.026566318141669185,0.18851358156216125,3.2454043498795864,12.171426945298643,0.1855057010578436,0.026142431916880243,-0.043466098640076556,31.43816623265909,60.74982999963686,0.12621111888944767,0.013955516761268036,0.035,0.12427114234466943,0.10546451090493275,0.08768874075684026,blg-1043
4562,3178.6241599996574,0.04802999971434474,1.0608944888645262,0.06706275905346946,0.6894881928345341,0.9805477331392708,4.599128767111925,0.6499121199822342,0.06321341012253964,-0.06541401659573198,36.84487267705141,3045.815400000196,0.7811374884763337,0.049449249042869375,0.00898728627794827,0.01889627291461445,0.013860989256027216,0.009535787546358856,blg-1225
4581,3177.664439999964,0.04780999990180135,1.0273277514776435,0.045506263060291104,0.44301892211149474,4.3258474243124825,23.20888743028709,0.43123425524321884,0.04429575912057294,-0.24044898619367316,55.874789393966594,41.76642999984324,0.1032207741530907,0.02245685829565776,0.028596376337044312,0.07558221654061462,0.0454501671871686,0.024698512701771678,blg-1224
1365,3173.65755000012,0.8274499999824911,1.1590359002290662,0.2034454821016205,2.3281207494830793,2.776674020561159,17.360148368356352,2.008670075651893,0.17552992129589198,-0.17271495497585687,29.810300776489218,28.855600000359118,0.5126872619004346,0.1293166251747444,0.014652014652014652,1.5074281666463332,1.332800862006201,1.1201725154042488,blg-1042
4580,3177.664439999964,0.047780000139027834,1.22283808821229,0.41842149815380814,4.41199744753576,5.390842741174021,36.2177578765735,3.6079980285091007,0.3421724419328391,-0.49625030850020546,27.15112068200583,11.227020000107586,0.13440003130659522,0.18673159638053738,0.021834061135371178,2.9703953002967443,2.5455537408936895,2.3570247482110873,blg-0929
4523,3177.664439999964,0.047925000078976154,1.4900850921364128,0.6206097305351639,6.697211964260182,3.0797662099209893,17.85287167133582,4.494516423698244,0.41649280946797157,-0.49789128114173864,25.52503052610888,2205.0115999998525,0.38452434138300395,0.4022843449031792,0.018350652221976564,2.6831241001638633,2.3716600315497023,2.1724322202581132,blg-0928
216,979.6301299999468,2.7752699996344745,1.0673640870281205,0.082157201593935,0.3506300471865412,1.111161221305471,0.08888768928365343,0.3285008819041284,0.0769720490155952,-0.11995165672813735,3.2656276056486115,135.69103999994695,0.05016408970878118,0.06088501766684543,0.013888888888888888,2.6243729233996205,0.5435099585578955,0.22945806568039928,blg-0177
922,3176.622359999921,1.0223000003024936,1.1708614794534251,0.19956454905894905,1.3658497413154436,1.5277070792564045,3.352705903345367,1.1665340039094136,0.17044249115419163,-0.3201981491747701,17.18686364072589,3134.6230800002813,0.4326849208034761,0.13712690842229872,0.03036876355748373,4.205102081936951,4.111104920701006,4.0034114374623115,blg-0311
3624,3177.664439999964,0.052629999816417694,1.016801599329103,0.03639379559721075,1.0921204347317202,13.268205445900502,269.25759537708774,1.0740742586474792,0.03579242525119899,-0.015972821271974524,13.79740497383409,9.973620000295341,0.21230135398238772,0.013313962410932852,0.01020971302428256,0.007740947125341654,0.0051539465370788115,0.0050564663080790665,blg-0310
213,981.6177300000563,2.423750000074506,1.4943648162398413,1.596631250498195,14.980572999161788,6.361276070715754,44.30777306521191,10.024709318711874,1.0684347104954812,-0.2851389616433493,3.3321672968682274,4.98464999999851,0.09898733534840543,0.44801879116938703,0.023474178403755867,114.55572202937363,100.95627576580708,89.54531046719838,blg-0176
217,3132.624620000366,2.7985149999149144,1.8529589262142236,7.202788815644576,104.92799421174772,13.894246516123035,196.81929154522587,56.62726364898613,3.887182103646926,-0.3177381074212067,12.465172668102218,0.0,0.747921611761261,0.8064079819589706,0.004608294930875576,597.0636963459881,585.4054896168227,579.4986852512301,blg-0250
4569,3178.6241599996574,0.04803499998524785,1.050172417111758,0.10272226352838024,2.321402266175827,8.625800848379981,111.82822627825787,2.210496301602848,0.09781466440791316,-0.10608496886768726,13.73708422734707,15.026430000085384,0.05260158226746689,0.042992897334168355,0.015758371634931056,0.40131522659884805,0.125787576809787,0.08328091419892376,blg-0036
2787,3177.6644200002775,0.05579000012949109,1.049471963897813,0.08954458133030206,0.808480619834219,4.433134229126272,24.352913575692977,0.7703689473778561,0.08532346128094033,-0.5346006242171926,78.66447184011767,95.70955000026152,0.1339621175605676,0.04352961107696855,0.022246142805884463,0.10290056252913615,0.07736656046335919,0.06657338402680739,blg-1098
4570,3178.6241599996574,0.048020000103861094,1.0244421830313046,0.03188052258853156,0.7403319690786394,6.679960026070613,108.69725338515515,0.7226683692986243,0.031119884367704253,-0.014782610393560436,13.469206874289675,11.960510000120848,0.4819001782519815,0.019282474566486543,0.007439824945295405,0.005443849951968571,0.004283118849430279,0.004006168516718692,blg-0037
300,3144.6316100000404,1.9901699996553361,1.0610092401838342,0.07463460856117643,0.5493161175922653,2.5302749227097183,9.631161467054183,0.5177298100813813,0.07034303287011398,-0.02044157562489879,13.057318692311846,44.89407999999821,0.316733669631464,0.046815726249538,0.023333333333333334,0.39199958164637366,0.34809465839232073,0.24158943981670788,blg-0251
63,875.7843599999323,4.146905000088736,1.3124630501558385,0.4169482353131801,1.755988697401256,1.718709084657468,2.1619319780971953,1.3379338060705148,0.3176837870497268,-0.2465336350841012,7.193427850965646,29.76680999994278,0.1418515431960651,0.2619002756919586,0.047619047619047616,18.874024522028215,11.658185860844426,5.354494526237981,blg-1099
4592,3178.6271700002253,0.047980000264942646,1.0965919284386614,0.11725743928379316,2.5162650286979833,4.225544065082768,60.14463942223892,2.2946229499741415,0.10692896343077762,0.031843158850805464,22.25852952247984,1.1800999999977648,0.5596647566190184,0.076214171144152,0.00544425087108014,0.07478844525450624,0.05032272438908956,0.029798345177421474,blg-0868
203,972.6846400001086,2.0927799998316914,1.0320616647477725,0.09212344579868922,0.8034204363399068,6.122922741937447,39.78892832036106,0.77846165204832,0.08926157036225907,-0.37566792153743145,39.57078788740864,20.938169999979436,0.13601752397529832,0.028219722455005244,0.024630541871921183,0.2984099910168399,0.277165692377245,0.2731666106846749,blg-1456
4353,3178.6271700002253,0.04879499995149672,1.1603380748140748,0.171434239370209,1.9207263068195353,0.8605769739822616,6.021757463635236,1.6553160944702598,0.1477450767270804,0.03447602389800286,22.746865402968005,2919.7058500000276,0.77030933012891,0.127349584326011,0.005972892258212727,0.05226694827805677,0.04964541839300181,0.04728695320846984,blg-0869
220,971.6585699999705,2.068059999961406,1.014459680179434,0.028075505915659313,0.19748607763301973,4.156323520398399,18.46652548368843,0.1946711925025716,0.02767532922938852,-0.12411943109323653,39.59806120479965,53.79967000009492,0.08640875041586105,0.01169468555141044,0.02727272727272727,0.04533646595097153,0.03436648769373075,0.03171536180859066,blg-1457
4589,3178.6271700002253,0.04801499983295798,1.0561590601046509,0.06583895347680771,0.7202108109567441,2.0046204259247475,11.164751923387197,0.6819150934199534,0.06233810354938672,-0.29060442332930836,73.06776840582272,3054.6848900001496,0.5620432393102598,0.044073525427161434,0.01503595554587056,0.03561125783876981,0.02330543486181719,0.022998879062106223,blg-1364
316,2695.731990000233,1.9885499998927116,1.275506361086623,0.742654359404657,6.697366845828124,6.147076779342748,40.96578414392789,5.250751385994675,0.5822427674524108,-0.8760226338100059,27.773976407290604,6.061000000219792,0.06103647556509121,0.2347352326455393,0.02531645569620253,30.02512284236102,27.63056839301723,24.863124985532615,blg-1102
301,2695.731990000233,2.062590000219643,1.2174967809037363,0.6524831581845515,7.1543306177706185,7.508543988931232,61.66929221052344,5.87626240267954,0.5359218710549697,-0.5045311915138257,23.74173694125522,3.94994999980554,0.09871265261235533,0.1784044134705058,0.019933554817275746,16.3142520639885,14.75802110234864,14.432854990143753,blg-1103
4526,3178.6271700002253,0.04821000015363097,1.0074835786374958,0.011386192250200598,0.16429342325836138,4.084906079207611,25.4551709244103,0.16307305162216001,0.011301615608050843,0.0,0.0,44.02278000023216,0.09032852584722519,0.006061069679245285,0.024745912505523642,0.0054823199153262,0.0034143782094155145,0.002246771197793426,blg-1365
4244,3177.6644200002775,0.04848999995738268,1.2449240140913982,0.2689806932866253,3.9712518626825335,2.517980527687426,21.610550852532484,3.1899551987366723,0.2160619347698263,-0.011531747581978502,17.408281449045894,3.003440000116825,0.6786322771865688,0.18982391115124125,0.008718190386427899,0.2040332250456579,0.18453713596360682,0.16906856947642,blg-0562
215,978.6546200001612,2.0835500000976026,1.4518671079537417,0.7025179175620033,4.619528899199688,2.9931620982229927,11.653203236849894,3.181784918244062,0.4838720492217845,0.0,0.0,31.966659999918193,0.02416624932121821,0.42014157103988503,0.03255813953488372,75.15777923593313,22.96086137762569,17.292393706515252,blg-0704
554,3168.640930000227,1.9894499997608364,1.172258604547188,0.20671080678828704,2.118237684267955,2.029760126179722,11.536463709567602,1.806971309898348,0.17633549817685398,-0.09094472769606088,17.559089899584368,46.80084000015631,0.6206844189789236,0.14353292087978206,0.01444043321299639,1.0715559572425637,1.009472565496359,0.9854551717941474,blg-0705
4567,3177.664439999964,0.04780999990180135,1.0721076808998145,0.07997725905603675,0.9338554666837793,0.6825981735466061,4.368027583495643,0.8710463273516854,0.07459815812804427,-0.013707961051914408,17.62541656540309,3162.6693600001745,0.7032382115152107,0.05853041905690612,0.012699802934092402,0.024711076707902405,0.020660591780278136,0.017614475584293705,blg-0563
4588,3177.664439999964,0.04779000021517277,1.0608172790684591,0.08757367356710727,0.4931963047987932,1.8924005664219108,3.0276014749937277,0.46492106593764715,0.0825530225322862,-0.15716486929713414,22.756476826317297,130.76733000017703,0.10528823288686444,0.0530998538715245,0.04511769834350479,0.450132534682638,0.4431847441491769,0.2698466900710049,blg-0358
867,3169.626000000164,1.0322000000160187,1.1402421870546489,0.16936117883239843,1.3498152001901609,2.2468036210949545,9.246609455300923,1.183796919353501,0.14853088165818984,-0.3787039480371266,31.01007072520799,725.1050499998964,0.4188590548738944,0.110270241460903,0.025374855824682813,1.8157636273222537,1.55988628959709,1.3796530636520887,blg-1190
4585,3177.664439999964,0.04777499986812472,1.05293066072013,0.09794762787625391,2.3917291235386653,12.300280308105522,226.37572447710062,2.2714972505292224,0.09302381495760273,-0.01709195918525208,15.075766439722548,1.158019999973476,0.24543427132684267,0.04277724292364476,0.0063249727371864775,0.046702086803811,0.03417108194829951,0.029947869799078226,blg-0359
262,2275.028520000167,2.063019999768585,1.1422162322754033,0.1696714667686459,0.8958072946589068,1.5014902084233877,2.1548920335692126,0.7842711927072352,0.14854583614626615,-0.20840499789332845,22.215107363413203,104.83645999990404,0.25305522310044143,0.11508790830049775,0.030534351145038167,4.128346531633786,3.7567221645597915,2.1515349665283106,blg-1191
316,2695.7181799998507,2.0015400000847876,1.2870214775581803,0.43349701218310466,2.6818336623857046,2.7867739169216788,8.933972714540241,2.0837520494501236,0.3368218917662074,-0.566060626017685,19.156668530543058,32.939290000125766,0.12265947314533213,0.23669664003222168,0.04113924050632911,26.264045354325734,22.06025451502203,14.450228825410575,blg-0960
268,3057.891909999773,2.0929000000469387,1.1983412303789638,0.3682316302211969,2.3233146679226184,3.1904049768722635,10.94362772080441,1.9387755253986694,0.30728445105064334,-0.22128652849294195,20.565877019175165,21.843820000067353,0.07606851279036149,0.1784756854603334,0.04477611940298507,15.20550879168329,13.081312129500528,8.685918824700046,blg-0796
835,3169.626000000164,1.0386550000403076,1.2828257893954695,0.70469952593979,13.726340932874812,13.121962821304688,210.2282769914611,10.700081756496742,0.5493337647807512,-0.43141919192468436,19.908330755000126,2.960200000088662,0.2480504750939878,0.23123272010601398,0.005988023952095809,12.087612430563784,8.493233579903618,8.469121415244235,blg-0797
333,2694.7598600001074,1.9968900000676513,1.014062978648223,0.020549163578672838,0.22544211112512413,4.664553160125852,33.90043742077542,0.22231568812667682,0.020264188525473653,-0.014250554060225351,19.593648656939287,3.0642899996601045,0.17041695915719995,0.010755659086677891,0.015015015015015015,0.05030347775389054,0.044112948618233526,0.025366186251771172,blg-0961
222,972.6794000002556,2.115840000100434,1.04046455618904,0.1214770631315217,1.5462319514144554,8.925316068890366,95.76706611126751,1.4860976545101523,0.11675271516113388,-0.03905105501494899,6.737376103961267,0.0,0.33874048385370287,0.035169281916088355,0.018018018018018018,0.43975404478758023,0.41063872764163534,0.381877017148188,blg-0954
216,972.6794000002556,2.0999399996362627,1.2584426390072434,0.6214179169526448,4.364510595424911,4.351566674288108,21.20171743595498,3.4681839485239743,0.49379915520414636,-0.9244076900786873,18.046935914486617,15.964639999903738,0.056073420925551294,0.2398805932525386,0.032407407407407406,39.151900016904165,25.667744423793607,19.29933218313224,blg-0955
323,3143.6778899999335,1.9861699999310076,1.1228363738074805,0.17756510578625556,1.2355411373754563,2.72668854491442,9.435876570548366,1.100375045904551,0.15813978630095812,-0.08600981807483765,18.452477257133573,30.795590000227094,0.17931750916738226,0.10135253957593388,0.03715170278637771,3.6639746327374265,3.64673135577896,3.078832651231825,blg-0638
4575,3177.6644200002775,0.0479100001975894,1.011990762153393,0.013566979466646638,0.15247146252113908,1.4986143247252628,6.787479911875531,0.15066487434139186,0.01340622843603382,-0.006134011240604087,18.06897577155361,3132.707969999872,0.5907574297950389,0.009657431395213162,0.01377049180327869,0.003746311953561795,0.0010853838590258427,0.0007913843804049861,blg-0639
219,978.6819299999624,2.0924500001128763,1.1456722853479906,0.2332146876238076,0.9245123207277987,1.8211716104154894,2.1229134029519896,0.8069605283131893,0.20356142726919144,-0.1910874597033403,3.974691128144592,74.00740000000224,0.023211976509160077,0.13806979710335687,0.0502283105022831,11.679150371348832,5.974396859568676,3.1524614496156227,blg-0090
4568,3177.664439999964,0.04783999966457486,1.1652246950214598,0.17606127776082975,1.565702930910958,0.9826593878014486,3.7353235471902293,1.343691842580803,0.15109641685599798,-0.26549690509592727,44.35957309468203,3107.747659999877,0.5529343113254667,0.1292511550002609,0.013134851138353765,1.0936479390650826,0.21517904927910358,0.16002461754589756,blg-1258
221,978.6819299999624,2.0924500001128763,1.191212705952841,0.5367505235899338,3.5263861420962264,4.486285208862924,20.54424274037594,2.960332856483571,0.4505916671319208,-0.23138089821743946,3.298119271155477,17.99824000010267,0.051199266118234804,0.17865242288333366,0.03619909502262444,22.145996570165043,16.180111972756915,14.19876617648541,blg-0091
3644,3177.664439999964,0.051890000235289335,1.3153965092986994,0.4289879928148479,5.1441913356119215,4.618738514525683,34.592810003115076,3.910753343299506,0.32612827122544147,-0.7224262088943134,45.7977205944649,7.768290000036359,0.36282481634460023,0.2477202715743202,0.014544456641053787,1.172783329797663,0.899247482555702,0.8177534819293275,blg-1259
244,984.6897300002165,2.002129999920726,1.0081028497408142,0.02465719717125514,0.23330060405149722,6.3921688583159035,44.06850629158065,0.23142539652300897,0.024459009249903893,0.0,0.0,19.966070000082254,0.09844587110851556,0.007450592301696533,0.028688524590163935,0.019889736311553493,0.018811133906806977,0.016470166610434264,blg-1462
216,979.630029999651,2.768869999796152,1.0245451190892383,0.039175889560422256,0.311872877907464,3.6086705713517597,16.779616159723936,0.30440130849550867,0.03823734889574593,0.0,0.0,31.96512999990955,0.10356969605845373,0.02098781621052437,0.032407407407407406,0.17840925785616688,0.09759161002059127,0.07020513221699042,blg-1463
585,3166.7080299998634,1.9838449999224395,1.0379047546657236,0.047169354741482934,0.38698340271698217,1.9716347585194665,6.542853742581009,0.3728505888896438,0.04544670797100994,-0.06209889561472082,11.942896861574988,225.17145999986678,0.2909284436839433,0.03147504358280992,0.02564102564102564,0.5788882567275462,0.4460987501912498,0.19077301573127026,blg-0264
322,3143.676969999913,1.9853300000540912,1.347371298280606,0.5930029717820968,5.617428154597484,4.5333481780447595,28.05190945895365,4.169176024510971,0.44011845000531724,-0.7029569497146948,11.693012339460154,8.992699999827892,0.12099510593219188,0.2983851221324153,0.018633540372670808,55.50270479099014,16.485046845383003,15.57719460840279,blg-0002
65,3086.667419999838,4.3994950002525,1.6439507955411548,1.4991852043415812,9.21874880502976,4.003420518163116,16.994935357278003,5.607679240739286,0.9119404299011735,-0.2441453375875624,16.36519898985943,2.9943300001323223,0.1829313827116452,0.5917736876217934,0.03076923076923077,112.08489516423595,109.47791877060448,97.661011499792,blg-0003
218,972.6794000002556,2.0999399996362627,1.0765515479489438,0.06531090496181684,0.2566978433753301,0.1747152777528397,-1.1028498398639497,0.23844454218652866,0.06066676925928916,-0.10056949569236351,3.2716787234571005,529.8479100000113,0.08265895689200264,0.05649483317102461,0.0,1.624236359074293,0.052533843097466844,0.029683688882043632,blg-0265
303,3031.97424999997,1.9998850000556558,1.3135314413166916,0.9266793956325291,9.279310775180722,6.195767020014812,43.424777680225176,7.064399383721712,0.7054870248471174,-0.34037949865447414,16.859771270619696,6.965479999780655,0.06746743455741919,0.2893990652365506,0.0231023102310231,56.052321161095186,42.076903485225,39.98836035255292,blg-0556
4573,3178.6271700002253,0.04811499989591539,1.0157322360463126,0.07211036206713985,0.8353730409447335,8.536734680010392,77.47260037422588,0.8224343021464384,0.07099347524687324,-0.04566890289125092,20.212325985761954,6.264870000071824,0.004791146624408091,0.014355208875618928,0.016619287120052482,0.05861819920318771,0.043570490705818386,0.04267155725514814,blg-0730
4577,3178.6271700002253,0.048085000133141875,1.1021052902570707,0.22017428308782147,1.9238586465384637,4.982028552587447,27.948132906765036,1.7456214447836478,0.1997760858571907,-0.29595775641192357,25.348836260627937,16.231629999820143,0.05988034705189932,0.08992562993048152,0.026218046755516713,1.26169803879971,1.2274059266173545,1.0073483072319696,blg-0731
388,3126.70139000006,1.8058800003491342,1.066133388822923,0.10122851793973646,0.5811285473831891,2.673596734863595,7.2741059523942795,0.5450805199656918,0.0949492043411256,-0.0853871704871938,20.327107909135243,44.604369999840856,0.058438280077777245,0.05504063540308606,0.04639175257731959,2.340134750324015,1.0186025930177705,0.9894251188923954,blg-0557
846,3171.6341200000606,1.0459699998609722,1.133052478798924,0.8827362832904061,21.522489639069047,18.696724704890755,412.071744974647,18.995139105941732,0.7790780144935192,-0.13238227609242847,13.569190599416318,0.0,0.37774112106481,0.1227940858415061,0.009456264775413711,12.107463688328345,12.003137946151934,11.631621677416074,blg-0198
4400,3177.664439999964,0.04808000009506941,1.051695613488537,0.05644206476367641,0.6236593831032532,1.453221508261099,7.955620818516483,0.593003687734801,0.05366768055614297,-0.25575940936472574,80.46399539749369,2614.1351100001484,0.5469005927473334,0.040920003743323816,0.01,0.1033395651296256,0.011649898464454685,0.01052827866213174,blg-1350
1610,3175.6225900002755,0.1626800000667572,1.2633285120789484,0.7303821127659161,18.803230822467917,16.46538601621999,336.7610841890896,14.883880553512002,0.5781410773216699,-0.8014491547760079,31.834260022410884,3.147430000361055,0.1790368010699949,0.21652787556923953,0.0055900621118012426,2.1478253710704287,2.122198554384108,1.9169973472486697,blg-1136
841,3171.6341200000606,1.043565000174567,1.0488117295368518,0.07970122508856423,0.5920804110337209,2.651919621483234,7.259231976414471,0.5645249654577471,0.07599192694368559,-0.17544299835861477,15.626861149856083,128.8727400000207,0.09118958547127062,0.042712871217281234,0.04399524375743163,1.2182622510109844,1.106083527571939,0.9540370712195224,blg-0199
1700,3175.6225900002755,0.15595000004395843,1.015688904557648,0.020518331500301107,0.2415394156016185,3.4544299807800156,24.80362404901788,0.2378084590071691,0.020201393562749706,-0.028970691966080597,33.15506229545049,43.70453999983147,0.43600298071933397,0.012604745684119428,0.012941176470588235,0.0038275474430169306,0.003494518303239364,0.002870457455175194,blg-1137
4582,3177.664439999964,0.04780999990180135,1.0389686639564375,0.04785815504130239,0.5150473415502397,2.4934896192177955,12.955534480940566,0.49572942328368497,0.04606313572386786,-0.2674491385125406,73.02763677982834,1132.966399999801,0.38782437167932066,0.03095573177451093,0.017241379310344827,0.04938098781492131,0.015918016222183865,0.015300655956611172,blg-1351
4533,3178.6271700002253,0.047980000032112,1.115438429486854,0.12727665241101987,0.9988026028491452,0.9750338268752006,2.271941702798329,0.8954349854651182,0.11410459591976425,-0.2520228695867959,31.774041993658088,3160.651349999942,0.5646418987603216,0.09268357182636794,0.019413192146481358,0.42200937065419747,0.2895087481474308,0.24949636493135857,blg-1077
790,3167.659250000026,1.0856200000271201,1.0559576473547456,0.504057908038555,11.024319367976574,17.17607794030419,324.7297690064899,10.440114990589048,0.4773467046976661,-0.5248406956598635,46.26749069672351,4.029560000170022,0.23000401049829045,0.05271014822198264,0.005063291139240506,2.707744169885271,2.6453924836874374,2.6335753129362036,blg-1211
517,3169.6153699997813,1.9946599998511374,1.3213217912342272,0.43380302271660276,3.2741633912649375,3.230558571738661,14.357314904670414,2.4779454847461,0.3283098956752199,-0.9188730477009077,32.729592792697986,40.98692000005394,0.2853102610613143,0.25320828553807834,0.02127659574468085,16.196684501044565,15.200989821357,12.671426062652484,blg-1210
4534,3178.6271700002253,0.04816999984905124,1.0645442603820403,0.17663017586545968,6.411062252115575,21.24732441454395,588.1529561447619,6.022353818892655,0.16592093046733622,-0.08078825699234193,30.57721788356845,0.11785000003874302,0.1562097682344791,0.05324620891392259,0.003970004411116012,0.2730782945492964,0.10675939319085542,0.08691724350322187,blg-1076
225,973.6797500001267,2.086515000090003,1.2754434585417427,0.9450914496244713,10.069386830494318,7.825087612855807,67.15159708119721,7.894812336925436,0.7409904656182262,0.004245214977944611,5.137811000333652,2.1009999997913837,0.22693613165674006,0.2541573233250113,0.017777777777777778,29.15173130988625,27.768000315973026,23.643557178722812,blg-0671
314,3031.9803200000897,1.9749499997124076,1.0246461547026218,0.053423006531451524,0.34318117201777687,3.7199357269359643,14.207184955773947,0.3349265178944741,0.05213800468082193,-0.03488837284357271,15.159108130008853,25.97160999989137,0.046805756068202774,0.022194871486775052,0.041401273885350316,0.29497478946649075,0.26180468833489917,0.2465760573141751,blg-0417
213,2774.687170000281,2.877779999980703,1.146479186782789,0.23958327020493844,2.0557965966587046,4.054087592040425,22.052086998484167,1.7931390315913374,0.20897306368685004,-0.02968005879477631,19.604252898758133,4.063799999654293,0.2587515581429478,0.12812537830386533,0.018779342723004695,3.940400022365267,3.3140083314700197,3.005587657491765,blg-0887
215,978.6399199999869,2.4682000000029802,1.0994104259539237,0.16739193198209917,0.924547481434318,2.7087756056093624,7.159791245388931,0.8409484312672705,0.15225608790665926,-0.059696942323309354,4.41863456950542,34.97880000015721,0.0678587726266647,0.0869941754450947,0.04186046511627907,4.25701582252352,3.0857622434195857,2.1097314723982232,blg-0416
625,3170.668229999952,1.9541199998930097,1.0303569210273213,0.06271367172676093,0.3975033733472805,3.9480535038193785,15.889653240781445,0.38579191479883407,0.060865967742102754,-0.12022316148606271,26.873359508333177,49.837390000000596,0.04494292582361249,0.025979635267937538,0.0416,0.726584423179296,0.6847093381182773,0.5512708534000027,blg-0886
1511,3176.6462799999863,0.7891200000885874,1.0897343564512791,0.6069553868795723,16.441520336569376,19.100764045863933,425.0262923661023,15.087640477111133,0.5569755396960848,-0.3339666001778614,20.945613996681608,3.0530400001443923,0.12896050490174835,0.08208349704681493,0.005294506949040371,6.461067122911991,6.185799658386758,6.168828979551889,blg-0670
274,2275.028520000167,2.0357099999673665,1.1028258545058278,0.3220482666509484,3.597015838370778,6.95100520519564,58.178667211614396,3.261635362517171,0.29202095907975195,-0.09765720708539449,8.735776561419797,2.9914900003932416,0.1368815975934412,0.09788387066744944,0.021897810218978103,5.142602670760856,4.57188321341274,4.14403189370016,blg-0143
224,972.6816699998453,2.130119999870658,1.1775823274583723,0.21761019579664467,0.8680905662208187,1.2025705163847487,0.3642063362984098,0.7371803555532743,0.18479403849273277,-0.2563148115241185,4.074564002689425,110.03585000010207,0.09225412560187596,0.1556919430567963,0.013392857142857142,13.43750361395284,5.393847289465562,1.174828854424068,blg-0325
333,2695.731990000233,1.9927900000475347,1.0808649096814458,0.2229158237019424,2.1681264381170053,6.287906347265227,43.72403302654544,2.00591803715491,0.20623837414173876,-0.07674323323117016,12.434450531291443,10.895000000018626,0.07950689478815004,0.07352568871392078,0.021021021021021023,3.1581309837369913,2.5599617996385473,2.1639584793186444,blg-0324
253,2275.028520000167,2.114809999940917,1.275606526337983,0.392449227846086,2.6673829216374902,2.9730046721221535,10.879559825305112,2.0910702835492088,0.30765695899672246,-0.06309753316795352,9.26586645311004,26.948409999720752,0.2333260245443351,0.21877182364509332,0.039525691699604744,10.238906646002887,9.655495695638686,9.556805081036652,blg-0142
4546,3178.627350000199,0.04798999987542629,1.0426865315263107,0.04991918917962509,0.49586846315749655,1.7391028253587721,8.283299814739411,0.4755681054745675,0.047875547627719575,-0.11844674500302022,56.76224296826698,2957.9902299996465,0.5648887418300043,0.034592417604045536,0.013638363396392433,0.03134875346717039,0.018644054023135292,0.01622460336386902,blg-1319
189,975.684299999848,2.9868650001008064,1.0259736603571532,0.030950826102662775,0.15463788847982585,1.4375463091257905,1.6358578429994157,0.1507230574698809,0.030167271341269838,-0.0851615352318651,27.673801378585864,111.67597999982536,0.06835286096663366,0.021760723615321064,0.031746031746031744,0.24135861200373568,0.11766941206084744,0.03697799295946251,blg-1318
1386,3176.6294700000435,0.8118300000205636,1.0235123382243232,0.028237760241436236,0.24016446684815962,1.72781379714187,7.089609623822188,0.23464735649239357,0.02758907627291993,-0.033338428805279374,22.587553480281542,3121.7395799998194,0.35918717736595474,0.018889154679401138,0.022366522366522368,0.07571748263806509,0.07087068874383344,0.04662071502366138,blg-0779
230,2774.687170000281,2.128529999870807,1.1101986852967267,0.15148541485425002,0.7374274951085531,1.5338528844806745,1.4933831078876594,0.6642301943180164,0.13644892170744444,-0.1421651342214214,25.42230314509605,65.89716000016779,0.08443729112255365,0.09836781802797817,0.021739130434782608,5.218132306282593,3.2383335804709668,1.1627424121229488,blg-0778
1495,3174.6495300000533,0.7772399999666959,1.037856124174358,0.05084337764784239,1.056832150397134,5.655201310300582,83.48056766578998,1.0182838599666533,0.04898884919949878,-0.045481854246668174,43.71099956481596,14.13980000000447,0.5627406851761817,0.03095685243595008,0.006688963210702341,0.06154101988728724,0.04733805745832737,0.04600081122001984,blg-1283
1500,3174.6495300000533,0.7789300000295043,1.0308814533848603,0.066051512320906,0.8721105478629082,5.7873083776210805,43.05061620229602,0.8459852842822164,0.06407284898113151,-0.27608569081869017,59.07047526036211,23.0472999997437,0.10757488230003115,0.027143002025565268,0.028,0.41898371857845074,0.3762544411902086,0.28211210779382934,blg-1282
210,979.630029999651,2.12862000009045,1.8640669853089982,2.3785195360209666,21.401195166599905,5.243972830683261,33.2425550002001,11.480915235588045,1.2759839329844955,-1.997419907491508,6.8504846654817095,3.028959999792278,0.1132095976149341,0.8327241640270291,0.023809523809523808,500.5210381758014,388.9718412087371,289.30927644060654,blg-0815
393,3126.70139000006,1.8162350000347942,1.0397558098115218,0.05419924634786186,0.30755286527800807,1.5279847401960216,2.8029867452768267,0.295793357842189,0.05212689875367723,-0.060784157144359474,15.134450164661313,846.9026799998246,0.1872741216173869,0.03500863465642359,0.03307888040712468,0.6024490228250454,0.48934891107891193,0.22524151980234508,blg-0485
216,979.630029999651,2.768869999796152,1.0456525758569397,0.09356487116947787,0.522677777983867,2.9588622833982354,8.687711759846321,0.49985796913180197,0.08947988312274771,-0.06321679385759471,6.382549802521449,23.06736999982968,0.023949349995927086,0.042423434078130845,0.046296296296296294,1.6040300784468624,1.2134838390459504,0.8876713521011894,blg-0814
311,3031.978529999964,1.9931649998761714,1.2448083809582382,0.4235019413091645,1.6583849434129574,1.8708750601042634,2.2208627816211957,1.3322411348274679,0.3402145618436569,-0.7725700597820073,23.11323798121036,82.62564000021666,0.009433344966004448,0.23495776586248868,0.05787781350482315,50.75952106243682,34.103395703294,15.892665642853865,blg-0484
4563,3178.6241599996574,0.04800000018440187,1.0127446945933296,0.014301806236934066,0.14077472075276898,1.3702269205032218,4.584978300423697,0.13900316645871524,0.014121827714396193,-0.03208846726574177,47.166992988151314,3087.888990000356,0.5476684993230998,0.01028860398822854,0.015559938636861713,0.00262461955184839,0.002119817977127667,0.0013404311485274859,blg-1266
4535,3178.6243300000206,0.04807500005699694,1.0134726057434789,0.015457054008888912,0.2617536179576968,2.9483951737207335,34.50611721172385,0.2582739917108422,0.01525157539412122,2.376498929845816e-05,25.78762662950317,1.1126000001095235,0.5616752777400001,0.010382332797532914,0.006615214994487321,0.0012583463190302536,0.000851623587673278,0.0007992939805680198,blg-1000
4511,3178.6243300000206,0.04811500012874603,1.123759937970586,0.12854967273611054,1.1736894181816604,0.4389018019453355,1.5504004502777367,1.0444307258870036,0.11439246697505122,-0.01799057882700894,25.97169122431935,3150.6720200004056,0.7424011065119078,0.09706943884319282,0.011305697184659722,0.14647599768657255,0.05832753916945844,0.05218631989381368,blg-1001
4534,3178.6241599996574,0.04808000009506941,1.1602517315848238,0.19678709180820098,1.992693263507891,2.3788255229433366,12.483382758816864,1.717466298120794,0.1696072367358858,-0.3128645263916192,47.917646577055265,2631.654439999722,0.5199447461918288,0.1288329751668676,0.016100573445081607,0.39364191938204685,0.30331580597751345,0.20862092202731206,blg-1267
326,3143.676969999913,1.9800100000575185,1.1173892098002323,0.29162695263581684,1.4438262276598643,3.264511428856465,10.105510383971868,1.292142614296917,0.26098958846940923,-0.2789707863870621,20.995372589386836,28.078640000429004,0.006912542868885213,0.11430998622808676,0.049079754601226995,14.326362333227243,12.126181515624987,8.910239617420814,blg-0460
576,3168.617989999708,1.9895800002850592,1.025503853938726,0.051198421750255976,0.342502396433533,3.9511426345168297,16.50331223242403,0.3339845011583472,0.049925137827969306,-0.0754261853020286,20.57571547919095,36.98095999984071,0.05795507089956574,0.021929213180156316,0.036458333333333336,0.518713133718656,0.37003607712645575,0.33853078375330864,blg-0606
387,3157.6705399998464,2.092824999941513,1.4662082984881246,1.4963093647309742,19.94147336880274,9.297976586238718,98.92147693740947,13.600709567227401,1.0205298633683832,-0.9464417898172408,17.701438347633907,2.9020400000736117,0.15690902101962761,0.41015965917132285,0.012919896640826873,100.16510642018308,85.58025274807916,76.84973992958763,blg-0607
4423,3177.664439999964,0.04813000001013279,1.0749708965743872,0.09736813606007655,1.940622277055188,5.5845696247495145,75.79019228082592,1.8052788826065764,0.09057746164532013,-0.04014762381887382,15.660497960523035,51.04703000001609,0.5409499451896531,0.0598043410000224,0.006556635767578567,0.04794107861257438,0.0264248200234298,0.018375776026496825,blg-0461
4525,3177.6644200002775,0.04801999987103045,1.0485848480286453,0.14750846390284716,1.6885159401385115,6.882775735853121,53.2807523053057,1.610280681825738,0.14067384510984188,-0.08930386539581803,16.48990698732061,14.904190000146627,0.022792100548677974,0.042554268772578764,0.020994475138121547,0.31207160486695684,0.30413033492637986,0.30120377958462424,blg-0352
602,3170.635919999797,1.9780500000342727,1.084414740567511,0.0964203042644842,1.017419154325221,2.1842700580835417,13.663421844775073,0.9382195823072039,0.08891460044602324,-0.02305006812910171,12.120387272079249,16.956119999755174,0.6313758938782376,0.0665349477004042,0.009966777408637873,0.2833316294933616,0.2618283336139088,0.23576225149376276,blg-0134
601,3170.635919999797,1.9785150000825524,1.0719037548216832,0.10146125000273551,0.9009642603491955,3.2622918418592355,15.87287407667775,0.8405271908892639,0.09465518578490498,-0.06463229819165917,13.629567678991547,42.084210000000894,0.2862285148331394,0.05851985577400272,0.024958402662229616,0.9160559719255201,0.851399981385932,0.7483770005140145,blg-0135
4458,3177.6644200002775,0.04815000016242266,1.070550608801553,0.12795597867394237,0.9916225456565707,3.4738674077051783,13.169378756379544,0.9262733851545107,0.119523520351784,-0.14047245172393263,16.875516449557914,47.07408000016585,0.0854612456773147,0.0616898243807564,0.03947958725886048,0.6520970976453003,0.4397491904171297,0.3977152668646428,blg-0353
385,3175.6324700000696,1.963574999710545,1.0569115951254426,0.2125615505779159,2.24497347310966,7.244777096272774,56.87947627255341,2.124088203992432,0.2011157314832279,-0.41897234437675834,30.830984270577837,11.204359999857843,0.06477015294523827,0.05159603540622035,0.02077922077922078,2.0943270321784375,1.9109972647231066,1.8680932510178252,blg-1108
300,3056.8809099998325,2.076470000203699,1.1701480273720661,0.2305281962444166,1.04601946816895,1.409006401116401,1.0400830666695677,0.8939206277849377,0.19700771943534587,-0.3653773967963241,31.887729480035485,152.73877000017092,0.08285935998941857,0.15173308582496686,0.03,14.219040606140075,10.288652976572122,3.45410436806843,blg-1109
4054,3178.6271700002253,0.04964000033214688,1.0448867316762407,0.06362688834098923,0.3905094626263763,1.8231695373103152,2.694274434196437,0.3737337713749804,0.06089357420586747,-0.14227161148424727,32.559693423976334,137.67509000003338,0.10060910996885379,0.03946424616546753,0.043660582141095215,0.2456706870386377,0.16708734504774103,0.15514251952521116,blg-0568
638,3085.724129999988,0.07700000004842877,1.1957488695955254,0.3007760478591175,1.163859202799049,1.6512310871136786,1.359955928349164,0.9733307909874327,0.2515378044601289,-0.5411405548528796,56.19862802668363,58.86614999966696,0.01915208284894382,0.1816715169280216,0.047021943573667714,2.254013713288301,1.3078186685769033,0.5484727453011181,blg-0569
1529,3176.6691200002097,0.7908449999522418,1.0166911962347132,0.10072367642973196,2.769040762484788,19.544406597813076,448.00920924118714,2.723580911789187,0.09907007733720764,-0.12730661855267478,43.22166591147049,1.8709799996577203,0.1546298271205163,0.015263304034794903,0.005886200130804447,0.27387577156113985,0.19518988635766388,0.184394640238488,blg-1092
630,3170.668229999952,1.9501700000837445,1.0146550821564961,0.08679963512027628,1.4226037744827362,12.389836150736642,168.5666347598897,1.402056507161667,0.08554595132006558,-0.03368030108592679,33.56442016576807,2.1905399998649955,0.12043102919643975,0.013073286419109872,0.009523809523809525,0.2118622651437054,0.2003920031851401,0.19391518634062574,blg-1093
4555,3178.6241599996574,0.048045000061392784,1.1174768152312022,0.12988690975136172,1.0122297374013725,0.829081037678295,1.2190690154406054,0.9058172076113933,0.11623230730041186,-0.1236626611900642,24.44416410651633,3123.732840000186,0.543201670581199,0.09639190089905497,0.013611416026344676,0.5187979424840988,0.42482155918611925,0.34274566310209,blg-0862
215,979.6301299999468,2.772074999753386,1.1308826287792721,0.14900689475016998,0.6524862345270165,0.6767961407509124,-0.6127797283198708,0.5769707767654306,0.13176159014255895,-0.20121542628019107,5.169149721015869,162.69740999955684,0.167168289980063,0.11890494863472745,0.0,8.30065608730326,2.5214071403786398,0.16466852060175619,blg-0694
195,979.630029999651,2.92386500001885,1.0281901795512605,0.04752408020134639,0.36439656911772644,4.365183688741153,22.584501617380763,0.3544058023708263,0.04622109866861074,-0.018379823568489995,5.054725287937477,7.972949999850243,0.15590244071789783,0.022484838995458573,0.02564102564102564,0.1801980666120904,0.140567794402636,0.13457412090045073,blg-0695
4570,3178.6271700002253,0.04805999994277954,1.1251290586248033,0.13197692186923854,1.4769301379972872,0.2216917108668326,2.4301665014502554,1.3126761890548924,0.11729936195724482,0.11796129811912426,22.746865402968005,3085.793829999864,0.6090876466715459,0.10009135365617829,0.007658643326039387,0.5399990975776465,0.09438081474750656,0.0905279777484806,blg-0863
2403,3146.638830000069,0.06770500005222857,1.3382984895736647,0.6099899825767194,8.849382998397187,7.423660850190267,75.0486664665962,6.612413449776931,0.45579516286616256,-0.5092234342466533,32.495701952629595,2.232790000271052,0.20388258937630563,0.2766992709130272,0.012484394506866416,1.9513061056228214,1.8705049481610865,1.7217368287664905,blg-0923
4567,3177.6644200002775,0.047915000235661864,1.01401702543602,0.022106075974795712,0.28125884029208215,5.583717010960298,46.06136489073443,0.27737092224603793,0.0218004976270347,-0.017070779029173977,24.477202148650598,6.223550000227988,0.2319177249627941,0.011407542020984221,0.013137727173199037,0.005300402126524685,0.005252900522729124,0.0038778670431231484,blg-0922
1413,3176.6294700000435,0.8179850000888109,1.0080881673337592,0.04279092439373542,1.4002415330722964,27.27559516484877,817.2743268179179,1.3890069981533992,0.04244760067210683,0.0,0.0,4.023930000141263,0.40947964206860193,0.006430147273688363,0.003538570417551309,0.017395245290384796,0.01585531478838049,0.015596932946739838,blg-1487
186,3142.6941700000316,2.987609999720007,1.1065767602994572,0.2145336199126871,1.02300812992246,2.5771901829568624,5.918712115850296,0.9244800337220326,0.1938714291414512,-0.18942739019395471,17.75127041225691,49.91909999959171,0.0192417175806904,0.10136662057491576,0.04838709677419355,8.656082896560227,6.609241325353027,4.259959799284727,blg-0429
598,3170.6682200003415,1.9616899997927248,1.0701454158464778,0.11376999633471006,1.789824300762454,5.91484015839864,64.84516986927667,1.6725056777649776,0.10631265021267439,0.0,0.0,12.989820000249892,0.4193681287788979,0.06054004481256452,0.008361204013377926,0.5138470382595158,0.4653476386797776,0.4278039419574897,blg-1486
304,3144.676860000007,1.9954400002025068,1.1052725600590612,0.20963740601070663,1.4528411224476399,4.000996728181694,17.41763124392935,1.3144641075911312,0.18967032358317232,-0.10428992630356126,15.150501263179711,23.978010000195354,0.07104612755811399,0.09206403713159976,0.03289473684210526,4.549185578955176,3.0263990210986758,2.834125094651297,blg-0428
391,3126.711099999957,1.8244400001130998,1.176911717029579,0.4296579038184977,5.507435228183164,6.948892486008109,64.77206487278345,4.679565256846784,0.36507232781418214,-0.6005283266270087,31.29688089587477,1.7748499996960163,0.14094427865484516,0.15729892168735693,0.023017902813299233,15.57561501196708,13.463767845950047,10.561904627205955,blg-1049
826,3171.6341200000606,1.048369999974966,1.2388657331711077,0.29750580574306756,2.6027677185317293,2.62700110165368,12.294941994123539,2.10092799230162,0.2401437019168405,-0.3341401135281292,13.569190599416318,134.8828199999407,0.3976928816309023,0.18697873586793387,0.020581113801452784,6.148057249240983,4.953155566922596,3.8420215621476537,blg-0281
327,3057.892320000101,2.029920000117272,1.0399527920531406,0.08374714971102395,0.5646749578478064,3.7364147012134286,15.127064630792066,0.5429813321652573,0.08052976014458063,-0.18237101052943205,56.702178332963996,63.792820000089705,0.039692179355281146,0.03609216927985684,0.03363914373088685,0.9006990873064593,0.8244284746149211,0.4953989829725621,blg-1048
217,978.6399199999869,2.4682000000029802,1.0342561397716061,0.07910693962947833,0.8420645396080921,7.01013019255534,57.75962683093477,0.8141740707019673,0.07648679647391747,0.00991790022294281,3.558250254617199,3.9965900001116097,0.2650150682277859,0.029752010268240467,0.013824884792626729,0.2030011951166765,0.17409712070555958,0.16848267158426877,blg-0280
2486,3174.6680899998173,0.059910000301897526,1.07221445431834,0.2417053518932354,4.0204421929255725,12.058217684479791,162.40459218863552,3.749662335959595,0.2254263115606256,-1.8533330623685866,95.38777040964288,5.9885700000450015,0.0671813872416103,0.06111058671004283,0.008045052292839904,0.17100491716893518,0.1699649752170184,0.1694149575642704,blg-1415
812,3175.6324700000696,1.0630899998359382,1.0208622989563665,0.03796753293122017,0.31703817729541295,4.147798135682337,19.935242445866383,0.31055919541149773,0.037191629662608076,-0.21066437541464733,121.06525053666408,71.99342999979854,0.1342065200655078,0.01811044297348625,0.029556650246305417,0.1248722934384732,0.12098336552542162,0.09147534121988198,blg-1414
794,3170.6686399998143,1.060130000114441,1.0812781423990976,0.10969803875759739,1.9021215056526697,6.116451679489615,79.89736029319965,1.759141717080214,0.10145219203236806,-0.022352342483896948,11.854731020713135,11.957320000045002,0.6391035219643255,0.06561336139875135,0.005037783375314861,0.19171239385795116,0.19033151343355434,0.18976921535141292,blg-0075
720,3167.659250000026,1.1291000000201166,1.0232349041116762,0.058608889232145175,0.9477008208212102,7.6692821728179394,87.34907354551777,0.9261810829079841,0.05727803891741382,-0.0535195996256177,15.619408446181973,0.0,0.15929241305621536,0.020660149045600474,0.020833333333333332,0.28859696157918124,0.23301175715065006,0.22223041984974332,blg-0213
772,3167.659250000026,1.0955100003629923,1.0317384718509504,0.1243591541021172,1.9469191452569743,9.825238928975333,116.15104997725253,1.887027749284082,0.1205336006068277,-0.13964117689037336,11.6384206542218,9.98062999965623,0.16159385107206115,0.029844376611143756,0.015544041450777202,0.7825379569463177,0.7495420645046047,0.7031559346278781,blg-0212
1499,3174.6495300000533,0.778785000089556,1.0074471204891169,0.011324960882860387,0.183557719970174,6.24676186947438,65.32414626179151,0.18220084649112703,0.01124124585809491,-0.013902419641249164,11.924304029326724,29.984219999983907,0.16547904617319895,0.006018924031735742,0.01200800533689126,0.011240573887830913,0.010155840277101895,0.009464554585917388,blg-0074
561,3167.652809999883,1.9901850000023842,1.1880545490701944,0.4624152358897848,4.680039141767633,6.126829801829977,42.63707902301012,3.939245976573977,0.3892205390396248,-0.4234950460640152,21.009327264807432,12.124180000275373,0.06945730058971608,0.16659041846081518,0.0196078431372549,22.643302943069646,18.505274708946448,17.792830038371925,blg-0747
4580,3178.6271700002253,0.04808000009506941,1.0962253529839454,0.1213035078356873,1.6178826814532454,4.0657248176029555,33.46715446693929,1.4758668573853642,0.11065562970144839,-0.07910246460253956,17.182484260209847,7.21496000001207,0.3000047138013631,0.07547783111436751,0.013318777292576418,0.4684942693411056,0.14184591432356847,0.11416512759436152,blg-0521
2607,3178.6241599996574,0.06415500026196241,1.0501463814652587,0.1025035926714676,0.7210888746305184,3.9602198530668944,16.333412207625447,0.6866555753473479,0.09760886054033416,-0.12966723601419705,19.95284945845982,48.82510000001639,0.055819302196023865,0.043253835936508826,0.0395090141925585,0.21667118986051065,0.20196471410710118,0.1915160227897546,blg-0520
334,2695.7732799998485,1.997429999988526,1.0602932938713168,0.08765603738141524,0.3682295837494993,1.623661439507891,1.4852494989795373,0.3472903039234791,0.08267149953825766,-0.20846150414360398,37.51835983760874,153.712760000024,0.04036673923293315,0.05507915832218353,0.041916167664670656,2.2827457884399838,1.3833985537373468,0.5142495320245043,blg-0746
365,3166.6296699997038,1.120534999994561,1.034874255980155,0.11285927861409027,1.034784502782392,6.8000707744375655,48.75478352248732,0.9999132617355426,0.10905602963003286,0.0,0.0,28.9714999999851,0.027752015144724224,0.031229808378326247,0.01643835616438356,0.42146313527698775,0.3912314220819437,0.271928379062174,blg-1141
224,973.6959699997678,2.095519999973476,1.063279564589013,0.1273026532655549,0.9145996649071,4.069710170353847,18.3812739375605,0.8601685640962474,0.11972641655865619,-0.5071296266058238,29.392733984090366,43.897239999845624,0.07396394631073099,0.05532942617131486,0.04017857142857143,1.4916919476293353,0.9153856076538461,0.7069464710199446,blg-1327
1446,3174.6495300000533,0.7771099996753037,1.0410710172675097,0.05844952053428064,0.5264191227347159,3.088306341504891,14.25988811300586,0.505651496340652,0.056143643424303724,-0.11307804459294313,21.725203205722245,168.67090000025928,0.30469754540391986,0.03420684623749023,0.028354080221300138,0.40854830916900087,0.27522453643366707,0.2595292815604662,blg-0389
624,3170.6682200003415,1.9558300003409386,1.11176192470477,0.22903902900511372,3.114869198949518,7.27551770726526,71.57944653357343,2.801741183715447,0.20601445494348156,-0.47797022947115764,55.67609554727665,11.120480000041425,0.2043816273807163,0.09678488669587637,0.01282051282051282,3.3928919645976565,3.279012816011075,3.128727207272844,blg-1326
323,3057.892320000101,2.032145000062883,1.0407484076969638,0.05022398206905631,0.33117962841359483,1.7211183780351724,5.232714950946921,0.31821295404556155,0.048257562745274436,-0.05555194176865541,35.455963563415,63.94140999997035,0.20027836187765968,0.03244744896208162,0.02786377708978328,0.37390516732055684,0.35247644338816114,0.173844269384743,blg-1140
1408,3176.6294700000435,0.8158899997361004,1.0556693396108427,0.09426253704896885,1.3531978240654836,7.48621926527464,79.02468070920423,1.2818386974712495,0.08929172480352619,-0.00880413678969183,15.927296639658602,19.012519999872893,0.10715249400381127,0.0429744147572479,0.009943181818181818,0.46536276604896926,0.40028707790494533,0.37237922490702324,blg-0388
219,978.6546200001612,2.0835500000976026,1.0200021310734613,0.06297589170684315,0.5986137068299063,6.619857018693681,47.17479027982807,0.5868749512622776,0.061740940700934846,-0.06797138209221565,9.524204533520315,9.956230000127107,0.40156731965967285,0.01783902636910545,0.0182648401826484,0.156095295308218,0.12582415850550277,0.12480291678778946,blg-1245
224,973.6958699999377,2.121989999897778,1.1280566975575899,0.18882967238338047,0.8845701194783434,1.9204249299135099,2.9221449960473507,0.7841539468291173,0.16739377649925485,-0.27866146265461533,9.141331092698575,59.905449999962,0.052632280849875465,0.1141304147363513,0.049107142857142856,7.36796133578686,4.198486630035804,2.1753002171916287,blg-1023
2423,3165.658160000108,0.058029999723657966,1.2405076746263937,0.2691315852740107,3.060900280696731,2.1630411645442034,12.88129990340379,2.467457734144218,0.2169527755525881,-0.3441312291144072,29.156839737399064,2192.1841400000267,0.6907179096238276,0.1886999628519389,0.012794056954189021,0.15205577991208372,0.14066927553771735,0.1365367698041852,blg-1022
776,3173.637629999779,1.0823900001123548,1.1840483600211846,0.2660452641967655,2.97855170523538,3.8032525241473256,26.337434247302074,2.515565901401552,0.22469121273483575,-0.5127562005457347,44.40615290083438,30.04137000022456,0.37077828971196974,0.15710202504017973,0.014175257731958763,3.318293955649735,2.758999764953767,2.480376324351784,blg-1244
221,972.6816699998453,2.131430000066757,1.2245833204280252,0.2774736978418401,1.275193530018477,1.5120048393406542,1.7119983744132883,1.0413285060582707,0.2265862117728285,-0.1314138021051554,4.153414700713764,74.98944000015035,0.16176298962447974,0.19432638536211005,0.03167420814479638,15.639605745459706,6.382968609944079,3.2815549527479333,blg-0443
1690,3175.6225900002755,0.15265999967232347,1.113303446323398,0.1827000354090334,3.0875235051308323,7.573520261478708,91.28369993799238,2.7732991284578867,0.1641062321070903,-0.11187383610238943,17.507670784117504,11.772799999918789,0.3400910491769314,0.09290788906439011,0.007692307692307693,0.17078191504437776,0.14035013983343106,0.13857811862745556,blg-0625
606,3170.6390399998054,1.9503900003619492,1.0384151772803538,0.05545851251193673,0.4556971782271886,2.7383165949184836,10.614077905647864,0.43883909231015356,0.053406877317717726,-0.048999063877841476,18.233782515346256,56.01084000011906,0.2445703786979253,0.0328871102365773,0.028052805280528052,0.4020099289960219,0.388374077094946,0.3754128639301076,blg-0624
2791,3177.6644200002775,0.055794999934732914,1.1259255783292719,0.1794478190646815,3.8958528972908937,7.488198236806349,119.80285529147832,3.460133544945751,0.15937804498338018,-0.05160835791022644,15.313755477291128,8.009659999981523,0.49438479699018684,0.10177510436504097,0.004657828735220351,0.05004137784665516,0.04900288680308317,0.04503272622302091,blg-0442
4522,3178.6271700002253,0.048209999687969685,1.0657985508226373,0.06746566742168335,0.5619103321222176,0.36242465580564803,0.6877711843630743,0.5272200139663417,0.06330058033631603,-0.06752747740489973,7.855005359785611,3143.7195099997334,0.5606746737655992,0.05167318580161105,0.006855373728438744,0.19559857916339052,0.12976547711401948,0.04783329822622014,blg-0371
304,3057.889330000151,2.0660000001080334,1.0725000248480085,0.23905105547518038,1.6477584776474734,4.924046125544298,24.46407980580324,1.5363714910097777,0.22289141977422686,-0.13580967721606063,12.491270725483128,20.919110000133514,0.052324133105624566,0.06990801498071125,0.029605263157894735,4.758310536723192,3.908933338246044,3.2931019744140344,blg-0117
337,2695.7337500001304,1.998319999780506,1.037621713130301,0.037634067581822965,0.2656090806604926,0.5662927724980104,0.6026025165025612,0.2559787201247119,0.0362695448089583,-0.037900844951839874,21.156330899263526,264.28642999986187,0.1946298523387522,0.030773526709550237,0.002967359050445104,0.6363525236934178,0.09863086783568657,0.012623826811725703,blg-0116
4557,3178.6271700002253,0.048070000018924475,1.0455833963688475,0.0510400258225293,0.49176724672992733,0.4222401939429843,2.786164747412986,0.47032809026470723,0.048814877427888384,0.015602144914904859,35.560494640567015,3126.713149999734,0.4979101749303567,0.03656542091220174,0.017994294491990345,0.027765699320724074,0.024404123623953066,0.023588183601690932,blg-0370
4482,3178.6243300000206,0.04820000007748604,1.1099392918076978,0.1276857642566616,1.2633165448192853,1.191636335602796,4.0804773936438945,1.1381852527987706,0.11503851070838444,-0.09710408820546323,24.28968690360505,3156.6631700000726,0.5729393893523942,0.0906067471335161,0.018741633199464525,0.22035232213419814,0.18441442617605416,0.1815488160277773,blg-0949
4495,3178.6243300000206,0.04815499973483384,1.0450070083058014,0.0895927073403839,1.4247041365209356,8.236663190299492,97.34613894440717,1.3633440843590805,0.08573407237554677,-0.096619453395407,25.736339616989586,1.9044200000353158,0.13280050792344247,0.037546782878669825,0.017575083426028922,0.08189331869008189,0.07574645671484903,0.07529443940283154,blg-0948
775,3172.6320099998266,1.0972300001885742,1.0143526998578791,0.03308966800142622,0.6243695345584339,10.913150076068906,161.35262116573085,0.6155349401550022,0.03262146162754612,-0.03518716432499036,11.760909560115666,5.99115000013262,0.28806933663873724,0.012099232841678553,0.011612903225806452,0.0762115730165467,0.053249856153604835,0.03279713405764248,blg-0185
771,3172.6320099998266,1.0912750002462417,1.044269134089526,0.18433685143126385,4.529413314380083,19.599166577163913,439.2137590635282,4.337400314867268,0.17652235774138753,-0.01794093492177007,13.063837590381242,0.0,0.37925924992690535,0.03655853390361524,0.005188067444876783,0.3485975818704968,0.33102552619294723,0.31264625123223294,blg-0184
217,978.6399199999869,2.4682000000029802,1.0266136744468595,0.04551088846735149,0.21103354778259942,1.958381433683761,2.8494693501470953,0.20556276521513983,0.044331075220249774,-0.025000605049671165,4.244495299593075,59.973439999856055,0.02668996240807417,0.026112438128524786,0.055299539170506916,0.45979403068437347,0.2958478921143057,0.15266850346215216,blg-0279
209,978.6400200002827,2.7675899998284876,1.221204565410518,0.3227014956584995,2.00253512634505,2.4769311810386556,7.413906778210855,1.6398031637507429,0.26424851507784497,-0.08646236674603269,3.5582511450088883,46.02930999966338,0.21288024036700914,0.18855268308770393,0.03827751196172249,11.983838324534224,10.154430795591786,5.316435901672786,blg-0278
165,3107.6228900002316,1.9949499999638647,2.2743888822550806,2.465490034249017,12.980547007771268,3.078697655752644,9.662638291270792,5.7072680278969,1.0840230721512438,-2.228831120721185,30.40993432113081,8.90339000010863,0.03271280799213624,1.1906991797632003,0.04242424242424243,730.2443257491427,429.7365805848238,247.44232752206202,blg-0841
304,3144.676860000007,1.9960099998861551,1.3458954508238972,0.8125321963377442,6.791439349107578,5.205802103182812,31.226850575525667,5.046037784353743,0.6037112242286249,-0.6081488841294567,22.0141073760465,9.108629999682307,0.09240962546605833,0.29782988704670355,0.02631578947368421,62.19897143096721,55.7404968921091,42.27362624963127,blg-0840
775,3167.6716799996793,1.1003699998836964,1.1857158253146272,0.25897835971095723,3.7179615154308627,6.267329445274469,67.00046530955885,3.1356260958126696,0.21841519864853445,-0.08244056200636418,16.915160884059237,5.990710000041872,0.41649207401827243,0.14469652754873283,0.007741935483870968,1.3473368791501685,1.1575123879891256,1.0953940477015347,blg-0590
607,3170.635919999797,1.9780299998819828,1.0206034030912465,0.03927874654986555,0.24803259239604203,3.2705579716260096,10.73396510400649,0.24302543888697226,0.03848580755858579,-0.11193856474781172,31.020780850377445,81.73881000000983,0.07935061564851861,0.018325797802048,0.044481054365733116,0.3349631716519727,0.2763448456187068,0.24052481386029512,blg-0900
584,3166.7080299998634,1.9825699999928474,1.0259272459663091,0.03371780405653566,0.1781785503387907,1.765247178114719,2.6904439812814305,0.1736756181323659,0.03286568697775482,-0.05114803829356851,24.19022705479024,160.67212999984622,0.15647980149155488,0.021625625519042874,0.039383561643835614,0.4280182180750712,0.27922398315746405,0.2106247039974919,blg-0591
354,3104.6461499999277,1.9653000002726912,1.2488207584957824,0.5571566781539259,3.4483415295392463,3.632421530841693,13.677188616839643,2.7612781726018296,0.4461462302753236,-1.4611820860022804,44.14005917232795,43.04528999980539,0.014859407357041597,0.22677397828157114,0.04519774011299435,45.83325475605582,42.38402678157233,27.35469331686628,blg-0901
1415,3176.6294700000435,0.8167499999981374,1.3025805182176435,1.2908768449339085,10.892749243962466,6.235278661331002,38.94341928853297,8.3624382585139,0.9910150021206371,-6.383810561463504,80.4309282692012,9.02960000000894,0.010730105298863485,0.2863158244640599,0.02685512367491166,111.22215169451084,106.14666648337455,106.0449670206382,blg-1396
120,3084.6635699998587,2.901860000099987,1.7133276625011766,1.5743392729296277,11.213997665713277,4.198957278159822,20.05585018330456,6.545156449462283,0.918878097983062,-0.7425481447261619,19.73899358591611,3.1502000000327826,0.11863467014262644,0.6505390267361832,0.025,186.18247105005406,169.59892371589723,120.50559307856385,blg-0338
1410,3176.6294700000435,0.8183699999935925,1.1285107066924869,0.17488596191838784,2.7761668444948935,4.857436316272943,50.98519272651515,2.4600270103162734,0.15497058143227482,-0.48825299837540226,55.93759845927416,11.111570000182837,0.393401785798222,0.10246435273274337,0.014184397163120567,1.829729920376461,1.6665879235936762,1.1714113402693698,blg-1397
4572,3177.6644200002775,0.04792999988421798,1.083462269430478,0.2847981688600482,2.130018846362046,4.757415166780718,23.67524817642971,1.9659372428560138,0.2628593300080113,-0.3265281344989286,19.548757753942628,23.253949999809265,0.0007299117558899229,0.08095147095693335,0.03390201224846894,2.4478639743679906,2.426907100640036,2.0149005746836752,blg-0339
3276,3178.6241599996574,0.056489999871701,1.020776022900802,0.028223414423504505,0.8659740466616367,9.862279509613227,243.04228034249164,0.8483487256266636,0.027648978339842378,0.0,0.0,1.9948599999770522,0.47955334090431984,0.016380651748270695,0.007631257631257631,0.004073849623226517,0.0037866976768544443,0.003150647410118852,blg-1436
481,3164.671480000019,1.9949349998496473,1.8000084951188224,2.2045819856106705,18.22899741751631,5.45348225683358,33.10130992035176,10.12717293594842,1.224761982702488,-3.9193093659778473,25.40227071199313,9.906179999932647,0.032695202692528375,0.732163237771202,0.02494802494802495,602.9075375651655,548.6583044374203,540.0617709468142,blg-0808
1411,3176.6294700000435,0.8158949997741729,1.0744236848355888,0.09987970936078634,1.6320875218019233,5.4555138764911,64.12849487984754,1.5190353020385219,0.09296119383896333,-0.03613772712760022,15.831241951125975,5.996039999648929,0.5125216957270654,0.059188936007027786,0.007087172218284904,0.22511434985539405,0.18096816473742286,0.17977606706858354,blg-0498
4364,3178.6271700002253,0.048039999790489674,1.2242538001180066,0.24959596013510116,4.935045547474554,3.145934010103222,38.24111632066714,4.031064070773741,0.20387599211232388,-0.9253897608444568,126.5134987502421,10.010030000004917,0.6282295908283417,0.17257969063724463,0.010311640696608617,0.5899999443145656,0.22145755897878303,0.21756697365584127,blg-1437
309,3160.6823799996637,1.940544999903068,1.4202490854435814,0.9498317930807637,5.249785110545231,3.313733876887698,10.785527080112251,3.696383350911823,0.6687783122890186,-1.3161720001881505,26.287518040544004,26.108989999629557,0.016549080798397797,0.39989594250402843,0.042071197411003236,139.03169374037222,115.9745173593579,88.38364733340053,blg-0809
1407,3176.6294700000435,0.8127399999648333,1.1243998254165963,0.44292388757147144,4.117096301821723,6.526367854921792,46.01390422310467,3.661594543275895,0.3939202707259075,-0.8622409439780423,26.90764426325946,34.84406999964267,0.009276112117059934,0.11521539102490029,0.022743425728500355,19.186258903358418,18.44904245467399,16.943373566333893,blg-0499
4487,3178.627350000199,0.048214999958872795,1.0253360453440654,0.04247542897749189,1.1856043049035416,15.177067303744996,360.8395599355758,1.1563080208914491,0.04142586106877777,-0.017976219416266703,12.546545253153305,5.007819999940693,0.33731901919901974,0.02051093831549395,0.0024515266324938714,0.023804589214262727,0.0032190513536243053,0.002527133263511452,blg-0056
218,979.6352300001308,2.0903300000354648,1.011665197124177,0.022267117028521917,0.2356077542439824,5.75965150661435,44.653590606525654,0.23289103211697454,0.022010361601561668,-0.013034307002222523,2.9402041623663133,6.000839999876916,0.3294306022590059,0.009922189516611502,0.022935779816513763,0.027407897292138893,0.024334187921528323,0.022847092785167653,blg-0230
328,3057.892320000101,2.0293800001963973,1.0364766627639765,0.04032625787933906,0.14527891215635658,0.5858850548719902,-1.1360000538522543,0.14016611851855837,0.03890705786151546,-0.07221179478843909,15.828928195331688,504.6420100000687,0.07681347137924448,0.03331035880127931,0.0,0.7551085059653636,0.13527290181829613,0.017656003086012464,blg-0231
4541,3178.627350000199,0.04798500007018447,1.0120732383896576,0.02325137496861572,0.7002580920310867,16.973957480281573,430.6244954608989,0.6919045564590212,0.022974004110484825,-0.0046062344357522544,13.022142008978927,7.956379999872297,0.2889726271653828,0.009989209868923129,0.0030830213609337152,0.0014042791872289355,0.0013703060030252619,0.001359375401399527,blg-0057
4576,3177.664439999964,0.047780000139027834,1.0887920101370416,0.18005145868443098,5.602116591374148,15.582062373011249,363.98833693800015,5.145258679126831,0.1653680917515989,-0.06051490386532721,20.343019617318333,0.1626800000667572,0.2677875535353052,0.07354888456687204,0.006337412587412587,0.10072795652045054,0.08275609486968927,0.07999744043168795,blg-0764
4445,3178.6271700002253,0.04832499986514449,1.3786368356910887,0.9969282542271661,8.948869607694833,5.848651349229532,36.59468202632529,6.491099984498751,0.7231260772864531,-1.8851757256883845,32.46315383766076,13.138600000180304,0.03702995033262488,0.32939594199935945,0.024971878515185602,17.20619339402242,15.671868658814505,14.713540829583245,blg-0992
792,3166.6487000002526,1.0717200003564358,1.2037184945941308,0.6390655250838234,15.99318180448316,19.32025796270931,439.01187763256735,13.286479973052948,0.5309094465564466,-0.10184574317447348,16.04280549046135,0.0,0.4387737142410027,0.1649311490693542,0.003787878787878788,4.723191293847544,4.618117961040043,3.701137175261235,blg-0502
4495,3178.6271700002253,0.04816999984905124,1.2621257346233685,0.3747199577730334,2.7536777162245656,2.7334610255016085,9.527174242975777,2.181777630283813,0.296895899136305,-0.7459324039054382,35.560494640567015,76.69350000005215,0.23314797618350117,0.21930818538966698,0.03292547274749722,4.534210283882097,3.985159389897465,3.3790301540303505,blg-0993
631,3147.6505900002085,1.1523799998685718,1.2861530761751891,0.4093555694893405,3.54803227154701,3.361111834682853,15.574854967023153,2.758639161764392,0.3182790399443799,-0.42511911485947507,16.81776118431269,30.98898999998346,0.2581189522125748,0.23717166182333263,0.02694136291600634,12.352236937652112,9.360311823397154,7.714998154023107,blg-0503
927,3176.622359999921,1.0223150001838803,1.1131724152948816,0.28172532061268274,6.521794301976775,15.906063359358802,314.65221187199273,5.858745827493111,0.25308327282545934,-0.180864189550902,19.66938885966288,1.1133300000801682,0.38217302499907485,0.09346468828815359,0.004314994606256742,1.6903107084902766,1.337076391219554,1.1455171829612063,blg-0765
4518,3178.627350000199,0.04808000009506941,1.159464830423011,0.22889510257213388,3.7827834517336667,4.346612314192944,33.32536926772115,3.2625253650240764,0.19741444034527636,-0.4635999266853037,39.236537940750736,11.001219999976456,0.22012716301028576,0.13141479213052157,0.020584329349269587,0.9393451994626257,0.6789854350443517,0.6591476260696193,blg-1162
311,3142.6941700000316,1.9939350001513958,1.0921021235652129,0.17121175255022553,1.7313440820010708,4.773712963923206,29.64829098663985,1.5853316542373432,0.15677265641016344,-0.25543502344892266,43.963082040114564,20.856149999890476,0.17566434865908606,0.07827469766391561,0.022508038585209004,1.6208151253048357,1.5628541807673875,1.3088630111746384,blg-1304
4565,3177.6644200002775,0.047925000078976154,1.1173922878256048,0.14656236486091465,1.3445027051502578,2.1227158957851566,8.389476830978916,1.203250378373468,0.1311646457077952,-0.5927367928545648,56.774855346184566,3057.6305999998003,0.4777898503607033,0.09742452253854629,0.0203723986856517,0.17013340188726664,0.1584361365273584,0.14466935363720343,blg-1305
1525,3176.6691200002097,0.788755000103265,1.272850377313928,1.523699799865285,28.20989304875275,14.089549556304398,215.54361393720694,22.162772097892475,1.197076903186336,-1.2557283857707038,85.0367854138829,2.049800000153482,0.22059177767077293,0.24234534927639026,0.006557377049180328,57.934178426871604,55.41513266233876,54.47691684606572,blg-1163
4563,3177.6644200002775,0.04792999988421798,1.053167912042255,0.15861049465499377,1.9933363323365891,6.43000306852223,47.428077256226935,1.8927051333572738,0.15060323366802092,-0.4905789910578706,39.84151163984509,16.0698699997738,0.02056115494030819,0.04795744891942269,0.023449484987946526,0.441760963406297,0.4334039959166608,0.4204019911416615,blg-0977
1486,3174.6495300000533,0.7771099996753037,1.091156009582253,0.10783107570215854,0.9219308484749987,1.4715389306817592,6.241065893709017,0.8449120308459264,0.09882278406294405,-0.05207405451680991,20.501901450646724,3049.8221100000665,0.6171417521021889,0.07451465107250266,0.01816958277254374,0.5136694442505138,0.3075753800776538,0.2840313995979179,blg-0781
1476,3174.6495300000533,0.7804100001230836,1.1746333684967771,0.19455636368254317,1.8701967747159673,1.4397441324401312,6.198893095431901,1.592153610609405,0.16563156406429072,-0.17007209685658498,19.005693775195088,2636.91435000021,0.6750475219859795,0.13999172006777824,0.01084010840108401,1.1980354717078858,0.9657106482308556,0.88189489740011,blg-0780
4421,3177.6644200002775,0.04814999969676137,1.208539202727406,0.23107817166204633,2.354566412115267,1.760812606395121,8.75570885614829,1.948274733098259,0.19120452959118633,-0.2145940548714782,26.930062871426756,1035.936950000003,0.5499968343402477,0.1648276624015899,0.010857272110382267,1.4969754166294293,0.5750136606730497,0.25466686346463036,blg-0976
871,3169.626000000164,1.0346850000787526,1.033478299655052,0.0851101870439641,1.861006610628333,14.220644596832898,253.08597522238966,1.800721498692593,0.08235314302084545,-0.04852013779587527,11.646241414284992,2.990979999769479,0.3911235552752895,0.027493883514643998,0.0057405281285878304,0.14006903674529383,0.12406988778995763,0.1101711088268122,blg-0129
297,3056.9455300001428,2.068275000201538,1.1018767497178752,0.3121652985694803,3.544896828640916,8.763377751987152,83.78985711818801,3.2171445648318713,0.28330327853489456,0.00861225559612988,36.312244232194566,4.914220000151545,0.25914656203715036,0.08643679846387656,0.013468013468013467,2.3190515061358323,2.194311642813689,2.112321388348399,blg-1187
224,980.6770699997433,2.12104000011459,1.0532512636926832,0.08591748252143175,0.8382460954405995,4.175212951655753,23.841199016641532,0.7958652568268171,0.08157358520935498,-0.04041645288767093,2.9598022821375527,21.947459999937564,0.2913035708146424,0.043190441366690084,0.026785714285714284,0.5111964415499314,0.47791576184230194,0.31797540885031933,blg-0128
117,971.6584399999119,3.0027600000612438,2.017014315593713,3.6422523792522123,34.2640507133153,7.158651754423667,57.353002284219954,16.987509844893935,1.8057642591011875,-0.9462243811652111,10.469282266240533,0.0,0.34684874714863956,0.9471931025801499,0.017094017094017096,426.93733693274726,353.5719306406294,302.6070508106175,blg-1186
786,3173.637629999779,1.08202000008896,1.145722700995313,0.639325783315229,7.098307398429568,7.326361850192574,60.60335611309484,6.195484588293725,0.5580109193784188,-0.7374037229305355,29.570414571231698,16.123829999938607,0.02474296306187864,0.13962836893967365,0.022900763358778626,25.05572094845898,24.73010681346595,23.433271139872282,blg-0689
1220,3175.6163400001824,0.8340799999423325,1.0148502730264783,0.08565448039539966,2.814714690208929,28.178584414003485,875.93768031526,2.773527028848935,0.08440110017012713,0.0,0.0,0.0,0.5223005680422237,0.012888299695713543,0.003278688524590164,0.06160951331756779,0.050835068509689954,0.04550744380070678,blg-1441
2145,3174.6680899998173,0.06869499990716577,1.063397859487987,0.09971177139204804,2.6596378238209937,10.675158542804086,221.63745435652947,2.5010749975468514,0.09376713481667782,-0.024213247648518843,18.99363971924164,1.1012400002218783,0.49192473300744466,0.05336696985388295,0.005128205128205128,0.01714139640266374,0.01593593243321645,0.0129565934975063,blg-0688
1491,3177.6105399997905,0.7945700001437217,1.0088969998586743,0.012857050459516737,0.19966030890090347,4.274539128787843,36.87230968011582,0.19789959425974687,0.012743669902756225,0.0,0.0,26.971109999809414,0.311691823234757,0.007502186312685782,0.022803487592219986,0.022608271113812733,0.011490824928823124,0.008631458763474863,blg-1440
321,3143.629350000061,1.987690000096336,1.0761736628992462,0.3240109002980391,2.69806057249387,6.43823990959906,42.770314353408565,2.5070865794599944,0.3010767764139253,-0.0490475414870688,13.378339961521696,10.968690000008792,0.04729213269372844,0.07301918130719891,0.021806853582554516,5.106579335421551,5.047248338508277,4.516903840926413,blg-0247
4587,3177.664439999964,0.04779500002041459,1.0755972089991643,0.10020855501662217,3.4154589495760383,10.434526081757115,274.560821404603,3.1754070103993937,0.09316550214760273,-0.007199092175127708,13.336337017748754,5.032100000418723,0.5967075416575255,0.06000365293417986,0.0021800741225201656,0.019533215799622167,0.01148622410849446,0.010783834284796144,blg-0021
4584,3177.664439999964,0.04780999990180135,1.1770022826101294,0.5618625520500211,3.7353006980379377,4.325737993646588,19.17845570488883,3.173571301848959,0.4773674236470945,-0.6936228334931944,15.741223942406023,37.163480000104755,0.0009723505311415231,0.1734828698763065,0.037085514834205933,11.620967955814347,9.937754044592575,7.995760066708204,blg-0020
313,3143.625349999871,1.988514999859035,1.017298309607167,0.036237141363969536,0.28823375614806923,4.5754040977427355,23.840950936083413,0.28333257864750194,0.03562095863675723,-0.02477848660226112,11.694535852752644,29.929990000091493,0.14445982113912098,0.015551399391279693,0.03194888178913738,0.09580052790892052,0.09105853019049062,0.06234272466087618,blg-0246
1490,3177.6105399997905,0.7923499997705221,1.0146457232246364,0.032912308944967036,0.4959749358500767,8.172335090384415,85.52261373949561,0.48881586903620367,0.03243724175567045,-0.047187360905798226,19.670200805280686,17.81436000019312,0.12485753632790426,0.012409380881275514,0.015436241610738255,0.06559212401734169,0.05861094765899749,0.046496285056643244,blg-0575
1695,3175.6225900002755,0.15313999983482063,1.0205677161799775,0.02586904227171601,0.4395167626473798,5.295428815440929,70.13874491107872,0.43065908452005164,0.02534769776479684,-0.004476239626458156,18.624730010874494,6.212580000050366,0.48360154056311716,0.016295594478912646,0.004129793510324484,0.005508796371465997,0.0046117419484343475,0.0023748942375143825,blg-0713
784,3167.659250000026,1.0910600000061095,1.0874233066522225,0.25294003430282835,2.836878803123709,7.737372654681265,65.7185507378545,2.608808142773155,0.23260493906047366,-0.23056380009522148,20.609645991381402,10.083159999921918,0.0619814550066901,0.0758258994060792,0.015306122448979591,3.1412298877303084,2.9324284765755535,2.564719458631964,blg-0712
2803,3178.625650000293,0.05560500011779368,1.0607121043949372,0.13167633334430973,3.856764706416391,18.15730847461192,428.1525506415201,3.636014573677617,0.12413955828101572,-0.10980855553051705,16.696765808437583,4.142119999974966,0.217637857889178,0.04853747008229557,0.003210845522654299,0.05346824194285563,0.03126801567887945,0.030136461357393857,blg-0574
1492,3177.6105399997905,0.7943600001744926,1.0405608112611684,0.05912373289889859,0.9393084962579189,4.651566264723549,42.17130679657622,0.9026944673156819,0.0568191034016062,-0.396689647161399,126.47225548897096,32.85496999975294,0.33027322738586584,0.0331869330805528,0.01943699731903485,0.23741741960883206,0.22135665321186415,0.19906390440002206,blg-1373
2490,3174.6680899998173,0.06019000010564923,1.1479480227072965,0.20582100465503436,3.0354699927418682,4.788981554593238,46.40897750254638,2.6442573237249074,0.17929470567550906,-0.3132370931315551,29.820114228990303,26.95375999994576,0.44926145254888694,0.12032304604651126,0.010040160642570281,0.15151579595923692,0.11614278826946715,0.1130290693988248,blg-1115
548,3167.652809999883,1.9969700002111495,1.013003959638547,0.022921549770068772,0.2569084159964594,5.472396791693684,42.20245696913278,0.25361047310419493,0.02262730498306683,-0.04734580995324844,32.05460085003454,14.995129999704659,0.18352242519105968,0.011154324537390212,0.021897810218978103,0.06400189420173219,0.03769305604120099,0.03724799385940019,blg-1114
1414,3175.6163400001824,0.7947900001890957,1.213553133300942,0.25960133154727943,2.0681122773141327,2.0094935477516116,8.01706810470978,1.7041794079892831,0.2139183874891109,-1.0309124723563483,71.36539320581747,3006.8350799996406,0.5788741887551113,0.17406430497840183,0.021216407355021217,2.995413248612504,2.5690860051824242,2.306197986710984,blg-1372
4557,3177.6644200002775,0.0479499998036772,1.1212751116107673,0.16087925750049623,1.631910463242484,2.7127053499768445,12.432004907554518,1.4554059318627919,0.14347884332739427,-0.27957412368005374,37.743193403250125,35.12522999988869,0.31370404339201213,0.09846814501887782,0.026113671274961597,0.5200423135657773,0.38218685757123927,0.37420378235190893,blg-1054
4544,3178.627350000199,0.04798999987542629,1.0250231905121538,0.044290897716123344,1.5001586225281405,15.585442103352259,391.3584931747598,1.463536261207146,0.043209653882949534,-0.02905071309656293,42.664364912295646,0.12630000011995435,0.27397546579908355,0.019998233838053735,0.0037411971830985913,0.009339534240269587,0.006977349425238578,0.006969075983405516,blg-1232
1529,3176.6691200002097,0.7903150001075119,1.0383548929786506,0.05860653738188928,0.4384046227432018,3.100069907452234,11.83981433119632,0.4222107696372247,0.056441720661952015,-0.27220040749117524,78.28145399952604,119.88989000022411,0.20870816742848392,0.03218029791877817,0.03466317854807063,0.38697687828673377,0.37552841690486277,0.36303181067865187,blg-1233
4313,3177.6644200002775,0.048255000030621886,1.2558154487542108,0.3030736186567772,2.906469233517845,2.5156084922266673,12.203945402226593,2.314407911813022,0.2413361107669682,-0.2319943420621713,34.413950888543184,2946.784440000076,0.4677291159511532,0.19822580247615984,0.01878043125434732,0.8216191171908466,0.614880329627677,0.563879814996435,blg-1055
3943,3178.6271700002253,0.04888499993830919,1.19418598729088,0.20297702066609796,1.8244425735263419,0.8040297425697815,2.686219339818022,1.5277708645598396,0.16997102723241597,-0.04472198805129457,18.176636206997955,3070.7506699999794,0.6327302296777859,0.14968591507024054,0.015724067968551865,0.4227447954433772,0.36375813208819674,0.33964031248265697,blg-0652
611,3170.668229999952,1.9681049997452646,1.026786774550035,0.03334981197386706,0.2625915320503338,1.6216389200313126,5.785751380227957,0.2557410516005115,0.03247978302377726,-0.010875930153081637,15.034289712107682,2977.9248899999075,0.5134672596534557,0.022680581858201203,0.02127659574468085,0.08385635858766916,0.08008232861756494,0.0773829905785063,blg-0434
610,3170.6682200003415,1.9698299998417497,1.0138016141836712,0.02077069421430161,0.10858754362822598,2.0470542865036747,3.3422578498880524,0.10710926184958755,0.020487927538118216,-0.038475394173147714,19.638428960277167,192.7522999998182,0.07490462568911072,0.011893830457006073,0.05245901639344262,0.15169193341174084,0.13296053825222715,0.08712721745467758,blg-0435
4159,3178.6271700002253,0.04972999985329807,1.1380620105187922,0.5690199373347655,15.949369397460588,21.223131080935616,510.3120799274102,14.014499306628277,0.4999902703680196,-0.18291907519252892,19.429425408240228,0.07945000007748604,0.1029452314577155,0.11684997112461343,0.004327963452753066,1.2535165095568823,1.0854664156711311,0.9889262275246928,blg-0653
563,3168.617989999708,1.9903800000902265,1.219254054290336,0.23636316439451915,2.387154980089484,1.955562965323789,11.314259932019151,1.9578815031294745,0.19385882837478485,-0.004073112063242679,13.10147651613672,9.041970000136644,0.7415665318872151,0.16677101172358041,0.008880994671403197,2.656245974876048,1.80272074990135,1.38189737207094,blg-0160
583,3172.641769999638,1.980615000007674,1.0209425721718692,0.026781278284775483,0.1709738762086057,1.8157362108493607,4.818029782399354,0.16746669126572228,0.026231914264760313,-0.021241040772139952,15.720910459388696,2931.986620000098,0.30903824319107276,0.017529328025334818,0.03430531732418525,0.13323514453017984,0.07878312839691215,0.07743222139504448,blg-0306
1371,3173.65755000012,0.8242150000296533,1.1195987493752808,0.16489755140072618,1.9089030428129965,3.723995426250092,25.935558741682286,1.7049885298891683,0.14728272072464293,-0.14189703650877017,14.431159270347557,32.90880999993533,0.42299204519163425,0.09787209805078827,0.012399708242159009,1.2736017155350547,0.8683680453413274,0.7826213128088638,blg-0307
574,3168.617989999708,1.9895800002850592,1.029664982384726,0.03938022508281676,0.3052126769597624,2.1596331603792382,6.994981707548925,0.296419397781878,0.038245667643425775,-0.04768915721072764,12.112435704006954,102.73897999990731,0.3812553604088237,0.024997016901537612,0.033101045296167246,0.23102453146845445,0.19815666265304793,0.1296710182957311,blg-0161
215,972.6472099996172,2.7591850000899285,1.1442372546687043,0.2582636894881942,1.9004112913479547,3.807768315145498,17.26868971497635,1.6608542214347377,0.22570816163985918,-0.1551797487309612,4.021943785973067,11.040530000347644,0.08966317001019262,0.1243054554523172,0.03255813953488372,6.665015237394505,5.298948544507279,4.104144803889396,blg-0394
202,971.6616599997506,2.8461000001989305,1.1648728526782892,0.4407403077378857,4.563478855840019,6.820301045446997,53.718386000054586,3.917576760563909,0.37835915133650766,-0.06417857515721326,3.991088985173618,3.9764200001955032,0.1769332376845289,0.14781515373580673,0.019801980198019802,11.866535039667417,6.984185560473275,6.5020577385866245,blg-0395
609,3170.6682200003415,1.9539950001053512,1.144749064512117,0.18862242008192454,1.971633475009765,2.6047266104810705,14.088793441769322,1.7223280794964257,0.16477184763159902,-0.17013573921192116,11.958746534031853,30.95212999964133,0.4911691524846194,0.12277561642489061,0.0180623973727422,3.519668734836132,2.5175309227582785,2.370604419784166,blg-0068
342,3170.6682200003415,2.011099999770522,1.2829558095080082,0.5333058184854189,7.586117755816357,8.015810052437162,91.95237399832723,5.912999996153807,0.41568525616878427,-0.3627972135250035,11.958746534031853,0.0,0.43461026046675405,0.22952022577421305,0.017543859649122806,14.441732796728543,13.46129600496747,10.708378447677038,blg-0069
2796,3177.6644200002775,0.05576000036671758,1.0077839058430513,0.030430311214626464,1.1065285678796422,21.97000097260863,660.9122944023312,1.0979819686385717,0.03019527374493797,0.0,0.0,6.976420000195503,0.06812596317330738,0.006791448435207648,0.012160228898426323,0.002781457684200842,0.002664130612209271,0.0026456715357172944,blg-1408
381,3166.610419999808,1.1287950000260025,1.0394190504060685,0.07659717772257954,0.6172754667189655,4.384044442855854,22.395356207204763,0.5938658335530381,0.0736922966302498,-0.03414412629586372,21.788042396496767,15.951809999998659,0.1360743478141167,0.03478048085087043,0.028871391076115485,0.2476853117758025,0.22567358950021724,0.22072665432741026,blg-0836
2789,3177.6644200002775,0.055794999934732914,1.0506034665279174,0.11147615145649072,3.5623868552686844,16.74683465718303,422.2023866782946,3.390800558781534,0.10610677952913522,-0.880733280491172,131.77778134320388,9.914369999896735,0.236518514684187,0.04199879183677325,0.010039440659734672,0.057018181662414916,0.0350113346429797,0.030530274288893915,blg-1409
356,3123.7611099998467,1.9378100000321865,1.0773546584639384,0.1617645321687971,2.0810814494386025,7.922760094042039,78.90732551746379,1.9316586360606292,0.15014974817850502,-0.08423851138734006,20.126384190315008,2.9095000000670552,0.28226497681180807,0.06325720473033053,0.014044943820224719,1.033379530159101,0.821183192700703,0.8007532896685291,blg-0837
4572,3177.6644200002775,0.04792999988421798,1.0296947342263554,0.0912871474683294,0.9753023295138012,6.3964561350565985,45.831771930966895,0.9471761752523842,0.08865457261017345,-0.05579804399784605,18.76463801146223,14.204849999863654,0.010316997114765738,0.02653772060991111,0.023184601924759404,0.19330712250546808,0.15765086683940058,0.1441315404146244,blg-0508
4421,3178.6243300000206,0.048375000013038516,1.305939988995654,0.30941447305803554,2.3615333627099853,0.7797722119215589,2.3166148116009566,1.8083015793421948,0.23692855207436314,-0.24663295354087889,27.688092797343515,3137.675909999758,0.3731309865337064,0.23033229975335,0.014476362813843022,4.594793796056312,1.0026384788523075,0.8960045841344813,blg-0998
3801,3177.6644200002775,0.05092999991029501,1.4163613389291962,0.7318757194229402,7.473938707428078,5.104926077803499,33.391024035149506,5.276858700697078,0.516729519607589,-0.4648417651914174,17.28541681729377,11.149230000097305,0.14115301545085496,0.3464950007347183,0.02315180215732702,8.77396693715109,7.648095892870797,6.542108312602247,blg-0509
4518,3178.6243300000206,0.048089999705553055,1.0143277009602498,0.02136590014658628,0.14761360710078253,2.535619511264433,6.89086818257978,0.14552851657876803,0.0210640998128302,-0.04829581525466442,35.56055869439775,1066.096950000152,0.10456918795341288,0.012077454672390383,0.0451527224435591,0.022796682022263558,0.015904516604048156,0.012622921221081256,blg-0999
1373,3176.6294700000435,0.8271749999839813,1.145204948046132,0.1944242904765855,4.2554968266632445,7.041179113864261,115.35137071389747,3.7159259543581387,0.16977248405237308,-0.0008897302759627301,36.84891872705385,3.995839999988675,0.4966883672993547,0.11189947773569058,0.008011653313911144,1.072108937249952,0.717311197619666,0.7007535393840231,blg-1168
808,3170.6686399998143,1.063649999909103,1.0694940614475434,0.08698614849694966,0.8958388889068482,3.2776609353380244,19.84240288800421,0.8376286627698126,0.08133392303822244,-0.14821914979360984,32.413931110041936,22.013030000030994,0.4157471313846413,0.0536299305937473,0.01485148514851485,0.3460659616348144,0.3249378377330079,0.262382624664422,blg-1169
2366,3178.625650000293,0.05766999954357743,1.0457599362965988,0.04929062092565758,0.6382944897299463,1.1340497108806942,10.723310431924173,0.6103642542347983,0.04713378161040962,-0.021032475292661612,15.080691830676981,2716.7523099998944,0.7830795443045881,0.03525806769080284,0.006762468300929839,0.004775730870853397,0.003442396697778504,0.003057840365054819,blg-0492
828,3166.6487000002526,1.0688300002366304,1.0246402001114223,0.17706685251605367,3.3061983336359044,13.425088538525557,201.5153971277565,3.226691965637752,0.17280880719760053,-0.08766153852563319,22.638057237543382,3.855780000332743,0.09725548032995755,0.02347471713798733,0.00966183574879227,0.6022407235451933,0.5655362468201385,0.5490775118858692,blg-0802
815,3171.63917999994,1.0649199998006225,1.0248408832429798,0.054443513695903265,0.3799000996527522,3.3057804199044964,11.231209473976424,0.3706917846053217,0.05312386932924157,0.0,0.0,97.68429000023752,0.024053482043401343,0.023185826640992717,0.04049079754601227,0.5532457464663125,0.4626255220012435,0.3474159441707636,blg-0493
804,3166.6487000002526,1.0775500000454485,1.163737896971611,0.3175146057838004,5.554350963569311,11.33311047521746,171.96621869367863,4.772853861934745,0.27284030526260594,-0.24392824315743966,19.99306488926978,2.9419599999673665,0.36028349262798753,0.13307299020805025,0.006218905472636816,1.9076629091830293,1.7385635811722462,1.66725151593546,blg-0803
2446,3174.6680899998173,0.060740000102669,1.157218735764543,0.3436140348300682,9.466756750132479,16.185249560038002,352.70174674920804,8.180611301693054,0.2969309269208664,-0.7392723052994248,44.42449644465046,5.913929999805987,0.30141174553904604,0.12914600944658253,0.003679476696647588,0.4613206795605886,0.4194777974240387,0.30342975812258394,blg-1294
194,972.6702499999665,2.073989999946207,1.3400420877024888,0.5110843460504735,3.612783629819069,3.349311245035616,14.003677019411604,2.6960224876615526,0.38139424643951936,-0.7531584952529617,18.83371651040833,32.99397000018507,0.22140316079841743,0.28195856966666094,0.030927835051546393,16.831302903752437,12.410954573319106,10.874659377460244,blg-1295
766,3152.6346700000577,0.9588599996641278,1.0071160559855104,0.021142433671863633,0.2110433751832007,6.529552526724383,46.41529672738902,0.2095521879860837,0.02099304577290679,-0.02890386578193649,19.523794800570865,31.961800000164658,0.030880289759559806,0.006562322956468275,0.020887728459530026,0.033467373652219606,0.022007723496037926,0.02143904161089123,blg-0666
772,3167.6716799996793,1.1007599998265505,1.15345358976721,0.5922872783901993,7.518329495078085,8.244105655780707,75.71166909490746,6.518103109301869,0.5134903376345046,-0.39187474380166476,34.59685218019223,15.890820000320673,0.1280439451908999,0.13936045683946863,0.011658031088082901,18.90329887905137,17.865963998318048,17.041920975763887,blg-0890
210,968.6971899997443,2.2118299999274313,1.247048407222519,0.3346834959037927,1.8890151151286037,2.059021716047081,4.518637655070173,1.5147889119942122,0.26838051456671946,-0.09209911428917716,4.217166547162331,54.819450000301,0.16162502529861347,0.20447031115517328,0.03333333333333333,13.393337538886787,10.300410464840711,6.759262642410624,blg-0400
172,969.7036100002006,2.982869999948889,1.5226651624619592,0.8125853823447339,5.113618020780272,3.251483304704338,12.363362067225845,3.3583338696268936,0.533659925399676,-0.4389000683997619,5.6589272000897335,11.924509999807924,0.18813161617681193,0.44311744109161955,0.03488372093023256,49.95594004074144,46.563426410416916,35.91034975567041,blg-0891
221,974.6337600001134,2.1314350001048297,1.343153702444332,0.7431935572132151,5.5813325461807395,4.423068024709836,21.697870834273818,4.155393753127166,0.5533198101807111,-0.1858344944078747,4.033482707279768,11.852229999843985,0.06884418530016238,0.29949775788880173,0.03619909502262444,43.96971933234824,35.25686944008051,31.660234920628817,blg-0401
671,3167.662990000099,1.9139949998352677,1.1361080650282243,0.18666076608370719,2.657525339761653,5.078086160749531,51.2561846764821,2.3391483593632874,0.1642984238793215,-0.05730526398865021,17.757667315352403,4.059500000439584,0.45338981225372915,0.11003962929614557,0.007451564828614009,1.29098066967014,1.2356717317080101,1.2226443145691621,blg-0667
4542,3177.6488900003023,0.04801000002771616,1.0826949531433852,0.17797481132336604,2.1305150443166747,5.42703974338542,36.7955910456857,1.9677888203443348,0.1643813053370566,0.0,0.0,52.938970000017434,0.05373614794855412,0.0727551097563455,0.023557904007045355,0.9049674030931408,0.6898106228344214,0.5437815902443573,blg-1060
562,3171.6341200000606,1.1820699996314943,1.3671830935143041,0.7045739839629966,10.662403576285273,8.572684961886088,99.87831701268873,7.798811694554941,0.5153471997656421,-0.3883535341332136,37.20811367504134,5.843809999991208,0.3488195427678075,0.30655502759658415,0.010676156583629894,13.627006698728477,12.152257480080994,10.168055098277248,blg-1206
1376,3173.65755000012,0.8241200000047684,1.187652726275305,0.8225743941815647,8.524757520307897,6.615216591516255,45.804763621571674,7.177819963639446,0.692605143790859,-4.250751674528118,74.7087619863056,16.915430000051856,0.013177731008149667,0.17617001268863128,0.025436046511627907,48.47702109175005,46.07699919906819,44.97691743668367,blg-1207
2801,3177.6488900003023,0.05557500012218952,1.0797423947403233,0.6374516845952924,12.792985594240589,15.061189137825712,253.68132158408577,11.848182990754436,0.5903738537976554,-0.3653274130682014,35.627049328677934,1.2225899999029934,0.029350480490212726,0.07731577285300961,0.008211353088182792,1.328282053907539,1.301864860327033,1.2992381695630775,blg-1061
725,3173.637629999779,1.1176849999465048,1.032931242340863,0.20297112878208365,4.1709788629443825,16.183151731903273,284.9320113526217,4.038002387372802,0.19650013330713323,-0.03493518374169069,11.866936589180968,2.996449999976903,0.23401519175297752,0.02816321338208531,0.005517241379310344,0.4087459541599009,0.40449762323390337,0.40429957025255986,blg-0154
351,3033.95186999999,1.9790999998804182,1.0900854087855738,0.19664025167581697,1.4766400498702583,4.258910215333886,20.0698004323528,1.3546094869476666,0.1803897642213094,-0.07957087809302132,14.98872250110137,25.012560000177473,0.04667658756680866,0.07922138715558547,0.037037037037037035,4.391454312299267,3.499318050093024,3.183911268005123,blg-0332
549,3168.640930000227,1.990199999883771,1.9466091915139967,11.129855911072617,254.54669446027458,21.62888752488332,486.35251967612265,130.7641483777525,5.717560516212628,-1.5346626090843956,16.821602082232346,0.0,0.6987884863548408,0.9248487614937235,0.0036429872495446266,1517.658413171261,1493.3405716197828,1463.5843724682352,blg-0333
787,3173.637629999779,1.0822050001006573,1.2556039587874788,2.3648834321867542,63.644113789282734,24.55255760076385,643.2787574673767,50.68804764191935,1.8834628521208745,-0.34362897728932884,13.575757214669679,0.0,0.6064759816405718,0.23607486231709854,0.0038119440914866584,44.34952117322393,42.46172527847133,41.41002825087897,blg-0155
2490,3174.6680899998173,0.06019000010564923,1.0266709161899152,0.04024807749963769,0.5598833628558222,5.387960324475817,49.896769926803756,0.5453386752984316,0.039202510242500564,-0.03842359095964887,15.296308697047978,50.88257999997586,0.35468657632035533,0.022282670884749594,0.011244979919678716,0.0061295012912911525,0.005917243132630997,0.005706297442214159,blg-0273
4559,3177.664439999964,0.047830000054091215,1.017509371777331,0.06812495097362509,2.997852373586355,30.050676662816713,1105.495173399282,2.946265093251393,0.0669526514385824,-0.03249722671630639,11.677797415744624,8.954210000112653,0.2689215700102854,0.015007402536951282,0.002632156174599693,0.019338112506147014,0.016756532355886995,0.01221754743446837,blg-0015
3725,3177.664439999964,0.04862500028684735,1.0183353911997304,0.029366119267982736,0.30581609072788407,1.5258554449811508,1.9420488581968538,0.30030979023963356,0.028837374438113086,-0.05704072784624281,32.07851208930127,0.0,0.02331488043015853,0.017658445255893006,0.0010738255033557046,0.07910845268216814,0.04356561938065089,0.014281484057451744,blg-0014
238,987.6579500003718,2.060449999757111,1.225933076533591,0.6095786998817683,4.278170759478131,4.310586727718383,20.34541343164616,3.489726157546616,0.4972365185161887,-0.14839733899360175,4.287228313156135,17.100130000151694,0.029349587766417336,0.21630259278081312,0.03361344537815126,36.1373446508729,31.56540810470832,24.98666340324541,blg-0272
218,980.6246200003661,2.6697900001890957,1.0229642156652938,0.059171561744272315,0.6181442983774965,6.883647383859422,54.059117690019576,0.6042677572380216,0.057843236605649204,0.0,0.0,13.007340000011027,0.08365771667410564,0.01909388143235893,0.022935779816513763,0.13937421615515713,0.1334497211195614,0.12764256108214408,blg-1475
349,3125.658090000041,1.978804999962449,1.1652866465736893,0.2480531057020344,1.7424301117312866,2.8640547971460566,10.513535240778996,1.4952802401896383,0.21286874289918403,0.0,0.0,67.01420000009239,0.11493040090113986,0.14016813390384047,0.02865329512893983,9.86898460445623,6.505353670412612,3.285603997908091,blg-1474
4582,3177.664439999964,0.047780000139027834,1.0152552336976208,0.01579624331600829,0.15552258998775192,0.6689155133268806,2.17828142848746,0.15318570473108742,0.01555888867756784,-0.055991566174484086,72.84514583647851,3099.677110000048,0.5561249181448563,0.01215969655501786,0.009821038847664776,0.011926651694911992,0.001166237542945544,0.000907014157858897,blg-1347
351,3026.96146999998,1.9286650002468377,1.4889962966090842,0.7898945705477372,4.025822818921055,1.8588514940540213,2.274557978461572,2.7037157856281913,0.5304879313949254,-0.6375702657771851,32.67076237903399,17.917270000092685,0.04607527155402994,0.451662695190682,0.017094017094017096,170.94675555843995,118.38383672391237,57.11954669329042,blg-1121
538,3170.6137999999337,1.9939299998804927,1.0272531974510113,0.046977596348046706,0.5248050940540501,5.614819558242608,43.981908529346676,0.5108819230229344,0.045731272491828186,-0.04829641007702601,35.03208939473134,17.163900000043213,0.257837810525636,0.02267009416138321,0.01858736059479554,0.13798026037358269,0.13395891900281856,0.11516619969304848,blg-1120
4558,3177.664439999964,0.047830000054091215,1.0126356107089192,0.023681689091493423,0.3339111622406067,7.524133519763449,72.94957193431847,0.3297446341131516,0.023386190064017803,-0.11957016711839552,89.87310707295764,13.89576999982819,0.19272814797882257,0.010486466978273622,0.009433962264150943,0.004227792114626862,0.003480125323258721,0.0032347897352271995,blg-1346
223,972.6490399995819,2.123060000129044,1.0748873473633103,0.11082336362398187,0.4809365364207945,1.6962861126828273,1.8686742616539949,0.4474297079840327,0.10310230450177651,-0.10041848104596829,5.4092641944459245,68.75343999965116,0.04466167957653643,0.0696942829090027,0.05829596412556054,2.9890825546029416,1.6767825129170306,0.5946871642266034,blg-0541
4590,3178.6271700002253,0.04801000002771616,1.038895624844654,0.0596097074075188,0.962077908041719,7.039013886367437,78.95198242216551,0.9260582832129991,0.057377955405917405,-0.02092738792024429,19.42639671059711,2.9882999998517334,0.24493039875684708,0.030927529701339055,0.009150326797385621,0.03027867620180656,0.025830282201703816,0.023786815484645632,blg-0727
4565,3178.6241599996574,0.04803499998524785,1.1083220123630284,0.18919811792341062,1.6542342921202073,4.0746537611160845,19.917913266199417,1.4925574505803392,0.1707068109321022,-0.19477854193293886,21.410103179674266,30.121389999985695,0.13060159900101992,0.09200667181517183,0.028258488499452356,1.0871519516315686,0.7624658891477443,0.6627350923679257,blg-0726
227,974.6557599999942,2.077985000098124,1.067515021474228,0.08928539925934413,0.3571487464572164,1.2204775683511997,0.13708901220079595,0.3345608594981538,0.08363854056091544,-0.11724449428816985,5.727010930186784,89.649459999986,0.042965075309408206,0.06233764710704534,0.00881057268722467,2.3817034053631176,0.9770859089066726,0.22448512658374942,blg-0540
813,3171.63917999994,1.0586350001394749,1.1324309777507289,0.33540645540935216,2.9914042548234385,5.602335401383271,34.382881107256345,2.6415775329188604,0.2961826893094363,-0.5726990270935397,30.73934251541162,29.031160000246018,0.04854528895316283,0.1174594235087148,0.02706027060270603,8.538164007345962,7.545836512843512,7.412395864784431,blg-0943
2782,3178.625650000293,0.05563999991863966,1.1679122627367453,0.21878304407968552,2.9843800680899997,4.27550089990731,38.35841017927628,2.5553118481208883,0.18732832010320058,-0.23966794696781646,24.874440943704847,29.05294999992475,0.5070588260512015,0.13396148798891863,0.008986340762041696,0.12211510669088498,0.11508871184038028,0.11450464938833044,blg-0942
214,978.6788300001062,2.1390000004321337,1.1672330125268053,0.37243945912206977,2.0185961151690317,3.4277570638953625,11.46271323827812,1.7293857149442282,0.3190789259164545,-0.12133216225605392,3.4960073468564508,32.03698999993503,0.03276500485136272,0.15447735837485577,0.04672897196261682,14.765593579184099,10.543449189997522,7.53582944119386,blg-0087
216,980.6770699997433,2.7561799995601177,1.1435353793318963,0.20311131084747633,0.990252530858286,1.9095567338507693,3.098652857862885,0.865957048724863,0.17761698740792176,-0.3268871748491524,8.723073510044888,77.88420999981463,0.08806149073093907,0.12486118405664418,0.05555555555555555,10.123494256486989,5.979321123394207,3.143338612885919,blg-1029
139,978.6751799997874,4.026279999874532,1.0163301999188588,0.026481633483380642,0.16368417202866337,3.208854093161823,11.3888326910123,0.16105412436941288,0.02605613138813897,-0.015393495972327864,3.242517317806401,16.005859999917448,0.11462745003972571,0.013779921854730277,0.04316546762589928,0.12127565208273774,0.06584110187562865,0.04003321651840769,blg-0086
222,979.6451000003144,2.1206399998627603,1.204139358419258,0.29585831352897973,1.4542448240363546,2.0365551983206456,3.5724893866341345,1.2077047409764738,0.24570105528346753,-0.4268616523160187,10.806792351978318,63.84783000033349,0.057431432472786315,0.1760109629270444,0.04954954954954955,17.598730439646758,9.369913365063532,4.085642026889782,blg-1028
594,3170.6137999999337,1.9490399998612702,1.0344011148632675,0.06197901130954059,0.3945646056064679,3.2319382732645185,10.858595856357804,0.3814425527221111,0.059917772535034025,-0.08510004639000246,18.120058985831317,62.96217000018805,0.07218069595918636,0.03020672703955331,0.04377104377104377,0.872793460431702,0.7389513222610977,0.6374457483446673,blg-0449
220,982.61791000003,2.122700000181794,1.2125141296062705,1.1612353806877616,15.995769113784391,11.861629018076814,150.80660100373748,13.192233056332492,0.9577087332481251,-0.08250850865819115,4.209228181289392,0.0,0.509420926810002,0.19117343207444762,0.00909090909090909,18.818628250042803,18.37710436449852,18.091906937890787,blg-0448
1413,3176.6691200002097,0.8016249998472631,1.1945116294458105,0.6229007572247992,16.733551188694992,19.10775833939242,437.5020507887325,14.008696638953193,0.5214689724696127,-0.3286596602994276,13.262319592240392,2.990539999678731,0.24132668412709404,0.15997093411585772,0.004953998584571833,7.250091550389947,6.071599558032816,4.837691517852502,blg-0062
779,3176.6112999999896,1.095109999878332,1.0581298640148327,0.07903292136044227,0.6147279667784827,2.78680980775951,11.313973136647203,0.5809570090352308,0.0746911350877656,-0.08669777115367983,13.393046577756115,82.77801000000909,0.31742904543681544,0.04717232117837336,0.03209242618741977,0.4722256472377832,0.40277678990989446,0.3789621339038248,blg-0204
1372,3173.65755000012,0.8270999998785555,1.0900959588117733,0.340114449854547,3.9490980897022054,7.720051264295945,67.5984798605495,3.622706809939681,0.3120041350352654,-0.4618341671298474,18.36430599914073,25.18305000010878,0.01577822402863946,0.08321944225349323,0.01967930029154519,8.908654108067337,8.750990499752234,7.789253621902145,blg-0205
1531,3176.6691200002097,0.7908449999522418,1.008561601024578,0.028176343803944192,0.4036747285832991,9.862994343937366,109.04031446255397,0.4002479612259026,0.02793715673484776,-0.02534445723901224,15.064636630074048,18.94931000005454,0.04380761770892704,0.007422391866920569,0.012410189418680601,0.03822180170973965,0.03589806200285119,0.031093707478959346,blg-0063
782,3167.6716799996793,1.0963699999265373,1.0063944600206318,0.0102500397161106,0.08174998057382266,3.949778124189601,19.13218478711022,0.08123055423003937,0.010184912597840951,-0.05554560198699732,84.58845946868891,70.96176999993622,0.13889509676592293,0.00521956970440408,0.029411764705882353,0.015740562831085325,0.006741302043730565,0.005516565355680012,blg-1402
583,3166.7080299998634,1.9845999998506159,1.1198816675907366,0.23471962030458868,2.91176540467203,5.718537839921563,43.87350841137368,2.6000652237978144,0.20959323203640048,-1.182371055645204,125.80491540539605,23.01823000004515,0.17571827584656732,0.10432316382956038,0.022298456260720412,3.854306859232238,3.7518456327429375,3.666695014305447,blg-1403
800,3171.63917999994,1.0617399998009205,1.0184478099092429,0.027975099049366625,0.34271510509822756,4.461160219104448,31.472433106121038,0.3365072794095313,0.027468367551574294,-0.04424279478369075,37.729356499580064,26.01367999985814,0.2936195620081091,0.014987909324035686,0.0175,0.04142185171235994,0.03490105428166694,0.03124836885532156,blg-1156
165,3000.8768199998885,2.9852750001009554,1.4492192802383503,1.4488785860798972,12.313137929831976,6.500670148316905,44.49382865846288,8.496393894816883,0.9997649050349053,-1.785826285420462,82.446884869832,3.9637600001879036,0.17609360194092197,0.4062296888239382,0.01818181818181818,97.1230793551136,83.02891288940334,71.42163278815082,blg-1330
300,3057.8873999998905,2.056330000050366,1.020570863712943,0.02422063240238149,0.17091640054106927,1.7607302982993263,5.378722089745075,0.1674713681757913,0.023732435469439095,-0.056007784029880936,60.27823325048177,3019.8897899999283,0.3691086975146164,0.01652526645714227,0.023333333333333334,0.04172641524098871,0.02817223185015018,0.02778186450948342,blg-1331
710,3168.6656200001016,1.1450100000947714,1.017625127773357,0.021896339308902696,0.18925832419669386,2.152658625658087,8.588042670353328,0.1859803941270612,0.021517097500965424,-0.011117515206148454,44.27531222838717,67.94611999997869,0.4397426145657652,0.014265233905455926,0.023943661971830985,0.044454246058182566,0.028178254826065792,0.02741987807229858,blg-1157
244,984.6897300002165,2.002129999920726,1.1393481336808742,0.1896700973588085,0.8902977679904379,1.6563721862410052,2.18636496926855,0.7814097674431337,0.16647246797282197,-0.19112566832645972,5.130883174837889,65.85325000016019,0.117184338380925,0.12459900535674992,0.036885245901639344,7.917179965974531,4.276440504010509,1.9349631858762377,blg-0750
178,977.6997699998319,3.011300000362098,1.1647043708859457,0.19401496279175034,1.0094764550756687,1.3637973087526305,2.302288604006031,0.8667233262296129,0.16657871815006883,-0.08086234191623864,4.472063505471206,754.0016399999149,0.3219614784040415,0.1341480766758608,0.033707865168539325,4.27877209840495,3.9467082635077446,2.0841237825092875,blg-0536
567,3167.6830299999565,1.9754649996757507,1.0838364556949511,0.14179177476863244,1.206025539389901,3.8717613711624805,18.386700047535747,1.1127375554914578,0.13082395661758456,-0.09090081994178822,17.663133611052416,34.956629999913275,0.1654735011171184,0.0708451635170054,0.02821869488536155,2.5313338568041166,2.312687373352688,1.830451523527888,blg-0537
586,3164.671480000019,1.9783600000664592,1.0621817884713767,0.0850637799925506,0.49044375899320625,1.6867145553586715,2.344951695972913,0.4617324074833717,0.08008401209187438,0.0,0.0,216.77157999994233,0.14231881634687465,0.05405934071815381,0.02901023890784983,2.42918204475601,1.859598935448869,1.194999384466149,blg-0751
4578,3178.6271700002253,0.047999999951571226,1.051862001831293,0.06111222687946202,0.8770781234529389,2.133525765237778,14.73644434783943,0.8338338238168188,0.0580990911279946,-0.027733347157226307,23.880437547524572,3127.591499999631,0.6192823633706185,0.04143921211114956,0.011795543905635648,0.0182023041162894,0.016663833018319033,0.015172921333729324,blg-0934
4432,3177.6320800003596,0.04816999984905124,1.0745132828404378,0.12893135501193997,1.2292993183958971,4.402612929884515,24.536960765616424,1.144052220281322,0.11999046998396318,-0.11623920104064234,27.702314405314414,18.12832000013441,0.18155714690665337,0.06288468285120781,0.023465703971119134,0.2998006447937912,0.2646469834786968,0.2542090261564128,blg-0935
305,3056.95167999994,2.059499999973923,1.074375101707613,0.3660200226304528,3.554053635132622,7.42799307860833,57.63352627145213,3.308019328076025,0.34068177738099326,0.0,0.0,16.98408000031486,0.04485347304512363,0.07188091270399816,0.019672131147540985,4.659401605825205,4.466692717614666,4.167050841780572,blg-1238
4522,3178.6243300000206,0.048119999933987856,1.110035424028629,0.2787358693339859,15.42482329458081,39.891143305119,1993.8184930779646,13.89579361318207,0.2511053798727627,0.05968792839494874,13.60433038498241,1.9709000000730157,0.42260447551159525,0.0861508720727323,0.0011057054400707652,0.2333474049621317,0.1401973380664273,0.12900635563107693,blg-0296
224,980.6770699997433,2.1231300001963973,1.03674892322837,0.06284310456445252,0.33918054777578255,2.7650261281873973,7.565483446580599,0.3271578459401892,0.060615547844127614,-0.2004403798002481,27.816178037456712,73.95350999990478,0.06922756716558481,0.0326358821464379,0.05357142857142857,0.5291959564306368,0.27548698185145376,0.24210312589327543,blg-1239
235,2774.687170000281,2.1187199999112636,1.0469890907183836,0.22253535204285702,2.605357237542933,10.196297620559669,105.83437839443509,2.488428232686746,0.21254791658305333,-0.01924443928219932,11.805820958955225,1.9653500001877546,0.39692715915591803,0.04141386055458566,0.00851063829787234,0.7124719508957755,0.6335704791301289,0.6025508706407392,blg-0297
569,3167.6830299999565,1.9825699999928474,1.0086999917912451,0.01576290399328604,0.1933102979797593,7.055413484387769,68.34758033318154,0.1916430035059777,0.015626949504604283,0.0,0.0,16.054890000261366,0.15400758660417663,0.007596754413953322,0.01054481546572935,0.0438177506946522,0.012897334296510025,0.011331617298952332,blg-1490
712,3168.6656200001016,1.139740000013262,1.1215115323063012,0.22755880898899608,1.7367501658882243,4.090154455531809,18.892289654579557,1.5485798410212817,0.2029036709876736,-0.3183259828693912,21.97254335341848,38.93831000011414,0.09400300598011575,0.10345070030947162,0.03089887640449438,5.013696768546858,4.603178924245427,3.9729401315133095,blg-0658
872,3169.626000000164,1.0320900003425777,1.0340966135481617,0.0841033275289668,1.6050918146552462,13.5559143735878,221.8276849287171,1.5521681224989428,0.0813302409211955,0.0,0.0,7.060519999824464,0.28108099789009094,0.02879390362057153,0.005733944954128441,0.08826561934968606,0.07959341258750897,0.07917412582917992,blg-1491
4507,3178.6243300000206,0.0481599997729063,1.1274852939937112,0.17881008156607797,2.664767534900929,4.752260922886661,41.675023692380186,2.363460991874527,0.15859193989731624,-0.09369923955673687,18.639190133433218,4.053030000068247,0.3667102117800528,0.10468939218096805,0.010428222764588418,0.6901283040090297,0.17207400671439424,0.16648399854036383,blg-0659
398,3126.7135099996813,1.7811400000937283,1.0452200990257758,0.0859719898126271,0.4456370874735046,2.5818309139900113,5.86660383577766,0.42635716977247223,0.08225252180878868,-0.15199672553952492,24.235021233078538,60.97736999997869,0.02842003542929042,0.04234776544108255,0.052763819095477386,1.440990193556795,1.3156724775928892,0.9372595071734078,blg-0719
306,3123.7611099998467,1.945900000166148,1.0809728950052997,0.151354078181927,0.824434470426872,2.937852744768716,8.415388812191633,0.7626782009146011,0.14001653277441303,-0.12943596848469352,22.334775880660544,34.0623700004071,0.031683847401907245,0.07343056321346278,0.05228758169934641,3.7660842997188317,2.8866802566479506,1.8664454620180784,blg-0718
703,3168.6656200001016,1.1390150000806898,1.1705227644414091,0.4172720170191959,3.997860054655357,5.297774069525965,31.616068179925584,3.4154483295407863,0.356483467157078,-1.7640767301793152,125.52353844728478,30.936939999926835,0.048470583903568266,0.15185041629165943,0.02844950213371266,15.758374264040635,14.740705147779963,11.74669620329326,blg-1379
809,3171.63917999994,1.0620949999429286,1.1708382404161923,0.24872935831531356,2.7500912525460843,4.294985042276117,30.41420707501039,2.3488225222984664,0.21243699394591775,-0.5500221523570392,78.269715378859,7.902850000187755,0.40587378914940825,0.14286960605499646,0.012360939431396786,1.8002287037078692,1.781702474886272,1.742355084496168,blg-1378
4518,3178.6243300000206,0.04814999969676137,1.0089880746144955,0.01748077007434203,0.3223380412454804,7.5898172811473295,82.55248410352057,0.31946664798190977,0.017325051049558147,-0.01545391292550602,22.075495332689865,3.860780000220984,0.14160962502753663,0.007678388106669672,0.012616201859229747,0.004948032172510716,0.004165091109487693,0.003708236210777659,blg-0875
750,3169.626000000164,1.0638700001873076,1.3463247928865003,0.5403651716978365,10.489258914002619,10.018887606669276,159.4939967669254,7.791031474361763,0.401363155859048,-0.2597488700160653,18.474819496049644,2.1062400001101196,0.43222758767750663,0.2712247615855017,0.008,5.7926609971749015,5.1253502097549,4.770491401822419,blg-0683
220,974.6337600001134,2.130109999794513,1.4186948036315707,0.6686506185130626,3.210304914240093,2.1504090979029846,4.149468928216592,2.2628580039863286,0.4713139232541866,-0.6595365733374168,5.976542706270136,36.9488499998115,0.024761150514333592,0.38986544038941656,0.045454545454545456,96.69880824293288,56.53854441501121,23.78255221866457,blg-0682
4521,3178.6243300000206,0.04805500013753772,1.0352120889239922,0.03724503545228668,0.4041374508411456,0.4782559039741856,3.6020278945865556,0.39039096554339864,0.035978168619744184,-0.005015237127332206,21.937577374104304,3136.694829999935,0.8541147402943968,0.027831556940535795,0.0077416500774165,0.004151072644982941,0.002530693053353794,0.002259980731609733,blg-0874
712,3168.6656200001016,1.143709999974817,1.0231973682820852,0.030544863227327548,0.2241858604459256,2.367841512005704,7.974560582191833,0.21910323971150739,0.02985236658699358,-0.05178680836762073,27.832629530521967,125.86616999981925,0.32454605215197496,0.018784714112740172,0.0351123595505618,0.08469327401861439,0.07636415502618109,0.07219780668462818,blg-1085
706,3168.6656200001016,1.1450100000947714,1.07246259278969,0.10290499423994073,0.9149289720253311,3.0307713929538327,14.573067956445893,0.8531103738679723,0.09595205834894778,-0.14922648918870318,32.376624856019134,51.98714999994263,0.33964451345852986,0.06066600824737266,0.021246458923512748,0.754429701623998,0.5824906714824333,0.5496799778536545,blg-1084
235,985.6758499997668,2.0505100002046674,1.0315051592852786,0.07941780905087376,0.4157446576758118,3.4934460369545546,11.459292753725535,0.4030466061201398,0.07699215807701837,-0.03918959777088604,4.734833634567685,21.136080000083894,0.018145939678359136,0.030246369689376315,0.05106382978723404,0.6829473014077557,0.572496023820582,0.44447785291341174,blg-0477
563,3170.6137999999337,1.949155000038445,1.2088101942695988,0.30915099008835784,2.9416538387122726,3.848354998351396,21.622040554470836,2.433511752566411,0.25574816376997467,-0.1351754707544479,20.16298739907818,21.839819999877363,0.2502117317057893,0.17032727490413538,0.023090586145648313,8.82043052701465,7.791611823599907,7.292187568214719,blg-0611
216,982.61791000003,2.122700000181794,1.1143099901197286,0.17406373471382944,1.3973467144086609,3.1669608883199527,13.462093365364971,1.254001771731853,0.1562076394316904,-0.026988959979552307,4.823125576808182,15.809390000067651,0.24387713574036513,0.09965090150263223,0.032407407407407406,1.9485812783195577,1.6429106034664205,1.40719545360302,blg-0610
500,3167.652809999883,2.017310000024736,1.039363806490373,0.11342311917813125,1.311994731709679,7.752972138232337,67.94514701560979,1.2623055670149272,0.10912744640382796,-0.07441745631136931,16.062203286681132,10.137980000115931,0.0732557317174184,0.0340459908776171,0.018,0.7551861905461287,0.6622407836353958,0.625968674494119,blg-0476
769,3171.63917999994,1.0859200002159923,1.1551147893272342,0.633642110134308,12.317369241350987,13.906770649576977,217.62168461848788,10.66332908947657,0.5485533650017782,-0.8391213874783516,43.736857258487696,3.0070899999700487,0.1717771782836181,0.13280516585268767,0.006501950585175552,6.42006433997973,5.891567544643957,5.597473199407822,blg-1271
581,3166.7080299998634,1.9819800001569092,1.1488566901572912,0.18713770669130927,1.3900470858424376,2.0527714237114005,7.034208033749152,1.2099394864930717,0.16289038194727687,-0.23851036962139194,24.814533232777944,92.70470999972895,0.39405248750621424,0.12204830217622326,0.025817555938037865,5.2124337041921756,4.4302659105254945,3.1629449962597667,blg-1017
1501,3174.6495300000533,0.7790250000543892,1.0090950632583744,0.02925654439101409,0.9653969704612337,24.008861289858682,722.5451113246023,0.9566957525062142,0.0289928522755983,-0.0059314641569327975,26.868804725927685,0.0,0.38459971419179484,0.007698685631476805,0.003997335109926716,0.012255685072861776,0.012059911943192335,0.011663132775283882,blg-1016
770,3171.63917999994,1.0880400002934039,1.2140154827259064,0.8747394384423068,17.076151199964023,14.006182751290096,221.2766521479715,14.065842900918714,0.7205339995111583,-1.183030725433796,43.736857258487696,3.0070899999700487,0.17517859478867023,0.18647384039091258,0.006493506493506494,12.670532661577926,11.06750774532768,10.924138049766986,blg-1270
4473,3178.627350000199,0.048239999916404486,1.0118728471294278,0.016392722525860434,0.49459083442708596,7.676507742450965,159.3853504390683,0.4887875299177269,0.016200377755328656,-0.0032757722448100157,14.304389142462618,1.9915100000798702,0.5262995057154356,0.009872942133641068,0.00670690811535882,0.0010481389052049816,0.0010432340302849372,0.0007668669336438629,blg-0345
228,974.6557599999942,2.0797399999573827,1.2727734074689079,1.090210346288511,10.37226791892032,7.353649152311065,58.77988505623745,8.14934361180096,0.8565627874728484,-0.4044968416669277,3.1359527785189645,5.993020000401884,0.17040551725873496,0.2578980574404843,0.017543859649122806,44.91250949807371,38.22059202676447,34.25704259762371,blg-0123
228,974.6557599999942,2.0797399999573827,1.0529752666404535,0.12848469978548271,1.623087657947421,8.076517778167094,83.441692880304,1.541429978418797,0.1220206234997432,-0.042199454696622674,2.9519904021129824,0.0,0.48537642328665537,0.04686420302413961,0.013157894736842105,0.533587460903048,0.46540820695400836,0.38874962231244453,blg-0122
4468,3178.6243300000206,0.04839000012725592,1.0274659602651501,0.03400243416862783,0.42661577232388914,2.6328180546618265,14.797256584406824,0.4152115833226046,0.03309348937352455,-0.00641219884246258,15.677511722563915,37.15575999999419,0.43959420207394456,0.02190238166547324,0.01768128916741271,0.011732527769464894,0.00981711528435055,0.00912066752296606,blg-0344
844,3168.6348600001074,1.0626500002108514,1.0158895302884727,0.054963599686911176,0.41042287847434544,5.2713271498362575,28.481796649065746,0.4040034493886033,0.05410391337556608,-0.06819179078970583,15.269980633689764,55.88046000013128,0.009258491354715712,0.014770290114387467,0.030805687203791468,0.2514380639218102,0.2435947188442518,0.24125762054636724,blg-0182
421,3152.6965700001456,1.9940649999771267,1.441541020201513,2.078283067077159,39.47774091527603,16.275652979574236,291.1357495919353,27.38579068384716,1.441709270520476,-0.21832360079619662,14.109599808009783,0.0,0.5486929744158973,0.38432317205764216,0.007125890736342043,62.543611612508066,61.44560680354809,57.67589188111615,blg-0183
4583,3177.664439999964,0.04777999990619719,1.0375466733240781,0.040289603768772164,0.5755164878069315,1.7557324139576935,13.01515680191222,0.5546897282376727,0.038831605764179086,-0.03378027630552727,11.677797415744624,48.9043000000529,0.39958582282490646,0.029212036700555253,0.00981889591970325,0.023396811249864653,0.016342659763353702,0.016284182434021206,blg-0018
4577,3177.664439999964,0.047799999825656414,1.05613893738422,0.08468856782910901,0.7462525909033688,3.349917109643486,15.440422054641122,0.706585618068192,0.0801869564974007,-0.10203450443300377,14.76072103764573,77.96938000014052,0.21968749489045103,0.04753956294515435,0.02512562814070352,0.20663121187099592,0.19340302048535066,0.13059959702897728,blg-0019
3344,3153.7360100001097,0.05451999977231026,1.3016077137294124,0.4014303607848615,7.623165085093108,6.705331120474238,85.08040964767679,5.85673006245764,0.3084111698681912,-0.027672254183527256,27.496975080462132,1.1917800004594028,0.3922309856974516,0.2323950724377504,0.005980861244019139,0.6106334209713848,0.42882910819656733,0.3975244519094075,blg-0846
317,3031.976389999967,1.9916750001721084,1.0665958046267954,0.09866761271429976,0.7882421170430329,2.962428004826518,12.375923929357068,0.7390260736386266,0.09250703158705326,-0.2806417410255426,57.34688047511485,55.902639999985695,0.18285184374822921,0.05661442896927566,0.031545741324921134,0.8535389261360761,0.8376739338437815,0.5237592211684765,blg-1478
4553,3177.664439999964,0.04783499985933304,1.2153523358925669,0.387698992266581,3.2307579892702596,3.9922633447139018,18.710169914832132,2.658289178598293,0.3190013114936237,-0.5936110561169181,24.492881173508678,29.96898000035435,0.11379437297276132,0.18544810397732173,0.03250603997364375,4.03684292193447,3.4354788400101812,3.3833497997850444,blg-0847
317,3160.678180000279,1.9603349999524653,1.028576495820816,0.06493666268147645,0.7100722017061742,6.444947687026949,49.53450958996895,0.6903445661920194,0.06313255486003566,0.0,0.0,17.928379999939352,0.16854297436006352,0.025323530129520298,0.01892744479495268,0.15710770439451593,0.15119895592021476,0.12322853098239578,blg-1479
549,3167.6830299999565,1.9878899999894202,1.3184229470863034,0.45061699916728043,3.5537037168447863,3.1786708538648805,14.38485072831244,2.695420083323202,0.34178485496273353,-0.6472221604121753,26.33351318533161,21.72783000022173,0.2215486501905264,0.2668660871805265,0.0273224043715847,41.743934076348,16.47932003113297,15.007024895263479,blg-1024
561,3167.652809999883,1.992254999699071,1.0531672017783686,0.06178764290093052,0.3669518240245785,1.3456488974128218,2.2088234308506784,0.3484269353628537,0.058668407267063,-0.15903842983233485,32.68309400444963,3121.7428199998103,0.3207546714718245,0.04273919081832878,0.0285204991087344,1.01082287535795,0.8085628408888668,0.5425993919986787,blg-1242
232,985.6758499997668,2.055720000062138,1.2250229130104153,0.30737071686934686,1.8310737138430384,2.156066485499974,5.173438676880798,1.494726081813467,0.2509101757165515,-0.6433451604946856,13.078384542172474,93.83958999998868,0.20883694450619827,0.1892113003516629,0.034482758620689655,10.897717173173003,10.789319084705067,5.383737989682846,blg-1243
291,3033.826479999814,2.059499999973923,1.496351911471592,1.1340494302273147,7.296427621125975,3.9798013065524804,16.79513612021626,4.876144118524124,0.7578761479532371,-1.4488240858117978,32.41036819896995,15.923769999761134,0.027949659937655583,0.46373721296388515,0.03436426116838488,166.1980248067061,139.4094473979485,95.15479550271826,blg-1025
602,3170.6390399998054,1.9503900003619492,1.0564893676317442,0.08822220963005693,0.5641975851053797,2.656489974144283,7.626364041561509,0.5340305326780479,0.08350506072083591,-0.1478630182103522,20.329858095549632,95.75215000007302,0.1376349192433528,0.049002112617144114,0.04152823920265781,1.7580408893162642,1.5305058265560179,1.411887207144502,blg-0622
215,3033.825829999987,3.032445000251755,1.1300974378972786,0.26480498597469887,1.4626788798721395,3.0979685357432385,9.653616485948456,1.2942944722100562,0.234320488438771,-0.35459507414319913,18.62146145731584,56.10443999990821,0.03366904813686197,0.12495489763409486,0.046511627906976744,12.603252088341634,9.685181871799495,8.086333905537895,blg-0444
401,3152.6866299998946,2.020334999775514,1.4455898213913265,0.7716201932021828,5.0409065722803845,3.4203558648511567,12.704025086444346,3.4870932700382236,0.5337753327024493,-0.6416679645338306,18.717085360130717,36.89862000010908,0.10892900328485472,0.38588541928535053,0.0399002493765586,86.49477162989709,62.4524927120259,60.33550770982744,blg-0445
593,3170.6390399998054,1.945514999795705,1.1825531601971042,0.2426802399277966,2.0743883057721457,2.8063047258579257,12.63199843580349,1.7541607075700396,0.20521719111145545,-0.14734632757827582,17.694991947895243,28.820300000254065,0.3774127795534871,0.1510420751090596,0.01854974704890388,5.585043616332556,5.318465697244903,5.035449112350547,blg-0623
222,971.6585699999705,2.0773000000044703,1.0932200679425501,0.19369133498502267,2.383166824987409,7.635622462160409,76.72734203591361,2.1799515697448135,0.1771750619047827,-0.07591284540564436,2.987900963236346,0.0,0.4716601798982009,0.07450573174563102,0.018018018018018018,1.2787026492570983,1.135586130425481,0.9211292666525781,blg-0110
671,3171.63917999994,1.0412450002040714,1.033152633434602,0.037962432261494886,0.3479586800841933,2.1246270007148893,9.833902895199966,0.33679309857587264,0.03674426281802171,-0.02667492847423092,14.492289705624113,706.0382099999115,0.5271179343291919,0.025888514311710995,0.01639344262295082,0.05753209874559237,0.051455866135421274,0.04313622854102326,blg-0376
469,3146.7273999997415,1.919705000007525,1.1191194977685432,0.13619765418198837,1.1409656457787027,1.1661388851227688,5.59420109062027,1.0195208267379052,0.12170072386063423,-0.11612348222866498,15.668695828524392,2513.107680000365,0.6235933710916359,0.09628194001240198,0.014925373134328358,1.3424839409603129,0.8780356850408332,0.8766068279800828,blg-0377
222,971.6585699999705,2.067640000022948,1.068139578782015,0.1285267215798241,0.8299031657538679,3.1458495556650963,10.45842857115387,0.776961339575659,0.12032764530933768,-0.043294406112406314,3.4838468032824563,34.967660000082105,0.10883523079593449,0.06266251135487845,0.04054054054054054,1.5269170521612219,1.0403924449697464,0.9402453361362141,blg-0111
1695,3175.6225900002755,0.1547850000206381,1.1393743345510638,0.2102229335414592,2.2276511798652168,4.065103203008824,25.00741582861915,1.9551530105261021,0.18450734347918923,-0.5884502763144881,104.83972737447424,17.9402499999851,0.3110016261486254,0.116869427465829,0.01710914454277286,0.7951351259377316,0.4552415552694023,0.4184588564374702,blg-1431
787,3167.659250000026,1.0812199998181313,1.0178412162905444,0.024562188108579724,0.2638526013297773,3.7629403419126644,24.227334844576816,0.25922766195212077,0.02413164988226603,-0.0829578618555944,62.48905155763738,29.066390000283718,0.27910825472328715,0.014536014298882783,0.020330368487928845,0.08949665231930544,0.02268424581163229,0.0197117517786463,blg-1430
214,978.6400200002827,2.805540000088513,1.0480709210775176,0.056398855014107095,0.3418383552580654,1.6943540773253318,4.140277997072854,0.3261595614589012,0.053812059224010396,-0.06190035073576228,14.298796919964301,93.91898000007495,0.30454062112894875,0.038456613136739384,0.028037383177570093,0.411982699683043,0.26409235779652146,0.1355578621739409,blg-1299
325,3031.97424999997,1.993724999949336,1.0270267839179514,0.05817567817247743,0.5001165689781326,4.681269308988678,25.67154010022539,0.48695571716319475,0.056644752130123155,-0.06246931810926015,11.29189746218657,28.943140000104904,0.10481055876306558,0.02327466532787271,0.03076923076923077,0.5125673480201417,0.2643127448581105,0.16905874108026106,blg-0237
151,955.6544699999504,2.9514899998903275,1.6276048573187463,1.2504723926834578,6.271884359230383,2.6409761291105984,6.283931310082107,3.8534440914780776,0.7682899073307873,-0.3371483254054479,4.009058719435644,32.00444000028074,0.020614912899079484,0.5955598926293463,0.052980132450331126,248.42389356271107,171.64452219506998,111.9839681800907,blg-0051
836,3168.6348600001074,1.0618199999444187,1.1822794314954113,0.6353546542956267,15.580633236959999,18.727613063995342,410.89302929065326,13.178469226575375,0.5373980397493807,-0.827980443690306,43.029652080812696,1.1439600000157952,0.41116433090544424,0.14992518030043192,0.005980861244019139,5.535150276575224,5.367459331876835,4.846346349761907,blg-1298
227,975.684299999848,2.1852100000251085,1.0463244468110804,0.1179318969521229,0.7088387659001876,3.7200418663288364,13.709800563991067,0.6774559853647504,0.1127106378757007,-0.047357103466498573,3.6963901231098037,26.860339999664575,0.01996487740818834,0.043359311824352965,0.039647577092511016,1.4155382203099087,1.0887116387143767,0.9546437454701655,blg-0050
317,3031.976389999967,1.9970150000881404,1.0213815802146498,0.05976752911112134,0.4896617378840562,5.226230191003445,29.773767326388835,0.4794111648136822,0.05851635635860719,-0.052188607082386484,11.291981883799759,28.94311000034213,0.10910693462344617,0.019724519155464103,0.031545741324921134,0.3308704393325067,0.2275689500653377,0.1947931171455812,blg-0236
212,978.6399199999869,2.678929999936372,1.0899162718900017,0.10250145820762471,0.569056111296561,1.2451794228547104,2.2286721134582352,0.5221099278467263,0.09404525825587175,-0.040890271884967744,4.157744710061247,773.6838400000706,0.3785567943013076,0.07237995289085347,0.02358490566037736,1.142724326783133,1.1055629528772826,0.6751116908315846,blg-0505
4182,3178.6271700002253,0.04964000033214688,1.014159680638851,0.030740756520725613,0.2374883509143927,4.128374150349029,18.013472490072765,0.2341725401891997,0.030311554289207693,-0.0984654729876362,28.734882937637227,43.00290000019595,0.04874048805029264,0.012828111169878515,0.03538976566236251,0.02746555064166623,0.022892271723594225,0.022572197111345012,blg-0995
4466,3177.6644200002775,0.04816999984905124,1.2009393313309533,0.2427697933235824,2.597520263794386,2.233452370102917,12.612802993062315,2.1629071297769777,0.20214992128955514,-0.19030429465809218,21.228012420341944,48.014299999922514,0.4958502127809272,0.16235549698188362,0.014106583072100314,0.8537724172364044,0.8074956167908462,0.550291066411272,blg-0763
4554,3177.6644200002775,0.04796000011265278,1.1605339601688307,0.5518260680121411,15.943039230217007,13.00192472596664,232.61817542303245,13.737675621763719,0.4754932489669934,-0.4579766438334967,21.253069327553835,0.126589999999851,0.09189954418444958,0.13682419339209775,0.011198945981554678,2.2702192232908627,2.1188229638893126,2.054263797320895,blg-0762
828,3166.6487000002526,1.0688300002366304,1.0358403548213555,0.05115457569923477,0.5349048881673251,3.5922539346920512,20.960872644442496,0.5163970302118672,0.04938461314746801,-0.040274672921663424,16.04280549046135,30.775499999988824,0.34758524805170116,0.029778217759648656,0.01932367149758454,0.1248293373868611,0.095363472140949,0.09281922283576935,blg-0504
4574,3178.6271700002253,0.04805999994277954,1.1010177910106471,0.12343294314335189,2.29328640509657,3.8131553510950273,42.29414923841671,2.082878590147693,0.11210803588284425,-0.09305533402040567,26.40511467294266,1.0238999999128282,0.5787409946169353,0.08017154496458911,0.008089199825098382,0.09280604791345586,0.06843873861320054,0.05719784570959226,blg-0994
542,3167.6682600001805,1.9969299999065697,1.0302146084918742,0.20300990810737649,3.0213097932879895,12.288773117972347,159.6022043450933,2.9326993997725146,0.19705593811565367,-0.11920543728813615,62.51349541173852,4.019450000021607,0.21110545370416758,0.028918129991140327,0.007380073800738007,1.103430621256548,1.0863305643895476,1.0471612868219813,blg-1303
620,3170.6682200003415,1.9653499997220933,1.0692503247811131,0.12971001783828234,1.3578232792041294,6.016433078554192,44.789608961582445,1.2698834267674934,0.12130930767006527,-0.13884264728851492,34.605298609937186,16.8271099999547,0.18869814812658273,0.05747894101203262,0.016129032258064516,1.3169587773939349,1.0437336119171432,0.9462894013137176,blg-1165
627,3170.668229999952,1.9508650000207126,1.0517361873930453,0.09850997319030502,1.2030048636399115,6.345654782803848,53.997610992502224,1.143827574463842,0.09366414642234737,-0.15605519825204706,43.13812892894647,22.94112000009045,0.1767633715924819,0.043196699236527886,0.01594896331738437,0.8775048504975946,0.7640320406742563,0.6214453419915559,blg-1164
295,2307.984490000177,2.010825000004843,1.041063856460643,0.10550294748147962,0.9997000790117528,6.813134669178119,50.89973518765257,0.9602677714773479,0.10134147469757383,-0.22640401184438042,39.62300209520077,14.122750000096858,0.1593128252122806,0.034535790129386464,0.020338983050847456,0.425781929749977,0.3897782155345174,0.37473574425598233,blg-1302
561,3168.640930000227,1.9880600001197308,1.0233880151741706,0.031308105790219615,0.3190975962851509,3.491054237282063,21.631713561533534,0.3118050909681532,0.030592605170351964,0.0037012539611687156,22.70404934660897,20.895290000364184,0.21448210353492012,0.019027762595314242,0.0196078431372549,0.08197673283410103,0.08081790795705544,0.06888068959814654,blg-0907
1508,3176.6462799999863,0.7906499998643994,1.058260298527463,0.294687405399315,11.025130446894618,33.139617400893535,1208.2967469934786,10.41816494302404,0.2784640064686576,-0.144703338011114,17.184510268853085,0.0,0.7920308732964015,0.05134912545511002,0.003978779840848806,1.0918677702544448,1.0271982239032411,0.9942881492931633,blg-0597
217,978.6546200001612,2.0835500000976026,1.1048286060633516,0.15552762086954786,1.519206929603401,3.2518448926006798,18.481161633744367,1.3750611701356301,0.14077081151619067,-0.006892204571468108,5.907428472755178,7.100719999987632,0.37847276845220756,0.0908725351411137,0.018433179723502304,1.3109950066228186,1.1915466860769661,0.8766225387463132,blg-0906
2780,3177.6644200002775,0.055819999892264605,1.083269573912008,0.1002874170628868,1.701615355585112,2.9311974209325697,26.199699097634067,1.5708143022349745,0.09257844820189558,-0.11491796699335133,17.62657044827212,14.08795000007376,0.6338668542330426,0.06720388683882249,0.011510791366906475,0.039716024924444544,0.024844696534360784,0.022202811323794824,blg-0596
624,3170.668229999952,1.954169999808073,1.068762409748615,0.1447422337534618,1.5236385556125693,5.620915463366892,38.6100391725581,1.425610151946535,0.13542975602333285,-0.390620742325686,95.04715160795928,13.851760000456125,0.10439966521998291,0.06008769770628208,0.028846153846153848,2.050433132713511,2.0184738077209063,1.600763787302426,blg-1391
579,3168.617989999708,1.9911799998953938,1.1233094684005671,0.3063012689385289,1.9287918891343336,3.9364819994955744,15.62462459564155,1.7170618838547138,0.2726775433023661,-0.37807962279204843,16.729700262178543,47.971049999818206,0.017092686225319585,0.11303815188345573,0.04145077720207254,19.122904082079426,17.247903015786303,13.879746130305607,blg-0159
624,3170.668229999952,1.9540699999779463,1.1749149343587248,0.23414759778982905,2.557991025881988,3.866954471371366,26.286145778651548,2.1771712396408014,0.19928897739710694,-0.4472192635365069,78.18176349397463,4.024439999833703,0.4292913238745722,0.139454786646954,0.016025641025641024,2.4982949859810804,1.9820320027438016,1.6317097065972765,blg-1390
793,3173.637629999779,1.0781049998477101,1.047501052313769,0.33391645275992843,8.583901271438538,21.560904296609127,523.492851271926,8.194646841195576,0.3187743332902768,-0.07582350429314455,12.639136559883267,0.0,0.4581245098847031,0.042721954521274634,0.007566204287515763,1.2713794060965216,1.1926857577499341,1.1242228637591432,blg-0158
4543,3178.627350000199,0.047980000032112,1.0196738157279652,0.022697315657653767,0.2550857692984375,1.1035937421081896,3.561137408947423,0.25016408469279555,0.022259388330822073,-0.03063700406182801,23.91210458574291,345.2151999999769,0.32757020529269487,0.016244545585199586,0.014747963900506273,0.029284087365333337,0.012284759877791611,0.006331181294965023,blg-0878
629,3170.668229999952,1.9528149999678135,1.0298533984590932,0.04574754684311908,0.6412966688717496,4.740720592945964,42.54739830359017,0.6227067499162651,0.04442141616210053,0.0,0.0,12.989799999631941,0.2752826600453571,0.025823310467185116,0.02384737678855326,0.2343403516839883,0.21899063993605414,0.14597115018137982,blg-1446
4532,3178.627350000199,0.04797999979928136,1.4804008149887762,0.38863994960627357,2.5878503232345076,-0.07163590466778626,-0.34914549572379316,1.7480740888226185,0.26252346192067283,-0.22015808921932734,24.297618917792647,3175.638569999952,0.6620163242653324,0.31979596214373013,0.001323918799646955,1.036315974367509,0.8686836920111374,0.488036211819417,blg-0879
625,3170.6682200003415,1.959824999794364,1.027673751971335,0.034377137370828106,0.45522849806511956,3.869985240433201,32.1769281745966,0.4429698557175164,0.03345141098560712,0.0,0.0,12.989820000249892,0.3926385380132927,0.021210509968538706,0.0176,0.08218987122247445,0.07901441603532058,0.06657981002750221,blg-1447
4583,3177.664439999964,0.0477850001771003,1.0890301687671013,0.0997794395140125,1.6518988319319972,1.9902862468901101,20.273729000374455,1.5168531268822352,0.09162229060261076,-0.04793065924773621,13.468093619032787,17.949049999937415,0.7487068823528122,0.0715823587309194,0.007200523674449051,0.08712287277449131,0.0359991748146254,0.017696148182817357,blg-0026
324,3160.660939999856,1.9667500001378357,1.0238639395919389,0.02895547142098814,0.18037346762699147,1.8209315189968898,4.167321029497531,0.17616937064624588,0.028280584966907323,-0.030585503095257538,11.710117707221919,217.06647999957204,0.10371959468791825,0.01876997806870984,0.027777777777777776,0.23702653722641642,0.10270914470838138,0.04077441459553001,blg-0240
4348,3178.6243300000206,0.04836999997496605,1.221506808717488,0.2777675131582179,6.901450017062848,7.593961777551198,139.03064264570492,5.649948007911224,0.22739743151811287,-0.1434053559715993,33.170048382031695,0.19799999985843897,0.4973549375611525,0.168950254626864,0.0043698252069917206,0.2389695878713316,0.22042235223365045,0.20777813861990918,blg-1088
355,3123.7611099998467,1.9389450000599027,1.2307501972576178,0.6401722712192276,3.8136289488634256,3.9733520874369943,15.960326313356546,3.0986214151131692,0.5201480100870121,-0.49678290633634914,17.308144774972394,21.032640000339597,0.009657349348022358,0.22440321872284757,0.036619718309859155,58.430857439425,50.392317811218156,39.68929110640383,blg-0241
4578,3177.664439999964,0.04780999990180135,1.015894609360239,0.018925363635162843,0.46714632946572043,5.207526660301199,91.48549013173808,0.45983738919683076,0.018629258659801858,0.001092722689554071,11.677797415744624,20.969899999909103,0.5515003724514056,0.012444180196240036,0.005242463958060288,0.0026615935119161465,0.0019489698973106893,0.0019082598917862148,blg-0027
3576,3171.6326600001194,0.050479999743402004,1.3115333682701766,0.4935430448556305,23.281049706750256,27.2498014766968,1234.5411244585885,17.751015789972787,0.3763099384527905,-0.13096258572220987,40.16859479159416,0.0,0.8123835427870043,0.24342933592239982,0.0011185682326621924,1.795290520142329,1.2255063449298786,0.7969003832151824,blg-1089
212,980.6246200003661,2.8902600002475083,1.0416910252950742,0.06362102634795863,0.39415594633343587,2.5085312059039344,7.643349711442138,0.37838085668250515,0.06107475651831548,-0.021115238593884422,4.778641965731077,45.15317999990657,0.15285466797881012,0.03626495481079878,0.03773584905660377,0.5064622081049139,0.40648652385930706,0.40637793544616835,blg-0714
2798,3178.625650000293,0.055669999681413174,1.0475844499916769,0.08103385430770087,1.935177874308835,11.811235372588317,218.27810530906157,1.8472762323375915,0.0773530511404729,0.007687724403615093,17.95390420869233,8.083910000044852,0.2963165796553993,0.03790364687432868,0.003931379556826304,0.013341157493030407,0.010575601509889614,0.010383004267665405,blg-0572
2778,3178.625650000293,0.05563999991863966,1.0412439588310218,0.045387295406215035,0.5052746941955937,1.5228324487309797,7.476322269168085,0.4852606202971363,0.043589491766439906,-0.04977641468206495,18.547941359431167,1046.3110500001349,0.6862904235961367,0.03232062032696656,0.011519078473722102,0.00537100966266094,0.005204362180611644,0.004958580713036501,blg-0573
303,3144.6417600000277,1.9693599997553974,1.0308909446631676,0.047377495253826445,0.2621936805383247,1.9835587267617234,4.1940313451699165,0.2543369687669766,0.04595781448999767,0.0,0.0,85.84975000005215,0.01780124398869395,0.029359332343627666,0.026402640264026403,0.642121249813295,0.20492837892383808,0.058480961372097594,blg-0715
880,3169.626000000164,1.0336599997244775,1.144005441735701,0.22191568549056426,2.4875393203019542,4.869116290576829,35.24705768655032,2.1744121206134333,0.19398131814308286,-0.41311233984630724,35.93553626749019,18.156839999835938,0.2855126698590777,0.11665197040676596,0.017045454545454544,2.750359612341746,2.510343897478918,2.144045610179111,blg-1112
1491,3177.6105399997905,0.7951650000177324,1.0836552100280097,0.1173547974030337,1.0810851378589619,3.1485261557676543,15.440597715307472,0.9976283211472176,0.10829532791804425,-0.5113773411814777,71.41083668879887,67.0241499999538,0.3593008426548199,0.06949403547774204,0.023474178403755867,0.809894897626418,0.7829975647671789,0.7743190957834328,blg-1374
1443,3175.6163400001824,0.7990299998782575,1.2466647812372482,0.3764922390727421,4.422412035442284,5.053795201827269,37.67274030458835,3.5473946697839094,0.3019995765654805,-1.5690591790517934,85.07298600226264,9.078260000329465,0.30023385070333897,0.19865890071338102,0.01593901593901594,5.957626795410824,5.647598179857262,5.254624626231102,blg-1375
244,2275.028520000167,2.0537200001999736,1.6382897386064867,1.3522283059913844,9.862958272972017,4.249340428677183,20.50076480074546,6.020277109932082,0.8253902016670596,-1.7235612235096043,26.45719199518115,11.156649999786168,0.06300968959933458,0.5716051695321862,0.03278688524590164,185.71508008076796,148.8123773340441,110.04863505169921,blg-1113
221,972.6472099996172,2.078840000089258,1.1937454393933027,0.4859101678635844,2.615142445699099,3.471283288298905,11.834156977766225,2.190703593490717,0.40704671846961893,-0.5317631705287664,10.049980157377327,17.850360000040382,0.018621117292582506,0.18828177900593104,0.04524886877828054,27.879091829706095,21.210554390714595,15.560028105288197,blg-0786
844,3168.6348600001074,1.0626500002108514,1.0215992685651856,0.07384773343671908,0.7481030379602912,6.056732722771524,40.322096189739845,0.7322861846682057,0.07228639936045829,0.0,0.0,41.91948999976739,0.007472966442759824,0.019935458532745025,0.024881516587677725,0.4959009000678846,0.45144019045625594,0.3834793907065264,blg-0970
846,3171.6341200000606,1.046149999834597,1.065728366133407,0.21184726718254512,2.843709858072385,9.644404429862309,102.71114104503623,2.66832517718043,0.19878167075850317,-0.19997885180851127,25.26663661841138,7.836579999886453,0.06971097383371426,0.05659606150798868,0.01182033096926714,1.2141974854327282,1.1834703498839867,1.1410606579985123,blg-0971
220,978.6819299999624,2.0917000002227724,1.117599654401257,0.23491725027305202,1.204962548576193,2.8251908214325123,7.43235091535275,1.07817010594911,0.21019803222552563,-0.3460354667562624,8.80927862345285,27.066199999768287,0.013936112682067254,0.10807908884519227,0.05,8.442172196233114,5.843041290135035,3.835155875441006,blg-0787
223,980.6770699997433,2.1220150000881404,1.240132174864886,0.27080475028737494,1.3471323504205168,1.2729221496375707,1.226060803491527,1.0862812584509196,0.2183676495073624,-0.22992232083310626,3.6762391380026567,86.84549999982119,0.24628357886146554,0.19295960067154933,0.017937219730941704,12.785170705278702,6.459495181523653,4.332264774428321,blg-0348
217,978.6788300001062,2.820795000065118,1.0192052042400588,0.0310081476576229,0.1792491225510665,3.0283179514352363,9.972120242870782,0.17587147322898902,0.030423851079630946,-0.06143688594604013,13.647260532759576,31.948349999729544,0.11879331952268095,0.016501476136087538,0.041474654377880185,0.14548148480802192,0.10702240460522625,0.06052805187561743,blg-1180
222,980.6770699997433,2.122990000061691,1.5775244765253926,1.1504143095667159,5.733395284838741,2.900830488905628,8.19206350808419,3.634425540656388,0.7292529018681564,-0.6229542576844429,5.825055952523668,20.013600000180304,0.010616081915109071,0.5553848258947792,0.04954954954954955,234.13596980876315,143.77577715647251,81.6408845797745,blg-0349
217,978.6868799999356,2.143069999990985,1.1301674188806248,0.1633716971187191,1.08453097879234,1.8784918923472618,4.634898735928597,0.9596197440113052,0.14455530476624223,-0.15966590710950568,9.439894649229947,950.715089999605,0.32265845529284415,0.10731465437376553,0.041474654377880185,2.2049923126646935,1.9225315962215856,1.0672189281088502,blg-1181
217,973.6272800001316,2.776679999893531,1.277058998087956,1.0186608879131271,11.234026495475055,7.673622984593035,67.63006114330845,8.796795155374154,0.7976615657238041,-0.08768461178354792,4.105578206839387,2.980680000036955,0.17432537036693976,0.252947521785468,0.018433179723502304,46.13645908031356,45.942173728541114,39.855963188026195,blg-0393
222,972.6794000002556,2.115840000100434,1.47112050062179,2.3355686759995526,26.763323015974596,8.531468070714551,82.53863248754804,18.1924749350838,1.587612067900808,-0.6040874237709208,5.011940323279654,1.1211900003254414,0.24014178401974118,0.46812075808286374,0.02252252252252252,196.55066928066546,181.7374719362652,161.4205626108597,blg-0392
605,3170.6390399998054,1.9468499997165054,1.0243705863720944,0.030329793361937227,0.2938404052803395,2.7173628419701616,13.861278274365297,0.2868497068551198,0.029608223302536277,-0.025028187071561847,12.568450031338294,49.922920000273734,0.4388891406334027,0.01895241727276172,0.01818181818181818,0.08574657591056553,0.06687848685563993,0.050813108993398075,blg-0209
1369,3173.65755000012,0.8245800000149757,1.0684708477161073,0.09017195008022129,0.6208671307869149,2.2464030157997374,6.396906411631184,0.5810800793519436,0.0843934576493428,-0.2132043198582947,15.986866086213462,228.6307099997066,0.24959316942684728,0.05659330844451269,0.03506208911614317,2.152652525473926,1.0301971613508092,0.730184708754737,blg-0208
292,2307.984490000177,2.0137100000865757,1.4682610561853062,1.0837869484129585,6.172682469708605,3.532401796317018,12.672612998254703,4.204076926010081,0.7381432181054484,-1.1405080069839677,20.192593577622805,25.904550000093877,0.019140121671920127,0.4368801585768214,0.0410958904109589,169.24188632781667,137.63463011644097,102.94710966668812,blg-0831
361,3102.6590200001374,1.9565799999982119,1.0608369873352204,0.09466575319190189,0.48711359971310897,2.2327981736730735,4.53945441673393,0.4591785551755064,0.08923685111821933,-0.3165455830380548,102.2661386955488,114.74729000031948,0.036967048542506806,0.05312445825846418,0.04709141274238227,2.0240407147791624,1.4685809475961036,0.6415742973189184,blg-0830
216,978.6788300001062,2.813189999666065,1.0826784104267106,0.10110924721310378,0.6705198599741974,2.337757538069772,7.419657206317773,0.6193158072827653,0.09338806916762422,-0.06860853982196646,10.264081613890585,27.836159999947995,0.2748534222677066,0.06388044110892784,0.037037037037037035,0.9302046091417381,0.8551558966572588,0.6736338197678624,blg-1235
4580,3177.6644200002775,0.04792999988421798,1.0171196214509033,0.04323213407758409,1.8702679902844888,27.094490722998408,971.5016457555726,1.838788607016251,0.04250447316203524,0.001961310494118962,31.76864952376888,0.09924999997019768,0.22011283157733255,0.013407040688148106,0.004585152838427947,0.010502341962118258,0.004600232205022114,0.004289845551701422,blg-1053
322,3143.6778899999335,1.98774000024423,1.2480386346017576,0.4259956840844539,3.156403871852614,4.1155434468378855,19.60022669934296,2.5290914552247745,0.34133212615414393,-0.5673779998195538,33.183014973158464,12.783350000157952,0.13841877467784522,0.1980127215076492,0.027950310559006212,14.10217821745742,12.315028980585577,11.232029234178937,blg-1052
668,3167.662990000099,1.9194999998435378,1.041423254860111,0.04966502920075724,0.4230341650063778,1.9252614088465747,7.248367852451864,0.4062077152301776,0.047689571451458294,-0.06733820866248297,37.18062719574683,2316.9413400003687,0.49078886290570384,0.0336017914134325,0.025449101796407185,0.29040458704694055,0.22022449083373238,0.20688620839872418,blg-1234
4544,3178.627350000199,0.04798999987542629,1.035732151590575,0.5981719597127272,17.676164873557934,25.509735383671202,685.9209747786256,17.06634739082798,0.5775353724597234,-0.012138607064355877,15.67752669277297,0.18931999988853931,0.09503331185405839,0.0345659760491717,0.003961267605633803,0.4335378326379089,0.4286243790797542,0.42414722357485013,blg-0433
4588,3178.6271700002253,0.047999999951571226,1.2009434692962224,0.37812889230842067,2.9515769150838347,3.8376499846770376,16.751626764228963,2.4577150931478635,0.3148598571266751,-0.4142832062079598,22.217864921150834,33.78191000036895,0.08072130574600134,0.17635014151646825,0.031604184829991284,4.839838509005762,4.550955595476198,3.8747962537085736,blg-0655
1274,3145.6237400001846,0.06065000034868717,1.1584197239153384,0.24491358579297848,1.371153515844314,2.4851321386491407,6.476291856168208,1.1836413656472835,0.21142041923370555,-0.2903211038345097,21.821939860316974,45.17337999958545,0.05006997651237307,0.14190597755605322,0.04552590266875981,1.7994081382612992,1.0748000262530821,0.5507977644086065,blg-0654
697,3168.6656200001016,1.1420299999881536,1.0663911241784314,0.11886774332507852,2.5082064138616005,11.99024334355184,218.08665931106023,2.3520510753251638,0.11146730267657051,-0.011204180850272527,14.705646123105002,0.0,0.5146871045465116,0.05531310851715745,0.00430416068866571,0.22873276551125402,0.1881830057051216,0.17944854990270104,blg-0432
2768,3177.6644200002775,0.055819999892264605,1.1639575715213313,0.29954933155670604,5.829181879506447,10.57061144724706,157.56510394216457,5.008070716707316,0.25735416505916403,-0.30092291338712474,14.986824920986685,18.135549999773502,0.2348105655440573,0.13049431891813382,0.006864161849710983,0.2793139634541898,0.2084119348763014,0.19384489967048688,blg-0301
581,3164.671480000019,1.9902800000272691,1.0120276117553806,0.030440516895126602,0.3157378993517215,6.44151083366075,46.96827133068696,0.3119854562902822,0.030078741173414778,-0.016522396601089895,14.013184414243998,21.93777999980375,0.046651181171974795,0.010285630066805431,0.022375215146299483,0.0899957555091377,0.0658053934590664,0.06365936731066817,blg-0167
588,3164.671480000019,1.9801499997265637,1.214576700287093,0.4941360843472259,5.643355148292281,6.501274276854079,54.60185435897737,4.646355475528874,0.406838102659177,-0.7141421035715383,11.932467815050295,10.97524999966845,0.100718721476554,0.19179689627120897,0.017006802721088437,43.98486921680637,26.630190242737985,13.530290819000625,blg-0166
2782,3177.6644200002775,0.05588000034913421,1.0250614179027968,0.03163314510583263,0.5060807451773601,4.223134720926252,45.64125023999232,0.49370772463145507,0.030859755566602295,-0.03853470643295287,14.828014199561311,26.11354999989271,0.4814380806042245,0.020251349306052623,0.006829618979151689,0.0055732438856535525,0.0035689788676396936,0.003438879210968522,blg-0300
4550,3178.6271700002253,0.048119999933987856,1.099296460673262,0.11328367460782544,1.2291494058834354,0.859195173715288,3.3355315042680154,1.1181236715247937,0.10305106732349016,-0.06773938961681347,27.72224311801666,3147.663939999882,0.5670850742392818,0.08148703884222391,0.01736263736263736,0.17899967171220396,0.130816398661988,0.11539879636624426,blg-0939
4581,3178.6271700002253,0.04800499998964369,1.1022072395141997,0.3002954050124139,2.8006019999491483,6.139038184238166,40.64177177782158,2.540903265863584,0.27244912891361384,-0.3370026889330213,27.459669330547325,12.165750000160187,0.022710450759046655,0.09200916107603303,0.020737830168085572,1.586055408149837,1.5205376196797575,1.5122087130113486,blg-0938
361,3104.6482400000095,1.9554149999748915,1.1997102394290466,0.38430555101510067,2.9562922777013383,4.332863012422139,21.26362113936694,2.4641718940954833,0.32033197282260056,-0.18439513064449153,14.61767189059378,20.841860000044107,0.09844828878353952,0.16896349120818507,0.030470914127423823,13.490485270677425,13.392540473782272,9.454714082214206,blg-0407
266,3033.8182999999262,2.069809999782592,1.2998135595438258,0.4240171656026191,2.1184136054301765,1.949650435819695,3.600938240309401,1.629782651194849,0.3262138321508903,-0.337984000253023,21.201972623550738,55.073369999881834,0.1331344521737569,0.2620163781407047,0.04887218045112782,31.564085129170305,26.15625026295927,13.13199379996611,blg-0897
1509,3176.6691200002097,0.7882399996742606,1.0083380555299666,0.011318679807931612,0.17292737257259727,5.655720750988199,61.437937024721336,0.17149741588076353,0.011225084319297907,-0.009796436925258556,18.296394392418115,9.895680000074208,0.4294755777598271,0.0066545012284529815,0.007952286282306162,0.006070100532869992,0.004741178088332353,0.0035815274624674087,blg-0661
4519,3178.627350000199,0.04809000017121434,1.0259759188566873,0.05499270783586172,1.0817647034475844,9.51195387254353,126.30866329240803,1.0543762996984405,0.053600387971230214,-0.016123230191751325,18.772957871905433,2.1335899997502565,0.17282629513054285,0.022176539184769414,0.011506970568709892,0.020419828385142176,0.01879410197364047,0.018338207970680497,blg-0660
225,987.6579500003718,2.1132249997463077,1.2687867816559373,1.3089069613061521,15.36228114323456,8.508626298627142,83.21653677391598,12.10785077860459,1.031620891637635,-0.10845373628875299,4.203314046610018,0.0,0.2029622687768156,0.25895602568330545,0.017777777777777778,53.11337054322014,50.218678221336866,48.095203293666536,blg-0406
806,3175.6324700000696,1.0659599998034537,1.0099384819154589,0.013651314457924307,0.09035200935270515,2.427943897538538,6.9060180544968315,0.08946288321117724,0.013516976100230714,-0.027880253829688062,21.08048733568485,99.01703000022098,0.16939720394440363,0.008024095559863024,0.03598014888337469,0.02656664562458021,0.02416792787004467,0.016805137125990455,blg-0896
345,3033.95186999999,1.981374999973923,1.1342711596048365,0.213876390912942,1.6557992120432186,3.684373686607888,16.302151524185156,1.459791323639192,0.18855842998059574,-0.08559053500160352,27.984031205056425,0.1388099999167025,0.1899424150965929,0.11010457060375914,0.034782608695652174,4.940160103331829,3.2079970185317617,2.638246181653266,blg-1201
4197,3177.664439999964,0.04835499986074865,1.0126838123454098,0.017765633320335494,0.13821539996421384,2.4023885055842484,7.301640155514807,0.13648425788426474,0.017543119509097805,-0.04816915166955904,37.31223232855947,81.94876000005752,0.10820949967335626,0.011035039321360431,0.03526328329759352,0.01385002353813038,0.01314505892825776,0.006494695290768636,blg-1067
4569,3177.664439999964,0.0477850001771003,1.1506179326272088,0.22616410886494562,4.269689902034297,7.731859801548726,105.87016888263821,3.7107798721487892,0.19655882329502403,-0.2395263499193423,30.757097903095726,57.06573000038043,0.4082459413041425,0.12177765041668145,0.007222586999343401,0.26532006491576066,0.25320073797766024,0.21419913463950851,blg-1066
841,3168.6348600001074,1.0614749998785555,1.0088434190118793,0.012047730232284806,0.10908876095646158,3.3331357284457472,15.943970964496106,0.10813249887875023,0.011942120933557612,-0.03234732785725969,37.634142857540276,72.8842700002715,0.26647325117753434,0.0069636571996401836,0.023781212841854936,0.01163656982674191,0.010555280890618326,0.00997014292080928,blg-1200
1695,3175.6225900002755,0.15259999968111515,1.0193938276054657,0.02361786092319117,0.23687640686847067,2.3088282544472802,13.044499054162038,0.23236986347189256,0.023168534134627515,-0.038101155665737574,14.75341208984903,188.6843400001526,0.404456135781609,0.015906710528201733,0.012389380530973451,0.0170239035073928,0.008219255999099047,0.006652375257359114,blg-0335
310,3173.637629999779,2.1169500001706183,1.0716253882869198,0.430371624716312,6.699701169671435,12.73538034578508,179.17729725181786,6.251905918226138,0.40160640593652974,-0.08847354475318747,13.849492890226493,0.0,0.40093169134537954,0.06636206251908601,0.00967741935483871,3.303599682073567,3.196687049441567,3.167677991914333,blg-0153
823,3166.6487000002526,1.0740799997001886,1.1423501542058812,0.19359421476114128,2.107387963574551,4.439934400784808,31.460360291962452,1.8447828254478589,0.16947011593045178,-0.08475576984709754,13.281773717368567,33.896180000156164,0.3450773993235447,0.1080596398507427,0.014580801944106925,1.3358967772019386,1.28924109390465,1.2711478070362094,blg-0152
788,3167.659250000026,1.0823300001211464,1.0349522530739779,0.0625116761415381,1.3487099449683004,12.23311028526762,216.878275352578,1.3031615013453963,0.060400540558139544,-0.03666608437435093,14.402763099068558,0.0,0.2758335267206049,0.026591798077177955,0.007614213197969543,0.2723136224057828,0.1853143243904983,0.13726073961011942,blg-0334
4576,3178.6271700002253,0.048019999638199806,1.2128848268305772,0.23228392806432957,2.196381740742225,1.2808290855428344,2.522263317674538,1.8108741028386923,0.1915135889334037,-0.07310676948923023,25.348836260627937,2614.928270000033,0.5119172509457387,0.17224686193061894,0.017263986013986012,0.9964953962071375,0.4756524365801378,0.3999157522085679,blg-0769
4536,3178.6241599996574,0.04809999978169799,1.053576165574909,0.05668446885750476,0.5643717034816328,0.23908696303396468,1.5244060743841583,0.5356724236609374,0.05380196531738537,0.015777576462955523,20.379389673024196,3140.6306099998765,0.6722454681355694,0.04342928803956044,0.00837742504409171,0.021537837206602857,0.016034456799064668,0.01296847567726787,blg-0768
4099,3178.6241599996574,0.04955999995581806,1.0628694862354549,0.0687520233053418,0.733122656955753,1.4376524272548648,8.08991892409081,0.6897579237642795,0.06468529160809723,-0.17965432316140917,53.7865598223595,3088.8032799996436,0.6644891989311269,0.049043895636583304,0.008782629909734082,0.04049382797186513,0.020293855422634004,0.009395141265163507,blg-1309
911,3176.622359999921,1.018540000077337,1.1200561314052542,0.25621412743731664,5.722894656753224,12.417018082093094,223.72259713174873,5.109471253443706,0.2287511473450457,-0.33792956496414805,51.14508660830007,4.960190000012517,0.3409741067301248,0.10184434238880813,0.008781558726673985,1.6770346044425724,1.6457099383083587,1.577735716706591,blg-1308
525,3168.617989999708,1.9867000000085682,1.02601187453734,0.04076296881832394,0.22688627129702854,2.3572534381521093,5.522170288852605,0.2211341551850917,0.039729528899857924,-0.07447657659629581,25.91092962395025,98.80637999996543,0.13530361686210912,0.02331424881747817,0.04380952380952381,0.3768812185972974,0.342471553121134,0.26042707682021854,blg-0805
230,2774.687170000281,2.1747400001622736,1.0236153985277545,0.0599479320156463,0.5018711672123963,5.485258153098506,32.945251397568235,0.49029270469289593,0.05856489802343656,-0.03043576798727088,12.962114122869874,6.029779999982566,0.2185483561367772,0.02122832962448367,0.021739130434782608,0.15827777217786268,0.15039132613352665,0.13691076382766043,blg-0495
784,3173.637629999779,1.0790699999779463,1.361363156665301,2.1161553770401516,51.755725766889526,19.68972936596099,445.55513635968424,38.01757461505786,1.5544385428200884,-0.7748982672329354,22.197333462344726,0.0,0.39386390033733276,0.32673545358275147,0.007653061224489796,77.78546070243704,69.68115941086154,66.2542838301443,blg-0804
170,975.684299999848,2.97529000043869,1.085369484950764,0.15083147977762956,1.270772034107254,4.679175056099028,26.884230360605372,1.1708197438927472,0.13896786345968917,-0.06817062135667329,4.372523929548608,5.954839999787509,0.14690782516549405,0.06735266339537596,0.029411764705882353,2.128798762238963,1.4334092952807722,1.1150050336428852,blg-0494
547,3167.652809999883,1.9897700001019984,1.2467706725167582,0.37518265533290235,4.408947389055768,5.200688330362017,38.29706399073293,3.5362937634656055,0.3009235464019338,-0.9869290073968606,53.57320915452962,17.91712999995798,0.28624604408190263,0.19217097147930018,0.016453382084095063,8.00854201816204,7.196935984093966,6.788787283595749,blg-1293
210,3057.896209999919,3.03487000009045,1.0649239965599655,0.16926006945605043,1.3066416718396612,4.526183848160391,22.051137007183883,1.226981140241658,0.15894098397012657,-0.4495497093715253,60.27904835495988,29.945869999937713,0.058439191500508886,0.0605491677196099,0.03333333333333333,2.4712895825615413,2.3934128788087,2.0447825884534963,blg-1292
709,3168.6656200001016,1.1365849999710917,1.0382620867826167,0.13653775991879688,2.441454009880264,12.548838864658958,181.23288392578684,2.35148140093516,0.13150606223794772,-0.08287381704457353,24.97825646886055,2.0106500000692904,0.1408672291890683,0.032252223771023956,0.009873060648801129,0.38463759961668015,0.384628121614341,0.36979244533897276,blg-0944
4517,3178.6243300000206,0.04805500013753772,1.0278367796725196,0.03163928283912852,0.4654657941988114,1.949326762880935,16.65245057669727,0.4528596357667972,0.03078239965433535,-0.010177998684484102,24.683032705842443,3.0287999999709427,0.7586766782734935,0.02248241612585812,0.008191277396502104,0.0022810659511837564,0.0018229259850459961,0.0016886585309834393,blg-0945
583,3166.7080299998634,1.9856200001668185,1.077691128772695,0.13938929062809471,0.6304893642307877,2.171035028846697,3.5239677383336288,0.5850371609706347,0.12934066692506646,-0.2989528554653058,15.863060336276098,161.7266099997796,0.024873992404574784,0.07285933010966668,0.05660377358490566,8.223442290605567,5.6601674534692386,3.6717669628829137,blg-0080
216,980.6246200003661,2.6697900001890957,1.176865427501048,0.3256666703914152,3.3693108433022543,5.442949204812387,39.42534574499497,2.862953347033997,0.27672379527342966,-0.3064310764504672,12.464100247930025,12.829900000244379,0.2146016449129331,0.14526989795151607,0.027777777777777776,7.530738526861274,5.8477462891071115,5.052312884507238,blg-1248
582,3166.7080299998634,1.9869300001300871,1.011840374701064,0.026428167540458767,0.178919237393791,3.954725000272912,16.041138338731137,0.1768255547999802,0.026118909602789425,-0.03227953716345233,13.746242888160836,67.85428999969736,0.03618363187763215,0.010545546775703218,0.037800687285223365,0.12904651314290713,0.12717626075945052,0.09457477506307162,blg-0081
285,3160.678180000279,1.9934849999845028,1.0857338320473864,0.2509656155731014,2.6357420671741236,6.530055095969679,48.35205759997106,2.4276134399604428,0.23114837711961833,-0.3708430301784955,46.952906081587805,19.899969999678433,0.08618728926503134,0.07619430124107707,0.021052631578947368,2.912659827858589,2.725114784886814,2.5157559659541064,blg-1249
533,3167.6682600001805,1.9981450003106147,1.0226673868767306,0.025858351106203332,0.19317125761357667,1.3706676760401069,3.8048224670046213,0.18888962159498762,0.025285201410718508,-0.011267077934373537,18.966024326206306,986.1541300001554,0.45866711948334593,0.01816159740253656,0.0300187617260788,0.07607158629473663,0.0730654502316864,0.04650123723304116,blg-0628
88,2717.675809999928,2.0410000002011657,1.8541913529809806,1.0201283712141096,3.5492936345050103,1.1018805751938046,-0.02688552938466149,1.9142002844834831,0.5501742654943936,-0.3017529718415102,22.291464629208683,55.150690000038594,0.06770889648092175,0.7643971732661413,0.0,132.95664470722622,31.909155270514248,6.05473661638172,blg-0629
4589,3177.664439999964,0.04777499986812472,1.0550662942886218,0.285092498088501,4.978440200836553,8.999859852866988,94.10932992763229,4.718604111040458,0.2702128737593649,-0.24007308350134626,14.368356896229999,16.09817999973893,0.007948200063437903,0.05246801263346209,0.0169971671388102,0.9029514638564459,0.8951349443263995,0.8693955716282172,blg-0012
2487,3174.6680899998173,0.059905000030994415,1.0141989104397116,0.02007732715844861,0.16427373902374443,2.6811345915629157,9.864535562229277,0.16197388472127602,0.019796241894779354,-0.061125939342531854,14.810807913435402,498.9375400003046,0.2539838956796853,0.011860161198826049,0.030156815440289506,0.00791081492186264,0.005850554745683477,0.00560673820511617,blg-0274
671,3166.6487000002526,1.201874999795109,1.2697553630829377,0.3488393923045165,3.049789071162894,2.7468685528363506,13.00705124992281,2.401871365000074,0.2747296051660268,-0.3803647771042291,13.678224983985245,34.055969999637455,0.3375435364857606,0.22334030728714255,0.019374068554396422,16.795026183559504,7.4592623130015205,5.14865893536877,blg-0275
4548,3177.664439999964,0.04780999990180135,1.1070772279600911,0.12817217168858674,2.5974812837036207,3.904236977306985,57.15958298349681,2.3462511870352962,0.11577527501582253,-0.04321303238732477,12.775654728599124,13.061200000345707,0.6871131406744645,0.08555933262846457,0.004837291116974494,0.03225933564631117,0.028249205375348193,0.027263502675695595,blg-0013
194,977.7028799997643,2.7768800002522767,1.7116753880968205,1.3738720322942097,9.901656150552876,4.580502170150767,23.316450546390314,5.784774473923234,0.80264753108083,0.0,0.0,30.903469999786466,0.11954978229275308,0.599085783268948,0.03608247422680412,104.14272545326791,84.71024709696759,77.78515392794722,blg-1472
294,3126.6743399999104,2.0054500000551343,1.403769543341291,1.1478326827813683,14.093499735322906,7.8512978247819,74.36159046698003,10.039753107464948,0.8176788562262698,0.0,0.0,11.96388000017032,0.0710948628966446,0.3547153922184414,0.02040816326530612,73.18642287928267,50.07758211074046,41.81660212552598,blg-1473
217,978.6400200002827,2.7675899998284876,1.2650391743610028,0.4272736254212939,1.508838153256499,1.6116187092647798,1.3316190684441418,1.192720487957568,0.3377552495633711,-0.43376828170250725,5.411504254848104,59.90142000000924,0.0038940548887926134,0.26256156579022205,0.059907834101382486,64.22355935130888,30.859540445350177,9.729298795884969,blg-0188
191,978.6399199999869,2.783724999986589,1.4372381248817847,1.2368764589574774,9.666193523700187,4.818455482699652,25.985778199777016,6.725533708786017,0.8605925691355335,-1.6012917154604225,12.602710310410087,14.002670000307262,0.05938379395192568,0.4208538348132494,0.031413612565445025,141.88612428459393,115.749777306758,101.63515328879976,blg-1126
1380,3173.65755000012,0.8240600000135601,1.0813759017810634,0.12955960617232742,1.1078997004945936,3.67945968221725,17.021752089119023,1.0245278153735131,0.11980996132874673,-0.6058662776068375,57.90570839000771,46.924300000071526,0.23903196888615752,0.06775598721248922,0.030434782608695653,1.317485100399707,1.1694256325236108,1.164548138638758,blg-1340
215,978.6399199999869,2.2553750001825392,1.0763340661082839,0.11001088465880748,0.8911233980009611,2.8427559113448173,11.997463672422324,0.8279245429290955,0.10220886535208044,-0.05976731736947127,3.049932396158569,29.961329999845475,0.30120780606656966,0.062261012501888424,0.03255813953488372,0.9216579013173837,0.5348372307943275,0.4899715280706736,blg-0189
549,3169.6153699997813,1.9944449998438358,1.0407366774862556,0.1547626532945397,2.9339583201418273,13.613148836605319,221.27565765711304,2.8191168385044314,0.14870490793242414,0.0,0.0,0.0,0.10927995433522099,0.03445592411439495,0.01092896174863388,0.82927993594715,0.5779955594634778,0.5756701210187837,blg-1341
563,3168.640930000227,1.9886050000786781,1.0496827304336114,0.06070057290176305,0.5672136282259248,3.0233979126330053,16.188506251491386,0.5403667283236606,0.05782754213591087,-0.029794102490510177,31.04842186053355,18.862620000261813,0.4169301756822279,0.03801027320274314,0.017761989342806393,0.19849478253552577,0.1853639635326558,0.18291050601085918,blg-1127
4555,3177.6644200002775,0.04795499984174967,1.1485194715457432,0.3074052775848327,2.896298931281155,4.861445889695921,28.260809076518733,2.52176735163704,0.2676535161346233,-0.27338158527548617,22.60704764679334,21.125140000134706,0.07869097059305312,0.12934937510550054,0.027442371020856202,2.3134341331581254,2.0503355157420877,1.8911055313464509,blg-0720
220,982.61791000003,2.1208199998363853,1.2306100723751126,0.7092292465853126,6.181556615883747,6.0439407921757144,39.30305830931193,5.023164286085782,0.5763232861025159,-0.22230556529657042,4.4965422923961125,4.87502000015229,0.09478881597859598,0.21210955482686547,0.022727272727272728,22.432578185872135,22.02284558627463,21.996420484974443,blg-0546
841,3168.6348600001074,1.0644300000276417,1.0112864957119492,0.01854599476730249,0.1290791444520598,3.1276232120622813,11.283799132874089,0.12763855121471007,0.018339011410268988,-0.0361736458686186,18.58391202237994,160.84498999966308,0.16139026037370816,0.009811033190658817,0.03804994054696789,0.04061273348323764,0.03881239142565453,0.03859635291006165,blg-0547
3707,3177.664439999964,0.05049500009045005,1.2330367626717937,0.2641294589692052,2.3482184345501826,1.7332535113679814,7.158728907364306,1.904418819125701,0.2142105286907858,-0.08965976255647456,20.225279772078274,3052.9092199997976,0.5939742421476545,0.18669144901681586,0.013757755597518209,0.34318402682774,0.29218763732117153,0.26796199094768414,blg-0721
4571,3178.6271700002253,0.04803000018000603,1.0368203479341773,0.04313966472693275,0.411897342608222,1.64629111643128,6.93297213760879,0.3972697289903825,0.04160765594233392,-0.04195561276615711,24.68307225412729,2326.709899999667,0.5346760065954803,0.03016011750810008,0.014876394661999562,0.046595251306932615,0.02090372081135246,0.013056445105968414,blg-0933
4597,3178.6271700002253,0.047999999951571226,1.0672398357877886,0.6550316393707323,19.565805240898506,20.48356859609463,527.4643483874414,18.333091027402475,0.613762353379167,-0.3208367832551893,25.551522257562542,0.07460000040009618,0.07550761463098574,0.0649656397412432,0.008048727430933217,1.5074156869979356,1.5026616169486855,1.489647691664724,blg-0932
3887,3177.6644200002775,0.04935500002466142,1.2504580154782157,0.30155797457711514,4.086193930848317,3.500368636841621,29.637946668823623,3.2677577716258206,0.241158014449777,-0.09735924195916512,28.749601546437592,36.97655999986455,0.5990672312962942,0.19878665925087263,0.00926164136866478,0.2807250216744445,0.24788895317316056,0.22856133750135374,blg-1059
4395,3178.6271700002253,0.04836999997496605,1.2415766444139795,0.28311329168677446,3.628814983668753,2.67781265711831,18.830293986595816,2.922747436308347,0.2280272351129243,-0.030136752787693677,13.737394722298456,26.119469999801368,0.43871583773228007,0.1886036931297935,0.012969283276450512,0.9143938284918697,0.6090482851768093,0.4694403090515993,blg-0291
2843,3170.663750000298,0.05810999986715615,1.439761912153283,0.579938911970926,5.712203154119415,2.5822648526471075,9.950025789756811,3.967463693980976,0.4028019515223596,-0.8016361101215443,28.929913998398796,16.901620000135154,0.2707010955984028,0.36815743345887775,0.024621878297572987,7.448030254826729,6.858010193116261,5.59574472022381,blg-1058
4567,3178.6241599996574,0.04801500006578863,1.0431881645089274,0.07943191908257925,0.9711336342525232,5.858499193012211,44.063738343314874,0.9309285304251812,0.07614342361575485,-0.06676949392013065,14.52587258543417,29.059720000252128,0.17107508969697904,0.03588589003685157,0.017298007444712066,0.09961411672840376,0.05671410280680858,0.05409459068670518,blg-0290
220,972.6794000002556,2.1252100002020597,1.2870430331645328,0.46224851840478015,3.288471523783485,3.4291616774792297,14.588039922494282,2.555059476253347,0.3591554461676907,-0.08795121040870413,3.994912291181513,15.04660000000149,0.16923480466770627,0.24526783962655505,0.031818181818181815,12.147683996288636,11.68100638930867,11.54902950017623,blg-0439
321,3160.678180000279,1.9576750001870096,1.0077386946861975,0.021736617341080813,0.2757643840454258,8.29245380478818,78.68499974968611,0.27364671294559123,0.021569695834843854,0.0,0.0,9.007280000019819,0.06888942034601503,0.006623255365224897,0.01557632398753894,0.012052765106258148,0.010473148230553734,0.01042807989629559,blg-1496
713,3167.6716799996793,1.1522599998861551,1.0581265341495714,0.13656865035622742,1.257481485035116,5.21394331592324,31.646987433231224,1.1884036857290718,0.12906646290211843,-0.1385606987693193,17.995560106126508,27.158100000116974,0.07100549530979193,0.053719547296973494,0.025245441795231416,1.7304471980323328,1.5829860233806778,1.2126733048890836,blg-0438
753,3167.6297999997623,1.0931750000454485,1.27783465218646,0.5659202693091651,5.984599488225952,6.258319112151985,47.35453234972872,4.6833911031853726,0.4428744078211479,-0.5947359945994961,12.32934948991123,30.91069999989122,0.15380192540695345,0.23344201212494653,0.01859229747675963,16.838930292045937,14.883487221106442,13.930033725185055,blg-0203
1494,3176.6691200002097,0.7877299999818206,1.0418378010349154,0.054741359897138984,0.5753976780467482,2.651422954840138,13.338547155651753,0.5522910302853894,0.05254307274830173,-0.11890468193340809,11.93078614091126,58.87927999999374,0.241420383946702,0.035437970231030264,0.01606425702811245,0.7411411432673831,0.5095196049314047,0.2902367528829082,blg-0065
1536,3176.6691200002097,0.7904199999757111,1.039131874087275,0.05124385430696519,1.1369110186374973,6.285745105333539,101.46789508995762,1.094096943850498,0.049314100636971024,0.009748662134296593,13.590836752756625,0.0,0.5264695829150992,0.030957178962288417,0.0078125,0.09907905516569139,0.09140325129828364,0.06643536949833574,blg-0064
845,3171.6341200000606,1.0460599998477846,1.0328987946479797,0.08301369735418791,1.295094918291612,8.816427109253146,97.53511428332159,1.253844919234843,0.08036963251446462,-0.08928364775595465,11.70583053731266,21.957669999916106,0.17208084507204782,0.027712120723231485,0.01301775147928994,0.3390006086693824,0.2666055645824146,0.24697766125551904,blg-0202
2793,3177.6644200002775,0.05576000013388693,1.0486947790050518,0.3125955707672667,14.002045502053093,35.18653668911891,1445.926825821981,13.351878591231984,0.29808059889745564,0.0,0.0,0.0,0.331395719664445,0.042266096254974315,0.0021482277121374865,0.1159739993362703,0.11386565261010509,0.10982950897329224,blg-1405
579,3166.7080299998634,1.9856200001668185,1.1801152820238288,0.31334051736807855,3.4400671980639737,5.611047062880705,41.93107288048561,2.915026371842415,0.26551686897533366,-0.6961617936638178,84.55567221771088,8.027660000137985,0.25345987339785675,0.1473036645751091,0.017271157167530225,3.96432964483622,3.9390284201581056,3.833496955184603,blg-1404
216,978.6546200001612,2.101219999603927,1.2154552883291192,0.4001693683687199,3.188935251382122,4.579561815197206,25.944404221369915,2.6236549018017667,0.3292341305507746,-0.6111102660381038,17.828348373417267,4.041939999908209,0.18189752181713947,0.18834717272166343,0.018518518518518517,9.43778734192578,9.210039553146345,7.133157436589598,blg-1337
4564,3178.6241599996574,0.04799000034108758,1.022131122316919,0.02235681729898119,0.22413334506190374,0.23882183882001679,1.4392417663497152,0.2192804210491552,0.021872748605459073,0.0007495860943662613,34.83009813186219,3132.719049999956,0.8934620321524873,0.01730209868431825,0.0043821209465381246,0.0014240371999736945,0.00045344136025834964,0.0004461732799208003,blg-1151
336,2695.732869999949,1.9950299998745322,1.0820819195631215,0.19989374629165596,1.9234697963216507,6.527905985116241,47.571848247186246,1.7775639198579263,0.18473069444229684,-0.03635381826352746,12.436268220471721,10.894990000408143,0.11571444612907458,0.07018456967325626,0.020833333333333332,1.7866375469283378,1.4458239814512823,1.4349013520404053,blg-0399
4380,3178.6241599996574,0.04853999987244606,1.216374969353734,0.2699443600411392,3.046962505135608,2.357966614893821,11.440184177677986,2.5049532889557415,0.2219252817782901,-0.6240232832958355,42.10454161309081,24.958760000299662,0.414449505710021,0.17670115426622832,0.02009132420091324,1.7084982319196922,1.2373760076525955,0.6945070957699685,blg-1150
781,3168.6348600001074,1.0741499997675419,1.058726748715811,0.1334177054046549,2.4324417180110225,11.36764741270326,170.62120187405344,2.2975160474469045,0.1260171279381705,-0.27688459520373887,59.957253814411665,1.9852100000716746,0.25703197681716766,0.04793564494459434,0.014084507042253521,0.6229914276166066,0.5540859676602748,0.5088943890258292,blg-1336
218,972.681559999939,2.130189999938011,1.0239590670159766,0.04699635784147784,0.2143638261616202,2.5213057166787225,5.326018777144236,0.20934804033997106,0.04589671491407129,-0.027774278541996766,4.408813034450928,41.02591999992728,0.012917896280663881,0.022457288225269493,0.05504587155963303,0.346925162171375,0.2797360495773505,0.1575381382865347,blg-0398
1525,3176.6691200002097,0.7925100000575185,1.0367837030902882,0.06770534558230266,1.1769278133254466,9.490103908750587,125.34323096076486,1.1351719731567138,0.06530324958567955,-0.03361470337809713,17.066421516081025,7.868890000041574,0.2508546352480587,0.030207779487136138,0.007868852459016393,0.13291046772054788,0.11287100444101693,0.10654075200445161,blg-0531
1653,3175.6225900002755,0.16078500007279217,1.0271062996367926,0.03035821314552999,0.28311566116855635,1.0395813708682222,5.5683524351474,0.2756439703585039,0.02955703110836241,-0.030042423305305155,19.792079828312406,3132.732520000078,0.5494860674407198,0.021159286178475567,0.01693889897156685,0.01246867691152048,0.011813100364495826,0.011389410550160647,blg-0757
1700,3175.6225900002755,0.15265999967232347,1.0229873037225954,0.04441099359509843,0.35990504511137456,4.067563785985144,18.723022075863682,0.35181770123981265,0.04341304432553444,-0.1685517976768911,33.57430488144638,118.69658999983221,0.10299477868053697,0.019854263649787013,0.03882352941176471,0.05604817488395605,0.04628158244828115,0.04601669984882424,blg-0756
4504,3178.6243300000206,0.0481599997729063,1.1482661895633224,0.17049968492974737,2.048040276332583,1.7491805918077548,10.848391774807862,1.7835936276025877,0.1484844585642138,-0.033535463101168395,16.592680103234265,3151.6524900002405,0.6605811884948102,0.11938025487912927,0.011767317939609237,0.1593690839976748,0.15647847742935314,0.11643960795789048,blg-0530
559,3168.640930000227,1.9886050000786781,1.0642340043088527,0.1076044221157359,0.6347656274551738,2.7124844983659995,7.33741397613451,0.5964530534831766,0.10110973777286908,-0.1613803440807864,24.587872523863624,82.70577999996021,0.09168525693239003,0.0557882220954743,0.05008944543828265,3.0412299813063712,2.3631259285010406,1.793905929921876,blg-0616
4533,3178.6243300000206,0.04804000002332032,1.029963339288241,0.039332345470024135,1.019830025206843,5.947295397746727,96.20017367900299,0.9901614711937075,0.038188102030237155,-0.0019842787651747074,15.584281532699109,2.0141100003384054,0.5350206213012976,0.02402415739145107,0.007500551511140525,0.006529025727990431,0.005524120244094184,0.005176393886360142,blg-0470
4558,3178.627350000199,0.04797999979928136,1.0136915025206028,0.016669551586190972,0.27801877791053864,2.8682101164491867,29.302135873646556,0.27426369312220916,0.016444402838829305,-0.002477477204260392,15.584295558763868,5.013350000139326,0.622667809756368,0.011308888872016667,0.008117595436594998,0.0009985972295980321,0.0008810558640738111,0.0007553047766669372,blg-0471
561,3168.640930000227,1.9856000000145286,1.0853922897051966,0.18924528932137455,1.0839857283838685,3.3227067099035708,10.903566892097913,0.9987040894599031,0.17435657998750817,-0.7462420564457495,76.47559215934541,99.9600700000301,0.015016815495481565,0.07893770640381617,0.0427807486631016,9.106707464635617,7.11738511754093,5.553707741083898,blg-0617
4550,3178.627350000199,0.04801000002771616,1.0206498444437022,0.03696371046341324,0.26515064823439216,3.391066834114789,12.356554322376418,0.2597861030205218,0.03621585826175427,-0.15964547675474283,55.96527057776007,83.77986000012606,0.0853189887504698,0.01792630122430289,0.036923076923076927,0.048101281254438355,0.04554559568350686,0.04219588447079844,blg-1010
4461,3178.6243300000206,0.048384999856352806,1.0152182600827282,0.031411332792689727,1.1810299665125532,15.907553910123788,452.0809417836806,1.1633261548930887,0.030940472328310323,0.0,0.0,12.93366999970749,0.14187846306580199,0.01285015655114244,0.0121049092131809,0.016986598005819874,0.007376564825562483,0.006540890109428637,blg-1276
4553,3178.627350000199,0.047950000036507845,1.0438893721985687,0.04830197389204707,0.9728590336732035,3.579702350840083,48.75776271388108,0.9319560580492102,0.04627116121280662,-0.034249804897738434,50.34578973285432,0.11630999995395541,0.594035929103526,0.034035691003909234,0.0050516143202284204,0.04419011864440827,0.008445955717475827,0.0064439272518192975,blg-1277
1530,3176.6691200002097,0.7902100002393126,1.0706540817182637,0.09521417754886619,1.7019548093507681,6.13503507058777,79.20098091295476,1.5896402232203186,0.08893084917469427,-0.039906183109458704,28.440620181269686,5.291029999963939,0.4911238259937695,0.05571528552020439,0.00522875816993464,0.1822222077002385,0.14000261075781834,0.13227726270063808,blg-1011
341,3104.597379999701,1.9772749997209758,1.1123351590943902,0.22578087326057614,2.123114424261452,4.8181644637980465,28.37706887965949,1.908700258025636,0.2029791734845497,-0.16226689508439174,11.690603471640046,28.995579999871552,0.2215964947667306,0.10036819045329312,0.02932551319648094,3.327753479970639,2.8658135673266507,2.4756965956012555,blg-0124
4563,3178.6271700002253,0.04812499997206032,1.0979865063394232,0.3201458503374601,5.6109178554327,10.292293435432754,125.1436278630377,5.110188305534878,0.29157539329790155,-0.09810577797077946,15.327960038221956,5.978509999811649,0.04682027992310992,0.08691780356771277,0.013806706114398421,0.9169031391728113,0.7592207076650861,0.6564849990138262,blg-0342
4166,3178.6271700002253,0.04902999987825751,1.2134900420104897,0.22480152755703808,5.344844634985056,2.9453803386799247,50.40255602400854,4.404522827467607,0.18525205640094927,-0.07457395616491036,14.303157797634384,0.0,0.7927154232062132,0.16239914325743576,0.005760921747479597,0.1362655524389802,0.09435041487660507,0.06459813014512603,blg-0343
201,979.6451000003144,2.0922150001861155,1.0453861588833644,0.07623508466846891,0.4145615219859824,2.117644965410593,3.885516544683984,0.39656304466778897,0.0729252853516322,-0.04171419718998193,3.5422786878862107,60.025439999997616,0.061682435963269285,0.04310182794746696,0.03980099502487562,0.7368225092657069,0.6304453540418126,0.3541937104740018,blg-0125
4470,3178.6243300000206,0.04823000030592084,1.0736080599040259,0.08765530685688899,0.9599359335297468,1.4440987339364588,9.317564543111684,0.8941213841803177,0.08164553649892448,-0.05058601604530644,17.715190899421383,2996.064689999912,0.5259585644255693,0.05904488596407206,0.013199105145413871,0.08174055371146102,0.06592034464033915,0.057109349795088436,blg-0578
793,3082.655900000129,0.07668999978341162,1.1265127553878258,0.2639270031175489,2.1808249463208345,4.692637945918201,24.603979747013117,1.9359078861126262,0.2342867397749252,-0.07700676125146844,30.87022933191853,11.03374999994412,0.07402309246420681,0.1092579746365794,0.025220680958385876,0.49286395357832674,0.45974603582502266,0.44616475890877433,blg-0579
784,3173.637629999779,1.085179999936372,1.0936978528344674,0.7781479913823992,16.092769540386463,16.12278248060543,286.81446720238415,14.714090689251101,0.7114835073058682,-0.4639162505717733,34.30191174514835,1.1174900000914931,0.18398697750414542,0.08797946859237957,0.006377551020408163,7.786784702816864,7.720221512758686,7.655013016271551,blg-1118
794,3173.637629999779,1.08202000008896,1.0783785956399576,0.2488331468725647,2.625000249092427,7.0276821263585285,56.87525344843456,2.4342102443089884,0.23074748105271997,-0.7093731816740423,48.605349072519445,29.926010000053793,0.03739990820304249,0.0710201971810818,0.018891687657430732,4.173747379312935,4.124473502775056,3.793452140572917,blg-1119
861,3169.626000000164,1.0397399999201298,1.1363580604817776,0.6156261433496464,13.007971618278729,15.844856129372127,284.3291509984534,11.447071091565167,0.541753659644131,-0.3830394994478028,19.908330755000126,1.1139000002294779,0.2144879868466835,0.11583145289941837,0.005807200929152149,7.610389300211028,7.536951983872807,6.703047978809975,blg-0684
1488,3177.6105399997905,0.7943600001744926,1.1740864318067326,2.450925366103213,93.86599304147857,37.35680278177939,1420.1519081471333,79.94811088784377,2.087516965387683,-0.4742279415812143,23.883757464398723,0.0,0.8568257682535538,0.15533324413073601,0.0013440860215053765,22.325991709068916,22.104810982579917,21.278978690781585,blg-0872
719,3171.63917999994,1.1108949999324977,1.298515096062387,0.5088190927724934,7.688891184969485,7.979050873108284,95.0320469061654,5.921295138633584,0.39184687986837113,-0.25664836800259994,22.044285589670512,5.911270000040531,0.33184587171289853,0.2477196952620315,0.011126564673157162,7.541812233315726,6.512042662776786,5.806885945495209,blg-0873
872,3169.626000000164,1.0341300000436604,1.1788410848780126,0.6467927044951493,12.40694355236552,13.327717306184162,211.87402212340655,10.524695488028776,0.5486682703083743,-0.4969351419295467,18.226012551358846,2.1062400001101196,0.15404033831358205,0.15312736293629478,0.009174311926605505,12.125384996209615,11.521976733648904,10.732389032715398,blg-0685
3856,3177.6320800003596,0.050030000042170286,1.4027704487115982,0.47345963602564267,2.9202709230187684,1.4792796791014764,2.254922422855075,2.0817881534951543,0.3375175411524569,-0.9620662237467694,30.453712647728775,2280.7178799998946,0.28688400276173004,0.3335820329199157,0.02308091286307054,9.665713735050108,8.866894585201674,4.813379511014683,blg-1082
817,3171.63917999994,1.0600550000090152,1.0979489595606036,0.21009223025933912,4.512666657854881,13.252843112780827,235.241556764833,4.110087793662068,0.19134972214912457,-0.0702266868326078,28.718890093492195,1.1306900000199676,0.3581962556409599,0.07554431723481636,0.008567931456548347,0.8883188509161509,0.8131132186346531,0.8117817813816175,blg-1083
1526,3176.6691200002097,0.7883800002746284,1.0910353387131375,0.27310881086403993,4.512559812438815,11.719062584008421,158.5828533741777,4.136034471991511,0.2503207720869616,-0.7277463666658437,74.51762105044513,2.028059999924153,0.1090751736261467,0.07781407478051318,0.009174311926605505,1.8810674849929574,1.785544621333401,1.6563363102958504,blg-1386
563,3167.652809999883,1.9911100000608712,1.0213149607262417,0.026059595438276992,0.16323027928826617,1.4942928770079396,2.5833471804425274,0.15982364301601842,0.025515728433654905,-0.033737095518882265,18.124609155773353,2354.606790000107,0.2854791499404273,0.017740196339931107,0.035523978685612786,0.14917768764880862,0.14237455029963966,0.11781603991052311,blg-0328
1533,3176.6691200002097,0.7903150001075119,1.0425251391611432,0.08548351231832699,0.7657479661146076,5.019943638528674,27.968356271663836,0.7345127038237481,0.08199659488992701,-0.31995361196156735,92.58848064382043,20.00957000022754,0.12458645214568322,0.035855159275762445,0.02609262883235486,0.4843524007356353,0.43917875341880336,0.4351896715972923,blg-1387
2449,3174.6680899998173,0.059905000030994415,1.0553908557063576,0.07056954989213976,0.7317972836235195,2.4087775799113365,11.312406500485636,0.6933898211576224,0.06686579558835636,-0.12756560182321341,15.992276777338136,1085.2072000000626,0.46559452673262497,0.04506813937758067,0.02000816659861168,0.04859375288130004,0.04203730655855937,0.032415259128529494,blg-0329
4488,3178.627350000199,0.04811000032350421,1.286631991119243,0.9954470359591157,44.07742233866365,34.686814874806416,1436.4163930022567,34.2579869771004,0.7736843441583724,0.03594660274009609,17.719367145367908,0.03772999998182058,0.3074154411903227,0.22845196602753798,0.004679144385026738,2.5306223765974645,2.2107345792733657,1.8537952680598773,blg-0580
784,3176.6112999999896,1.0923600001260638,1.035930079404965,0.08589072997854186,0.7267566087114722,5.476198688837618,32.68288363054243,0.7015498595362926,0.08291170500499433,-0.1457386205344604,26.624847279296464,20.808079999871552,0.06996263537794017,0.0319930909178241,0.021683673469387755,0.47716076832814636,0.4743797973917421,0.46425974306006357,blg-0910
4534,3178.627350000199,0.04798999987542629,1.1404340475137997,0.14887344924986118,1.6561876679147236,0.337577365533005,2.8359927220737484,1.452243255103492,0.13054104116673992,0.06429052959520165,17.609674710088537,3074.7692899997346,0.6233255567682839,0.11119103494482922,0.011910013233348038,0.3579424732819583,0.22969533040656087,0.12674122016714406,blg-0581
781,3176.6112999999896,1.0857049999758601,1.0492681517603677,0.049834334741208644,0.370861457877689,0.7866276048649044,2.3701989474449308,0.35344773756928927,0.04749437422898745,-0.028873286564619738,24.426873144128642,3111.566740000155,0.6323486840875882,0.03669891886567862,0.012804097311139564,0.09256982925809486,0.08813621047226367,0.08100413636059561,blg-0911
217,980.6246200003661,2.431150000076741,1.3232923527939227,0.8504000238137467,5.6050591083176995,4.206366837643441,18.220558119275346,4.235692176507015,0.6426395615389644,-0.2658404722544778,3.840818139732187,14.971559999976307,0.03025963603787176,0.3044629593172795,0.03686635944700461,70.08615885286785,61.30772543397606,49.42006166011889,blg-0220
1432,3177.6105399997905,0.8081899997778237,1.068776147159643,0.2999372511191734,3.0555210748443193,7.185782521387357,55.10737775178002,2.858897117395103,0.28063617354290565,-0.44530781851847356,15.65872443981961,39.90811000019312,0.007635538460846568,0.06476247937040878,0.019553072625698324,6.746933600567267,6.365796092868446,6.064377443923614,blg-0046
1465,3177.6105399997905,0.7948900000192225,1.0689648389413624,0.08107719931745468,0.7651403548694671,1.1280448949456074,4.9143409275065,0.7157769084991106,0.07584645968270014,-0.021277224495102498,12.095693901848989,2982.11110999994,0.5587998872964569,0.05719751314412798,0.014334470989761093,0.46752271998960104,0.4169907567055551,0.31548260315152227,blg-0047
218,980.6246200003661,2.6697900001890957,1.1152722850130152,0.21439869338632897,1.74077822026223,4.542720792106474,23.79718999240814,1.5608548944021918,0.19223887685995728,-0.03389307675178821,3.346786579143523,12.95606999984011,0.14641896181524927,0.09520981437832213,0.027522935779816515,2.9174508385663858,2.1848165893258527,2.167384273300681,blg-0221
1346,3173.65755000012,0.8307300000451505,1.0253077645778876,0.1026675854523508,2.939445989050291,21.78396679400229,543.7479865921257,2.8668913490492565,0.10013343114911849,0.0,0.0,3.0740200001746416,0.2920359577671639,0.021736032749435072,0.003714710252600297,0.1564406159704237,0.15296168741920976,0.1420053225557117,blg-1426
583,3172.641769999638,1.9844949999824166,1.3014368405565815,1.0331564113291007,13.000480864460139,8.593081167091158,83.15156189891597,9.989328993489206,0.7938582735591465,-0.6247977755128948,20.186324882117464,5.878449999727309,0.06928286498914028,0.2731326034465449,0.0137221269296741,71.30526152648164,69.33355256131173,63.82274746599632,blg-0818
3872,3177.6644200002775,0.049860000144690275,1.1016889390479467,0.28561402970435473,7.336329053533644,16.859014585493576,358.063840794315,6.659165511166764,0.2592510617004696,-0.15548835671481043,16.479091604195823,0.1890099998563528,0.14921139125098692,0.0870322345530557,0.006456611570247934,0.5768453812051968,0.2950497514062413,0.2529509175044788,blg-0488
1378,3173.65755000012,0.8241400001570582,1.0249223968686378,0.04280237105739941,0.7245847279666499,6.4301477827633935,67.83231098718919,0.706965447443397,0.04176157216444318,0.0,0.0,15.037210000213236,0.18286065446853791,0.020474351792570095,0.02467343976777939,0.14598377186257008,0.13928554636586993,0.10604755826491712,blg-1427
784,3176.6112999999896,1.0872700000181794,1.071791694777391,0.285017302602412,2.4740280703951036,6.153169599174149,40.288220263659575,2.3083105228071856,0.26592602026305995,-0.5706194114660001,32.438995731240055,29.129540000110865,0.010721210659747257,0.06852902060042541,0.02423469387755102,6.057044230933474,5.787543813115854,5.716812569035871,blg-0819
4531,3177.6644200002775,0.04793999996036291,1.180445201609428,0.22055082938386758,3.2945167786666762,2.1810109530351522,16.066666180737457,2.790910366924109,0.1868369893111489,0.06576544586419475,15.921141177486104,2944.1337600001134,0.5441018928763924,0.1499838167294031,0.015007724564113882,0.7285775748845599,0.3867612166252709,0.2272955312969615,blg-0489
4592,3178.6271700002253,0.048019999638199806,1.0135394881093065,0.01565176873587462,0.12026159571184414,1.1329225597446895,2.5722661407885843,0.11865506567448482,0.01544268256449009,-0.04517728693027934,47.16722107435615,3097.6420299997553,0.46244901829747653,0.011370784985105308,0.020470383275261322,0.007896546523159478,0.004151425636813605,0.0028597846861369014,blg-1314
660,3167.662990000099,1.9129200000315905,1.1619451713849076,0.18652758383965518,1.859150808262613,2.7544831684321736,15.609531266132091,1.6000331496247653,0.1605304508577034,-0.05129704076401587,34.69282191062761,16.814770000055432,0.4873011475062386,0.12340969678369092,0.015151515151515152,2.3097558374243277,1.6952759636310513,1.4696128397607315,blg-1172
762,3167.6716799996793,1.0964299999177456,1.0376514251897766,0.08748431403683435,0.6694526111670088,4.8157493501317346,24.348123897157368,0.6451613600327862,0.08430992438307022,-0.3980204944005048,60.08544111322709,57.96796000003815,0.050166557866408286,0.03269332762241468,0.030183727034120734,0.6804015751022686,0.5645643071756149,0.4996548219898451,blg-1173
2803,3178.625650000293,0.05560500011779368,1.034086332828109,0.04683598071681294,1.1251704110683174,7.811862505592969,130.0022485563038,1.0880816857044102,0.04529213739417721,-0.07255625793824994,47.907350499057905,16.067869999911636,0.4630250900574839,0.027112658630582282,0.0035676061362825543,0.004714988334701895,0.004100204237080705,0.0028851137840125705,blg-1315
4532,3177.664439999964,0.047849999740719795,1.1669291237754025,0.18300673313465426,2.0825927756275493,1.620244911834393,9.924117461099573,1.7846780197265892,0.156827632319511,-0.11058613391556782,27.192373199676673,10.00922999996692,0.564477116902686,0.12901438951735078,0.011032656663724626,0.32721296623384977,0.2440670634926377,0.179539303798031,blg-0982
4554,3177.664439999964,0.04780999990180135,1.0630975647084495,0.2277366005393268,4.752379475938163,14.232075534198222,240.90366938323646,4.470313533770863,0.21421984769533756,-0.0791395651879514,18.510787724188788,1.1271199998445809,0.04497389755910392,0.054574247056785506,0.009442248572683356,0.35630660110929724,0.29345896728292437,0.27651754539858414,blg-0512
4524,3178.627350000199,0.048139999620616436,1.2434905194172845,0.2230587488520435,1.924079906935244,-0.08435177093881609,-0.06595071027813182,1.5473217217318838,0.17938114008521774,0.24422480107903377,20.671761273877177,3032.0362100000493,0.3235565740027483,0.18590880306726087,0.002652519893899204,4.538512673881571,0.2809855586155568,0.2601800615873567,blg-0774
1530,3176.6691200002097,0.7914999998174608,1.0774382445701283,0.23833541256480134,6.282242239641274,18.309900131254093,402.9322604083209,5.830721355023483,0.22120563434040255,-0.16560617904811425,20.190926855730783,1.1186899999156594,0.2047356830177395,0.06650191865828144,0.004575163398692811,1.0858626437885786,0.9671392039417828,0.8121596934290171,blg-0775
4535,3177.664439999964,0.047855000011622906,1.2309988409294466,0.2505978545735238,2.108562768843683,1.0917295740795203,3.4606840032120765,1.7128876824309345,0.20357277700488005,-0.39875242946120326,28.71045460035541,2992.7325399997644,0.5101438307807638,0.18092717910065353,0.017420066152149943,1.1659600532710113,1.1168286119033985,0.9170766011350727,blg-0983
4521,3177.664439999964,0.04777499986812472,1.1700729361043842,0.21581116256866878,1.6510280229816754,1.8965177339083947,5.808231103384363,1.4110470876867744,0.18444248564774174,-0.22096504506687165,17.387476261426723,3079.644259999972,0.34085423485930105,0.14022812128972426,0.030745410307454105,1.4714750151320293,1.1210329329583848,0.8751379329422577,blg-0513
300,3156.631980000064,1.981099999975413,1.3525816909718154,0.8183241911699403,6.17768192552122,4.647603405782396,23.96694500578529,4.567326262866504,0.6050090656867405,-0.47375354477460774,18.177814252032746,11.954940000083297,0.048922453500234095,0.32118568783764784,0.03,70.7026348216059,58.42035365351069,42.93057039306067,blg-0635
1685,3175.6225900002755,0.15684500010684133,1.1479107805784168,0.19272208249136064,2.1970132845293966,3.4536587629180766,23.868097067267275,1.9139233663117248,0.16788942492147024,-0.19336694988953473,16.58159744159617,41.971489999908954,0.46425670974960936,0.1185757344810914,0.012462908011869436,0.32735316184408086,0.32593762870683196,0.25639957087365783,blg-0453
610,3170.6390399998054,1.9487699996680021,1.044495864017224,0.08801234021756475,0.9677418068529168,6.459998112842764,51.1986096715649,0.9265156818005378,0.08426298505044494,-0.039856719051261535,15.362408908758205,12.12933999998495,0.16189774126908432,0.03737594287633043,0.014754098360655738,0.4390209067957459,0.41486526903980214,0.38998046765078304,blg-0452
310,3118.6958599998616,1.992129999678582,1.4814010556489468,1.1167424833570163,10.840292833375598,5.760252820207666,38.324713968480566,7.31759486660479,0.7538420953327808,-0.9163616879726513,18.62710440706385,8.995790000073612,0.13988865854692067,0.4154995403599248,0.02258064516129032,118.06392796984083,82.98059569868387,70.0308891508321,blg-0634
521,3169.658389999997,2.0046600000932813,1.0218215114306264,0.03332017740545313,0.24661890256444574,3.0439451740564816,12.05651581740554,0.2413522297114675,0.03260860796785959,-0.053977743079261176,26.153445837283794,2294.821350000333,0.258444261656599,0.018653222935699324,0.0345489443378119,0.11616251350256507,0.09554588049287684,0.08696144933652603,blg-1033
4567,3177.664439999964,0.04780999990180135,1.076445679190704,0.08064990507331778,1.076447947759403,1.1733808770077174,9.133120316344225,1.0000020981724593,0.07492240981888476,-0.05743719111021428,51.04934299996125,2008.770169999916,0.7757554068901295,0.05920100960095256,0.007882636303919423,0.019818522633497804,0.01881004840361011,0.012560687147282914,blg-1255
4584,3177.664439999964,0.047799999825656414,1.032841779860447,0.05177807359275955,0.5793262826223946,4.496287330380114,29.720599716560244,0.5609051534414294,0.050131660144924595,-0.15758018771002957,55.744960352054385,20.874859999865294,0.2736333099040707,0.027623028362226028,0.017233856893542756,0.030784527953177997,0.0297672823507879,0.021029671796573543,blg-1254
474,3156.677469999995,1.9999400000087917,1.503623742198489,0.9647590349082913,6.493801691694472,3.784640481174744,15.283245481533385,4.318767698501509,0.6416226356478414,-1.9080122762324283,33.309973752021854,39.76911000022665,0.09150683053419213,0.43217549399653443,0.0379746835443038,155.65625593847096,131.7806684925083,107.66297363205082,blg-1032
183,971.6585699999705,2.9748599999584258,1.357465808087436,0.6765088503488772,5.248012678653092,4.189284805561075,20.318389354056656,3.866036705106236,0.4983616097987835,-0.5090671990300948,6.855806692293563,13.723859999794513,0.09900256814391879,0.30093887470179714,0.0273224043715847,52.74372688483564,41.51216450090792,25.587357191606554,blg-0959
568,3167.6830299999565,1.9770700000226498,1.2203634925442401,0.3542857692101909,2.6575866754667232,3.718438257050357,16.9940825121659,2.1777008816849484,0.29031167227761917,-0.4395351880212508,26.098632808511645,36.02032999973744,0.16455113102167626,0.1822332457015811,0.03345070422535211,19.442720516319156,13.295855370782926,13.220395233817396,blg-0958
215,972.681559999939,2.1912299999967217,1.0494865163819165,0.061240839856917216,0.39090717353420434,1.6058316526764016,3.708325746297981,0.3724746947270004,0.05835314538819643,-0.048126198512447704,2.975521245676432,203.1417899997905,0.3138786882149052,0.04177563523727945,0.03255813953488372,0.5434744704694933,0.22040652759983267,0.12337872037467645,blg-0107
3695,3177.664439999964,0.04981500003486872,1.0473373756565125,0.14733025917255482,1.681136296000547,7.144068982175273,57.17049318261008,1.6051525697679017,0.1406712499623055,-0.10361500302046478,16.479090752742415,13.200440000277013,0.02508161348081411,0.042157773520718055,0.02165087956698241,0.23510324843618247,0.22858571965392244,0.22536497706257416,blg-0361
4396,3165.658160000108,0.04810999985784292,1.2927582957763095,0.39204345821034636,7.155801444986306,7.047508228402538,93.8826989132083,5.535297211406584,0.30326121786154125,0.09656082265844046,15.69194364791107,2.158830000087619,0.30253872540276455,0.22258597244614955,0.0077343039126478615,1.6169090163656856,0.7636189587604508,0.508929677425811,blg-0360
343,3105.62731000036,1.9698599998373538,1.0182209221809728,0.022982401774137223,0.17324353562755734,1.0478238734659808,4.061263825185224,0.1701433649144094,0.02257113466024529,-0.02111532671353622,11.849594288803136,2940.9412699998356,0.47964820798615737,0.016019231264069306,0.01749271137026239,0.06273995408720155,0.03499191701409078,0.03021695535540481,blg-0106
588,3172.641769999638,1.9862799998372793,1.043475423004967,0.059252092847929885,0.7452884308934289,4.6131962587215165,37.800247055031456,0.7142366818806374,0.05678340953106832,-0.015245771293672217,13.31707951428398,11.961070000194013,0.41212659243496935,0.03452789968876639,0.013605442176870748,0.1538677477826393,0.1536373579989253,0.1526801809398214,blg-0195
319,3031.9803200000897,1.9963299999944866,1.0537281614460448,0.1256206913006481,1.6259424317767497,7.293848946596285,70.46651461746423,1.5430378306631471,0.11921546249281464,-0.09103305317013288,11.292017251451705,5.9917399999685585,0.3122864454931207,0.0479942131576318,0.018808777429467086,1.173826256817511,0.7379152055915855,0.602264087930265,blg-0194
4588,3177.664439999964,0.04779000021517277,1.0145184147611208,0.03082393508631765,0.1775192398894191,3.2220679076584724,9.724406474372914,0.17497882301271947,0.030382824337148413,-0.0731190814000584,27.430298730645436,57.918880000244826,0.016095596966740566,0.01313716473901005,0.054707933740191804,0.04214926170300732,0.03646960878473351,0.03609606620420536,blg-0851
4557,3177.664439999964,0.047839999897405505,1.174841341978153,0.2651601927185478,2.9979168800687113,4.215130030434896,26.640822992005944,2.551763159358439,0.22569872287188497,-0.2329642942435155,24.6658764146219,18.03817000007257,0.26108781061914266,0.1439196098044143,0.019969278033794162,0.9921364207620748,0.9592581844966944,0.9148096945341835,blg-0850
323,2694.7469399999827,1.979130000108853,1.0636939220901693,0.2620275241312827,2.2574385142474975,6.009672507284585,38.360960193601464,2.122263224545813,0.24633733090532536,-0.07779456783801986,12.98397426098526,11.023400000296533,0.03373863132685594,0.061255717343584766,0.02786377708978328,4.028530354942896,3.8984333862140197,3.590426603755756,blg-0269
334,2695.731990000233,1.9974599997512996,1.071345985706581,0.06627446842973439,0.27709674883666124,0.145806414660775,-1.0020703780908444,0.25864356608147737,0.06186093819861121,-0.10325121902032208,14.007638121089702,2362.7206199998036,0.11964744210685999,0.05612295704236181,0.0,1.8627737178265447,0.29238903070502087,0.07445619757555903,blg-0268
317,3165.611320000142,1.9798550002742559,1.1267555283313415,0.2889746223157764,2.217779933411169,4.553331250829457,22.94342258447301,1.9682884689393854,0.2564661210751454,-0.12052292166441703,15.504713544174722,12.141249999869615,0.05501862963803041,0.11714780723126068,0.028391167192429023,8.45895607407109,8.105744605002668,5.9149760633856205,blg-0424
4544,3177.664439999964,0.04773000022396445,1.024802651514009,0.023819614731186586,0.17427914860790683,0.7735103828896409,1.1662709215236067,0.17006117875458354,0.023243123408751,-0.030565341217911435,18.65610335310177,3013.6952999997884,0.2342232871143001,0.018828149019185766,0.015184859154929578,0.05202234989029718,0.0076129582707838315,0.007441896063948155,blg-0642
4574,3177.664439999964,0.04780999990180135,1.078426654608603,0.08605413843594227,1.3190430763733243,0.7650218823169046,8.403686583808792,1.2231180103953097,0.07979600399362732,-0.011177261830033425,18.774066701837466,0.9921499998308718,0.8610205727233622,0.06412395548082622,0.006340183646698732,0.015711533990401347,0.008525246604611498,0.007696837734949519,blg-0643
309,3160.6802600002848,1.9739950001239777,1.1447186550150457,0.29064661621180937,2.475927600387532,4.595633011839932,24.37910628120731,2.1629136276510263,0.25390222514454175,-0.06875237344679275,15.75039315120195,13.98443999979645,0.09716019589987097,0.12306013905920538,0.02912621359223301,7.181157906721158,6.143685786872423,5.414606279882771,blg-0425
3447,3177.664439999964,0.05259000021032989,1.0323284827240427,0.05320839102045839,0.5030254545211932,4.207597305346675,22.60046094703615,0.48727266375632206,0.051542112220554416,-0.2618185849211907,54.693255136728816,36.880220000166446,0.1555518133621467,0.026869398702657726,0.026979982593559618,0.04471503727075556,0.04411318652970368,0.03391940906287699,blg-1222
1692,3175.6225900002755,0.15595000004395843,1.0288202008736935,0.0898761955464963,2.0894801792416557,14.754278464815215,260.18169537383744,2.030947834381315,0.08735850501048356,-0.08869332587864087,31.09220237276506,10.154730000067502,0.11083669371005199,0.024338735646424994,0.0065011820330969266,0.03348033894921837,0.031942944975742696,0.03012722046354858,blg-1044
217,980.6246200003661,2.431150000076741,1.0939830643311943,0.2024038420901744,1.2936753599616648,3.5065968418619033,12.744529855838644,1.1825369060234796,0.18501551517505319,-0.18109896612563325,8.185320378644578,17.045420000329614,0.05435624837999208,0.08902393502902045,0.03686635944700461,4.38761960964242,3.818925588912922,2.870184905837921,blg-1045
4576,3177.664439999964,0.047799999825656414,1.0673997638201194,0.09543537142272422,1.7126986043952686,6.436802227550714,85.57601650736719,1.6045521522509676,0.08940921083500925,-0.13694115007674657,43.12266451247752,11.027789999730885,0.4946730206826191,0.055707604385041576,0.006337412587412587,0.047254175415742145,0.03356934707985127,0.03231216462542365,blg-1223
672,3167.662990000099,1.9142499999143183,1.0619833846309656,0.10761564737184841,1.5466406222760227,7.7598873274291424,85.34519375897692,1.4563698736678208,0.10133458575333408,-0.058468010462130904,14.472571972106993,5.993990000337362,0.2747779572956169,0.05122324173171854,0.008928571428571428,1.4643136089304458,0.5064463133468139,0.4168445326990104,blg-0316
218,982.61791000003,2.192530000116676,1.8854222699806704,3.446308770187889,33.322349425789476,6.746016780095705,50.327794469068444,17.67367967356952,1.827871032808216,-1.1825673414317506,3.278542355867358,8.049420000053942,0.11318456418739431,0.8502351740019084,0.022935779816513763,581.8184072513188,442.5747430381049,390.857824692453,blg-0170
593,3170.6137999999337,1.94706999999471,1.0360374374471915,0.06099915946484364,0.3271105327136422,2.6393368069908743,6.49711898821025,0.3157323449259932,0.058877369360679284,-0.10909903948380029,14.486874117360564,125.97077000001445,0.06156411785371433,0.03136555176738559,0.050590219224283306,1.070264162763598,0.9366448323874229,0.682704082304885,blg-0171
674,3167.662990000099,1.9131599999964237,1.0584138610682383,0.0760736101207709,0.6594227740525613,2.5660212369648807,11.302437181371864,0.6230292252188813,0.07187510689366831,-0.017064376611943377,15.105061471871764,947.2527599995956,0.45883163540677385,0.049640236145675705,0.019287833827893175,0.7931580190441655,0.4575487792756894,0.31813434132117413,blg-0317
3763,3178.627350000199,0.051244999980553985,1.0541330583024997,0.06151295163855479,0.6381888974753002,1.418734779021837,4.219258356812343,0.6054158783795616,0.058354066946795284,-0.05922472554942493,16.798968411370556,135.7818299997598,0.5018202693123529,0.04301758999289818,0.02444857826202498,0.07042371866104337,0.06427455856698608,0.03793495154907055,blg-0384
4553,3178.627350000199,0.04797999979928136,1.033493922637008,0.06469252712777156,2.335941925266132,21.221811956589377,633.7671642450063,2.2602376767765513,0.06259594283510264,-0.0007780423484624599,14.678000869636751,0.12327999994158745,0.3383300632456944,0.026414900076544873,0.003074895673182517,0.011850791856108753,0.007692550623589743,0.005892707382712985,blg-0385
575,3170.6137999999337,1.9497600002214313,1.2386216076402454,0.5079656199399663,5.586367913845983,6.175381913337778,45.30964086550848,4.510148889932042,0.41010556630499856,-1.446731668785294,104.67807354343113,12.96982999984175,0.1541648228941548,0.20399547990877634,0.020869565217391306,17.02035966071905,14.183994904773634,13.73758982962074,blg-1418
1663,3175.6225900002755,0.16160999983549118,1.1621806017440568,0.2071878240383674,2.7048766627045353,3.9281589904652505,32.61832886951383,2.3274150638646356,0.1782750649466141,-0.1215250264743386,22.050178201251494,18.041299999691546,0.5127856067443883,0.12706659863482372,0.007817197835237523,0.2635141102127886,0.21831122802601474,0.174041639495134,blg-0826
594,3170.6137999999337,1.9539199997670949,1.0998940205561918,0.15658513212042693,1.673861112785576,4.8053377307816,32.015609279725304,1.5218385283345361,0.1423638348516587,-0.498799939831579,84.88041257876986,9.029410000424832,0.28270607162533395,0.08082766977769212,0.018518518518518517,1.4403728628050316,1.0886903411911695,1.0671508027337502,blg-1419
1680,3175.6225900002755,0.1582299997098744,1.0833306526147513,0.11490496333110183,1.6367433409135734,4.420240633729833,40.025731146666715,1.5108437316480021,0.10606638148113026,-0.07736567561039398,22.050178201251494,15.837159999646246,0.4682418585769508,0.06755745485881592,0.008928571428571428,0.08588822295700282,0.07479126868861248,0.059371147905671794,blg-0827
669,3167.662990000099,1.9131400000769645,1.1434930040450189,0.2587276206595667,1.5171301998111675,2.8863152673412906,8.295300146363676,1.3267507375881868,0.22626077945534412,-0.28427079818052814,15.952496597447462,112.94374999962747,0.06380343005645851,0.12832210371963235,0.04932735426008968,19.651100297981014,16.413395715160537,11.371210361329224,blg-0078
778,3167.6716799996793,1.09339000005275,1.0384718375019233,0.0693856560818403,0.7255586974926169,5.73260860628254,41.058798272768506,0.6986792171958934,0.06681515367869595,-0.045093980258545496,13.417217251791925,31.98190000001341,0.18775434845392835,0.03149804111645209,0.016709511568123392,0.1737085958322766,0.16376665991277184,0.1623710715863532,blg-0079
605,3170.635919999797,1.9782700000796467,1.0540908218169378,0.07109179932926149,0.5196168007024038,2.629466221012695,9.637104422258114,0.49295258531633335,0.06744371280292843,-0.0692047787929213,13.83428662265042,79.78814999992028,0.26365253780975006,0.04291685082843998,0.03636363636363636,0.971150984011067,0.6036397238438154,0.539357192130407,blg-0139
587,3164.671480000019,1.9777150000445545,1.1639778745009917,0.22279693687498855,1.9399035721628057,3.128948088609882,15.26228538940796,1.666615489859123,0.19140993986368024,-0.4721329450128291,34.52732946674866,29.88187999976799,0.34812108829279637,0.13189326138548899,0.020442930153321975,3.658149804697271,3.4017014077628245,3.25986597673783,blg-1197
522,3170.635919999797,2.024710000026971,1.0886868943278725,0.26844672513047063,2.170784912876407,5.366767695580627,31.41076891028608,1.9939478506142172,0.24657844607417484,-0.9901480907041789,43.168132878822284,38.88919000001624,0.019214142223180995,0.08399827173617519,0.03065134099616858,10.705575648834715,8.446169485644301,7.097441002927551,blg-0138
189,973.7145500001498,2.0442500000353903,1.0599162343941801,0.09014160478785722,0.5921635944978083,3.0369979314063964,10.981235825466648,0.5586890451294794,0.08504596968355718,-0.0766804692681311,10.622979779683728,17.051419999916106,0.2509595704343937,0.04932747122339037,0.042328042328042326,0.4538296963532528,0.3249354347666851,0.28345278882029584,blg-1196
2791,3177.6644200002775,0.05582499993033707,1.0123611557297205,0.09698975133490856,2.845640729920187,19.535621141674298,443.2885999071572,2.810894793528572,0.09580548387096352,-0.11160117555469173,22.900532145891518,11.104100000113249,0.05246301376815903,0.011334501708543108,0.006091006807595844,0.018551870496983335,0.017636942490114854,0.017306316440334767,blg-0791
793,3173.637629999779,1.0837850000243634,1.0296510887871235,0.14093253649099421,2.6696110061850886,14.286785863256702,226.27729001194157,2.5927336059076267,0.13687406992233153,-0.09730471412893893,25.971176297154187,2.847719999961555,0.1426123082905851,0.026262925935039896,0.007566204287515763,0.3897381979595436,0.2990487277709303,0.2857795449297003,blg-0967
785,3173.637629999779,1.0857849998865277,1.073235925227432,0.3613885369816076,2.9673636443479188,6.611939944575538,44.622423160709225,2.76487540805191,0.33672795060205,-1.8985645180566433,89.81511231661128,30.96574000036344,0.010828836591465673,0.07098620660165651,0.02165605095541401,7.33621027183148,7.170411052898443,6.893288124597981,blg-0966
2788,3177.6644200002775,0.05576000036671758,1.0712682539919545,0.1562569071015866,3.6716232818823107,13.20525247029211,228.79929787081008,3.427361199145806,0.1458616038146353,-0.15598260084658966,21.594150837250517,10.020550000015646,0.17818814026823818,0.058220096573360476,0.005738880918220947,0.052896518335303955,0.04632287461528615,0.04622514421948709,blg-0790
569,3170.636880000122,1.9939449997618794,1.0561153793961575,0.09466525662711554,1.7216419187967684,8.433503803905472,122.31559648573938,1.6301645976214125,0.08963533490525233,-0.04732180162489863,12.119659410362305,4.957229999825358,0.5280382342012007,0.047135646559234294,0.008787346221441126,0.3590172245693382,0.3411132109818756,0.3205611315947796,blg-0031
4329,3177.664439999964,0.04808499990031123,1.2225346559141845,0.22666806058812544,2.2425329047048583,0.8329188121216322,3.059859111386146,1.8343307287960964,0.18540828894911382,-0.14539617551198059,13.016692210951899,3147.745159999933,0.7727021801340767,0.17248157662422964,0.007623007623007623,0.7028841264720247,0.2074864111916233,0.19733254021086713,blg-0257
4470,3177.664439999964,0.04789000004529953,1.0281602567997523,0.036372417194527246,0.660267376996268,2.5496226885693574,17.117499106824713,0.6421833232783968,0.03537621358170151,-0.03974528950669698,17.197162739982485,0.0,0.3064444363215596,0.023262903660151123,0.03400447427293065,0.05565249618214348,0.03615497624436858,0.024467809570430123,blg-0256
929,3176.622359999921,1.0223150001838803,1.0089172961151984,0.025241705763722002,0.20955223023884872,5.761727541839236,33.77659193353936,0.20770010482397455,0.025018607184878538,-0.018031354612717765,14.227835208505686,68.87155999988317,0.06468734260829541,0.007747148421403471,0.024757804090419805,0.03939388651385949,0.03803246432798666,0.03667507621562739,blg-0030
100,2978.1568300002255,2.9415799998678267,2.1062442577615035,3.417413060091486,23.916214922907724,5.266168765658876,29.319585883914257,11.354910391436057,1.6225150674111888,-0.06331727377275209,26.61142360854431,2.083070000167936,0.19540587352157396,1.0615902834010291,0.02,481.32123598366337,449.6371585120001,374.1527001666499,blg-0699
1488,3174.6495300000533,0.7786400001496077,1.0684645905102235,0.07607706753682351,0.799523140372998,1.4967791504832433,9.213582388279598,0.7482916513950973,0.07120223496454114,-0.16602923496047994,95.20190900994712,2934.107040000148,0.7187985691625484,0.05407718544862795,0.008064516129032258,0.09714894113352607,0.08590583914168586,0.07822163623353535,blg-1451
771,3172.6320099998266,1.0972300001885742,1.1506346006875672,1.0417375180614588,21.944308841178575,15.511581940480623,280.6471177943202,19.071483368700033,0.9053591021731595,-0.5610109982737967,20.626593023185542,1.0811300002969801,0.19602718549082193,0.14352732046260588,0.009079118028534372,22.27657663865911,21.439200325719934,20.84849593288173,blg-0698
1402,3176.6294700000435,0.8118300000205636,1.0548763038640858,0.22996720801830464,7.950144497509257,28.703906697736375,941.975950029774,7.536565560361595,0.21800395458299623,0.0,0.0,0.0,0.5031769710988728,0.04659079805686511,0.0028530670470756064,0.5897512858000264,0.5453043508678885,0.5106324197276162,blg-1450
294,3057.895459999796,2.041410000063479,1.1649342271009182,0.39526294603996726,2.5737664707055643,4.184914517118339,18.329231334935045,2.209366321922771,0.33930065187510294,-0.9411116458500539,52.64546293477492,23.08113000029698,0.04015233882705728,0.15573393651367198,0.030612244897959183,15.88898300800236,13.72560603910987,10.863194300306002,blg-1105
4296,3178.6271700002253,0.04886999959126115,1.2457638390716346,0.32184691704510165,4.977973689142489,5.170709741358875,52.622504943419614,3.9959208102339496,0.25835307171977073,-1.2713231116402768,74.89201892443916,4.059469999745488,0.4541228210362536,0.19135331070859823,0.00931098696461825,0.42636172599567784,0.3147649754303317,0.305480398647854,blg-1363
4400,3178.6271700002253,0.048290000297129154,1.207982622227066,0.2534759363691358,3.2899077541883983,2.764103628097414,17.828641219560904,2.723472727520134,0.2098340899999708,-1.0002192242088965,69.7868881983229,2588.1284199999645,0.5832836297411899,0.16999096629663912,0.013409090909090909,0.2613800337020749,0.2418178052021069,0.2367180048249549,blg-1362
291,3032.89038000023,2.089020000072196,1.329436801303189,1.0271250181637184,11.793840236105158,9.136023362378468,90.85543625148932,8.871305605374483,0.7726016080123977,-0.6129383521531262,27.09454986539137,2.1462600002996624,0.20527568280798017,0.2805394217314448,0.013745704467353952,28.408776757392282,26.429523049496694,24.732966356946548,blg-1104
219,978.6546200001612,2.0835500000976026,1.021486265950043,0.04753769078637392,0.35141540053003784,4.403929954436186,20.775026630735418,0.34402361422154265,0.04653776747236378,-0.005307410010652713,4.9049224185060565,11.007659999653697,0.10143073726198318,0.019629306510555288,0.0365296803652968,0.11191977934162665,0.10630282277977723,0.09585765126113337,blg-0703
4480,3177.664439999964,0.04792000027373433,1.2428029783012993,0.28933995850030214,2.611812531533778,2.12202028117578,8.9354112424717,2.1015499287652037,0.23281240970926595,-0.20267062090141197,17.81722740874351,1051.785389999859,0.46422316312199086,0.19526195493027165,0.020089285714285716,2.01242796974984,0.9312615721074249,0.9185368368031759,blg-0565
4529,3177.664439999964,0.047855000011622906,1.10994430522068,0.20960924228158498,3.838929521587155,8.596689079580262,107.70272046958026,3.4586685736787577,0.18884662897697738,-0.12669972601974466,18.28740528004192,4.127120000310242,0.12808553625102131,0.09210604871018804,0.01324795760653566,0.9791731409235762,0.2775323723242347,0.2767688664330384,blg-0564
216,978.6399199999869,2.678929999936372,1.059679140673908,0.10336753240815257,0.83924745370465,3.838307368951571,19.602501301911403,0.7919826045184778,0.09754606603556888,-0.09481469368297413,8.004719324975946,3.817910000216216,0.17344758039122035,0.05443860711200583,0.018518518518518517,2.1300457645503363,1.0509622629316628,0.2676427743281276,blg-0702
838,3168.6348600001074,1.0560500002466142,1.0638423454682913,0.10673074449264298,1.6398141110108555,6.709369616915125,70.03637940266611,1.5414070539511733,0.10032571456102754,-0.41983107835864386,104.58399639893898,9.949409999884665,0.29427543303055387,0.05322227483695026,0.013126491646778043,0.5199077650526596,0.40060880631685397,0.29098167852263274,blg-1465
210,979.630029999651,2.8147700000554323,1.284402056213603,0.4111998046028708,2.8428319506260373,2.9129942280746124,10.797392788167707,2.213350496240372,0.32014881898709596,-0.8956958828173684,15.604917621133767,19.982730000279844,0.1779035902767559,0.23658614666999803,0.03333333333333333,24.662287144531298,14.270591263744546,10.290783861530821,blg-1464
165,3119.6824400001206,2.8885249998420477,2.2959680575565806,8.9404770941178,113.20197659865374,11.83514866142367,144.07979529984618,49.30468249897123,3.8939901736666793,-0.5660513592822689,14.543580664098753,0.0,0.7217305028635569,1.2684188099564573,0.006060606060606061,1225.1882422449428,1178.186204639747,1103.5479974406712,blg-0005
810,3170.6686399998143,1.063649999909103,1.0247481859505576,0.030334921634231585,0.24661890256444574,2.281582608709897,8.559608252776645,0.2406629292337341,0.029602317675800228,-0.040800818962682284,13.769192873418387,174.6303100003861,0.3630238049452223,0.019403692225506294,0.027160493827160494,0.10929339024526596,0.06915083313579634,0.06812115528741115,blg-0263
1416,3176.6294700000435,0.8158899997361004,1.0231296760143085,0.041774475082410514,0.33475108627227157,4.197964911304828,20.973315740498112,0.3271834361256038,0.04083008796777919,-0.07611614666343391,17.072254952991,81.97501999977976,0.044575799436293626,0.020395447569695174,0.02824858757062147,0.48537035092047787,0.24370322079788867,0.16550486298543446,blg-0262
326,3143.676969999913,1.9848499996587634,1.0350545906280058,0.04316226391999408,0.2415394156016223,1.7950969172535371,3.8515789685276793,0.233359105360308,0.041700470577886374,-0.045059250574242427,12.988595052626998,348.9907400002703,0.12478455950498502,0.02781021895216453,0.046012269938650305,0.5064608022955157,0.14393687808675004,0.08677545779371965,blg-0004
4447,3178.6243300000206,0.04839499993249774,1.0450307809788537,0.1064797583926863,0.6322026739560488,3.4820996541971727,11.60741770153668,0.6049608101631921,0.10189150340053561,-0.2262074406640744,28.4927704455638,44.90207999991253,0.015894354444022603,0.04197256921739301,0.05037103665392399,0.48290603580956765,0.43875814795026097,0.36492217077597017,blg-0737
226,3088.777170000132,3.886930000036955,1.1181936748249899,0.31533586976233396,3.2332212740949324,7.52602568838196,63.510728041623764,2.8914680148644987,0.28200469564598524,-0.11673595654658642,15.357089911154326,3.983039999846369,0.21755090756531995,0.10192999112536148,0.017699115044247787,4.951239697184398,4.9276681775900455,4.826717940044036,blg-0551
321,3154.619399999734,2.0373549999203533,1.8116181871515515,1.9793829012120676,15.780667634514378,4.732728549836289,24.782721004295265,8.710813161032872,1.0926048901055954,-0.9453196223980265,18.4930298592592,13.062359999865294,0.051655422619879064,0.7473790332106639,0.024922118380062305,422.88970980366594,385.51105339611655,321.7879689169446,blg-0550
4468,3178.6243300000206,0.04804000025615096,1.0879812340498258,0.12333518840594736,1.4759037200733052,4.73832627525244,35.04210315776029,1.3565525399863547,0.11336150239764523,0.008654150112608505,20.373799992623727,8.24042999977246,0.0974792005341346,0.06919361621035429,0.01611459265890779,0.29407056463842063,0.20652176543406092,0.1917767030621789,blg-0736
784,3176.6112999999896,1.0874299998395145,1.112812650490002,0.15025385208689088,1.215301283705979,2.6745477928290184,10.298387074623701,1.0920987214243667,0.13502169540444478,-0.29283157838493024,42.60648628127291,98.87189000006765,0.315664576571488,0.09163294968855829,0.030612244897959183,2.109068800773629,1.9532787520733137,1.87103144347847,blg-1131
4262,3178.6241599996574,0.04870999976992607,1.2883127588944823,0.41597907690034436,4.385974676911934,4.434022347212655,29.216258933498622,3.404433133636947,0.32288671426993726,-2.5205226639329084,85.02221738802902,32.071490000002086,0.2847201330133925,0.22944506018050906,0.01712810886907555,2.3342577135459854,1.7545834480906852,1.725297478904195,blg-1357
4245,3178.6241599996574,0.04875499987974763,1.045218988939803,0.07515977092647737,2.7564225065967984,16.196368107382835,471.70094983715694,2.637172218829471,0.07190815609237317,-0.3606604550500516,117.23043857791214,7.098000000230968,0.40658510189145625,0.036458972642655275,0.005182567726737338,0.011888703563196426,0.01154954730710709,0.010660810525004363,blg-1356
816,3171.6341200000606,1.0481699998490512,1.2195197682471781,0.24578921823380673,3.4462005368160473,3.3572002399961876,30.674351342014454,2.8258668684892414,0.20154590570649114,-0.16040922133854618,27.339907601694556,5.906539999879897,0.6496303165409528,0.1636850007136448,0.00857843137254902,0.9343704743599509,0.8102191423190578,0.7895164646229188,blg-1130
401,3154.6633599996567,2.103859999915585,1.6073903369239209,1.18150349304393,8.813158215166279,4.515757371017544,23.17288921337771,5.482898557921608,0.7350445368201851,-1.4947860826003805,25.094720956469747,12.984930000267923,0.09012753550828191,0.5317591425115231,0.02743142144638404,191.01860824178053,137.87313364160465,113.2564699469238,blg-0953
1534,3176.6691200002097,0.7902100002393126,1.0120306503300915,0.021149709627287988,0.1820424427742009,3.624464429818702,15.874895128211207,0.17987838699948536,0.020898289405964877,-0.06687631551772033,45.759284120433115,92.7491199998185,0.1155104610683299,0.010565074387103437,0.037157757496740544,0.06412311026177277,0.06144684262794142,0.060222618404984954,blg-0952
211,3142.702169999946,2.896815000101924,1.1399053575878897,0.23832384993982297,1.674260809814926,3.367368801741845,13.462195406596422,1.4687717572185537,0.20907336408471433,-0.10957436026441325,15.913834065662545,28.18186999997124,0.13654806624380095,0.12591597498419177,0.03317535545023697,6.265662912814462,4.099544396819889,3.688761132621631,blg-0459
319,3141.675919999834,1.988490000134334,1.0190426089452964,0.03283690179113045,0.23748835091439424,3.916274253210401,17.774391176989695,0.2330504598131464,0.032223286034019326,-0.01614296441307439,15.04625352504708,18.96640000026673,0.1413760908803481,0.015786700740262834,0.03134796238244514,0.075784149485887,0.07492947464008574,0.06985217220606006,blg-0458
2791,3177.6644200002775,0.05579999997280538,1.0412326643234568,0.057953510155699654,1.0097725589834936,6.769416208744065,82.4757285521142,0.969785701010195,0.055658558922341804,-0.06892436742387709,11.935039744359916,30.918579999823123,0.4239424024580196,0.03226920978518686,0.00680759584378359,0.006536627855559044,0.0063597611827859845,0.006118214010227669,blg-0097
589,3172.641769999638,1.980615000007674,1.0648278295624258,0.1014534975727134,0.6479276742414852,2.483401525172545,6.720121804165094,0.6084811555149994,0.09527690186462828,-0.25014688872891466,35.965768252954675,84.85737999994308,0.12942396904570047,0.05778276675138319,0.03225806451612903,2.5837775895219726,2.4288908006505525,1.932697135912687,blg-1039
221,977.6997699998319,2.089045000029728,1.124945984429806,0.25070497819070564,2.2776092759476896,4.546757448552806,25.19189537507486,2.024638771305752,0.22285956786554795,-0.17487807116803467,3.045431024365688,17.95308000035584,0.1929072331765776,0.10788251066524146,0.03167420814479638,5.710422269232254,3.2558700578709496,2.636566715553202,blg-0096
325,3031.9803200000897,1.9945549999829382,1.0678470655813588,0.28281445408203626,2.4250698944938667,6.269642253483562,40.46488195218225,2.2709898729400058,0.26484546387699387,-0.5344105998386195,53.11510027199479,18.852119999937713,0.05712349277472631,0.06553460204139652,0.024615384615384615,4.242237547818248,4.136254390506975,3.8416757305355707,blg-1038
216,972.6472099996172,2.07717000041157,1.200049779125942,0.6768863212198212,9.756081036026652,12.587171280572031,171.00825060140238,8.129730219887383,0.564048531447043,-0.3170951001167557,9.814917879147565,0.0,0.6725559460027257,0.16075157207739565,0.004629629629629629,11.010660870610753,6.568619596580199,6.097963041458522,blg-1178
218,978.6751799997874,2.1145099997520447,1.0227966100186148,0.02861760352860968,0.14464794629267086,1.5495347216351871,2.4643246647234607,0.14142395805926528,0.027979759581224315,-0.032204622980301245,17.84051342180023,958.6863899999298,0.22680206410584083,0.019393015431669033,0.03669724770642202,0.11160497251437007,0.0892158565227505,0.034401311735646756,blg-1179
4551,3178.6241599996574,0.04805000009946525,1.1828263492260382,0.2493173385519452,2.0324843327224924,2.690346011964683,10.37538708141064,1.7183285753391673,0.21078101329689816,-0.22987301451525433,17.079010578584672,154.75895000016317,0.2976803139219757,0.1512693454244083,0.02944407822456603,1.2876953222396168,1.1427519751022226,1.0857889575185038,blg-0518
4574,3178.6241599996574,0.048020000103861094,1.019901781783117,0.03236725276159752,0.32562502885380185,2.880417994650579,9.73336415497596,0.319270964594056,0.031735656337076465,-0.10192429505854927,28.723476886496016,54.15252000000328,0.07765644640217273,0.017191655266823862,0.043288150415391344,0.05271943787314381,0.04696661192968173,0.03094414273684532,blg-0988
4563,3178.6241599996574,0.04803499998524785,1.1151276198267732,0.13173189535987262,1.3204301731881882,1.3122407430019742,5.681306818892152,1.1841067675753916,0.11813167554671405,-0.06521963275452558,17.29115422217353,2512.0977499997243,0.5769389329584118,0.09273707221956026,0.015998246767477537,0.3835035077779123,0.1831561530258805,0.10709176218887895,blg-0519
3955,3178.6241599996574,0.04971499997191131,1.3144131202415172,0.5213760356358454,5.124072180833923,4.908721528607747,30.99570922572002,3.898372637142174,0.3966607025144713,-0.5032351990245174,27.688109387283255,9.09144000010565,0.17733674710940764,0.2564300427001892,0.019469026548672566,3.3342689158299232,3.0312885293255785,3.0172189049875304,blg-0989
650,3167.662990000099,1.9303599996492267,1.2800764702834848,0.3731019450315999,2.557207823662921,2.157830168982832,5.521283499854562,1.9976992492640782,0.29146847924975,-1.03251760821624,55.66160371603226,99.69395999982953,0.2518485073735748,0.22861278109023703,0.03538461538461538,30.060655195462626,23.83085863911244,22.319807641054656,blg-1284
583,3166.7080299998634,1.9856200001668185,1.120542182005101,0.8793118241787081,16.948655258398524,15.958582001544185,273.2290319845446,15.125405700315987,0.7847199600804549,-1.326482919584226,56.607607260118336,1.9383600000292063,0.3496258646274427,0.11081918630512813,0.005145797598627788,16.201079871731544,16.15408500777398,15.74513958604475,blg-1285
214,979.6301299999468,2.7752699996344745,1.2645300029437794,0.40340594065352614,2.2778766249348092,2.298855957471221,5.4489148713207705,1.8013622465409076,0.3190165014070421,-0.12130283135800579,4.082562009578334,42.96250999998301,0.1375270292935427,0.23948935481537603,0.0514018691588785,24.76904331635931,21.018171067379665,11.708584467998731,blg-0482
219,982.61791000003,2.119704999960959,1.1351281790983545,0.18989376781378775,1.1187475342850333,2.166628649920992,5.090972910608876,0.9855693348375636,0.16728839054258937,-0.13921811629921188,5.55870854897252,47.666230000089854,0.16523135663123373,0.11443836690658102,0.045662100456621,4.37497603776317,3.3978065798340693,2.604290664816781,blg-0812
1679,3175.6225900002755,0.15905999997630715,1.1430230465383246,0.1648337492094468,2.6897345514685833,2.702970209391762,27.10937356328797,2.3531761114377825,0.14420859515174622,-0.03489572946343511,15.734647428960049,4.164880000054836,0.7870462277817137,0.11493400177201056,0.007742703990470518,0.06844350489584121,0.05607671511650223,0.051061388245367094,blg-0483
581,3170.6137999999337,1.9553900000173599,1.1335251090134355,0.1615929401159085,1.1775010166610511,1.5104294024910094,5.200416317790465,1.0387956975191606,0.14255788196079064,-0.16992877363726522,19.911903005237285,2746.804119999986,0.5501905275857129,0.11239270238631825,0.022375215146299483,1.704298012700709,1.5409628550032979,1.4594662243668348,blg-0813
315,3162.647530000191,1.9840949999634176,1.0667678261877664,0.11235039252376039,0.8499347777546046,3.7122447318757676,16.70973950290883,0.796738286365998,0.10531850390733483,-0.1372014858384123,36.68659241673262,17.029949999880046,0.18614543345403348,0.05717927506742633,0.031746031746031744,0.8806340369569283,0.8249034904407578,0.6623259694251127,blg-1216
4456,3178.6241599996574,0.048220000229775906,1.2401119979625177,0.43371302616424434,4.790522015892822,5.371999493143771,37.90998514772717,3.862975267664383,0.34973697809508936,-0.692384983243268,31.166302544702567,13.10247000027448,0.16295551552653523,0.20343628755671203,0.018850987432675045,3.142147795317081,2.509179684957079,2.440026702762609,blg-1070
4567,3178.6241599996574,0.04804999986663461,1.0928707382046496,0.17001198514541016,2.154732841909434,5.4807223555359705,42.3413101374854,1.9716264210101644,0.15556458567923342,-0.2600768697085025,36.4747647309168,16.941959999967366,0.14072956999039457,0.07878341721730296,0.024304795270418216,0.6226845207925793,0.5048376796901138,0.41205539670558067,blg-1071
347,3126.7114399997517,1.9499250000808388,1.5619156934816776,0.9111229854980353,6.427098905272044,3.2441866986467387,13.078588297284089,4.114882058580595,0.5833368494004154,0.0,0.0,69.90305999992415,0.04108704402577692,0.4922469432400068,0.02881844380403458,121.352596032527,74.86137635978127,55.325719566636984,blg-1217
4534,3178.627350000199,0.04804999986663461,1.1900585161054549,0.19399032258056,3.1090373828045577,0.9849908762550181,7.494179105586255,2.612507968813171,0.16300906075216834,0.005323899599204651,47.17456041832082,69.93385999975726,0.5612542374788901,0.14467925177914395,0.008160564622849581,0.7868800562498816,0.2682977186167263,0.17550410140770492,blg-0880
2493,3174.6680899998173,0.060520000057294965,1.0208992391407312,0.05476382746715692,1.0052920447633498,11.604138570711045,161.39106527710615,0.9847122971336127,0.05364273459232186,-0.06888275489017937,16.75372240720783,21.90893999999389,0.10469376448911817,0.017528604738373737,0.00842358604091456,0.010528359634138826,0.009286233904048357,0.00893987110421257,blg-0410
271,3056.953690000344,2.917935000034049,1.1038447746971942,0.13341386296860588,0.9821403386221045,2.0437426234398246,7.862472648093432,0.889744964362471,0.1208628829144705,-0.10518757954399072,16.09620735744761,2424.1278999997303,0.3284631444538815,0.08511546735310983,0.02214022140221402,2.1394957046896423,1.8615564187354987,1.2525877825511278,blg-0676
290,3032.89038000023,2.0664200000464916,1.3921459352590337,0.44180872947719274,2.265404648547454,1.0856273906316818,0.5820830007239111,1.6272752553439611,0.3173580550098045,-0.546688171040167,23.47554136648668,132.71352000022307,0.1262461160221995,0.3333432714765404,0.013793103448275862,62.61312155617269,23.274036641870396,5.818891625491586,blg-0677
2898,3171.6356800002977,0.0600399998947978,1.048274141190419,0.08861732154369296,0.71993264338223,3.8647879736559947,16.34550147737359,0.6867789714786683,0.08453639865397733,-0.12554208241957387,26.90833680222215,30.243069999851286,0.08827398786900736,0.04087671222862411,0.036231884057971016,0.18632847144014286,0.15612704916243847,0.14868120488883177,blg-0881
802,3166.6487000002526,1.0816100002266467,1.0608374101226878,0.25541637148666835,2.635960922073153,6.721075981644694,49.399961776827894,2.4847925535736657,0.24076862923738962,-0.3313314627352788,19.99306488926978,19.886229999829084,0.01232592656045841,0.057237359906395564,0.02369077306733167,4.307972021763515,4.244492287340454,4.102071343893245,blg-0411
218,977.6997699998319,2.129240000154823,1.2381166481227666,0.32156936123632224,1.6366703952584472,1.7480569339693999,2.8583273583942717,1.321903218506056,0.25972460601885927,-0.3014516076921121,3.471311819556824,88.03297000005841,0.14273730949432473,0.20542962809200183,0.045871559633027525,15.250682190346385,10.212352106690771,5.146447448371805,blg-0322
190,987.6579500003718,2.888859999831766,1.2105976280894877,0.2751616467845484,1.5656786079948741,2.1701479294613812,5.561694410473494,1.293310476357578,0.22729405553673185,-0.23027800787136532,2.98780033214163,49.87410999974236,0.2608044550468728,0.17331609326945627,0.031578947368421054,9.04399959348006,5.485278385129972,4.052359850414823,blg-0144
238,987.6579500003718,2.060449999757111,1.2472509451324172,0.43896848706954333,1.8345709240892312,2.071304435309975,3.46764092217811,1.4708915768234148,0.35194880810729806,-0.37195502568985206,4.848333067952123,43.90737999975681,0.003759900618284223,0.24454258929854766,0.058823529411764705,46.99601080856164,25.714817645638586,10.869559781480262,blg-0145
216,972.681559999939,2.1237099999561906,1.1538819601093486,0.21832737690678383,2.470007933696335,5.238891312112714,43.09159389716883,2.1406070964626154,0.18921118672657122,-0.01170448624008058,3.728195820354291,9.93428000016138,0.3907624357737879,0.11553708826191532,0.018518518518518517,1.9959276559635126,1.4885504404780234,1.2830640255876982,blg-0323
2813,3178.625650000293,0.055610000155866146,1.0417924665987697,0.12631057943866741,2.4384099139350517,12.342105784631093,178.32226969240335,2.340590826587595,0.12124351276853576,-0.4871065740634808,69.85200372295503,3.079820000100881,0.107195302659295,0.035333303708111566,0.008176324209029506,0.04665177638529569,0.04418974126584787,0.04401937721295346,blg-1369
2809,3178.625650000293,0.055610000155866146,1.026378506445575,0.033112147272397224,0.3319742880680705,2.3177005391934453,11.007368922946348,0.3234423584953065,0.032261146099459535,-0.1578642325659798,71.21172110559759,3072.5691599999554,0.5041686382426437,0.021444239601556676,0.018511925952296192,0.006449808549748014,0.004883633236615498,0.004691880565397396,blg-1368
775,3167.6297999997623,1.095109999878332,1.1934550682489726,0.43209230981635255,7.473756195348711,9.605368124798499,127.08364404191809,6.262285302195156,0.36205159095750367,-0.22483085293525384,19.753882470043855,1.1198700000531971,0.21943150207789336,0.16747462461358648,0.012903225806451613,6.6041660686859585,5.888687576974666,5.473383283126492,blg-0709
621,3160.6520400000736,1.106469999998808,1.3534100785350442,1.008560309156881,19.518461124457662,14.52858563296842,245.23747314946294,14.421690284269124,0.7451993432741182,-0.18509344838725816,19.692396542205138,1.1008000001311302,0.39377187661350055,0.29998594320642463,0.00644122383252818,16.65075797909501,15.5607264708496,12.819779333451047,blg-0708
462,3159.7001000000164,2.0138099999167025,1.0183008334704102,0.04556524686298788,0.38850265410425855,5.5697425534017135,34.625667532568244,0.3815205070244525,0.044746350899307605,-0.1241212891729242,49.259698688534385,31.87354000005871,0.07522203833026664,0.015943558031208827,0.021645021645021644,0.196399682096647,0.17826896091578115,0.1773850959537642,blg-1095
1499,3174.6495300000533,0.7780050002038479,1.0081018312037842,0.02360016042849742,0.5156056116488008,12.400969379470526,191.7242952582408,0.5114618291274136,0.023410492337079994,-0.021096956908010833,37.74097256598564,16.729640000034124,0.11847605716086868,0.006768508350814557,0.01000667111407605,0.01695794229431774,0.014844785388995384,0.013872829180295363,blg-1094
131,927.6357099995948,2.8788499999791384,1.4279507824353368,0.5359349163924159,2.498064186200744,1.4736507524908493,1.5321856426703162,1.7494049510910343,0.3753174963952304,-0.21106046138450751,6.6851849069515215,70.81845999974757,0.20315522810104056,0.3720326232219655,0.030534351145038167,46.55103275138447,22.08528133573513,13.950610127978827,blg-0693
3560,3164.6983700003475,0.0519599998369813,1.3545159573331274,0.4015932194069781,4.189784866059582,2.047415562415498,8.820581454056349,3.0931971029538654,0.2964846698689459,-0.33675927893491675,24.179668847044464,712.988430000376,0.4908488292346394,0.28136238378136125,0.016292134831460674,2.857528772602098,1.2945195365042483,0.9661863152693968,blg-0865
4588,3178.6271700002253,0.047999999951571226,1.0620486790772798,0.08884332593419962,1.26242369648666,5.05549057747408,45.053892360475785,1.1886683816572179,0.08365278056261971,-0.07194701094404121,22.224577610720306,5.200159999541938,0.28067338851540485,0.05142948889139329,0.011333914559721011,0.10068468745143214,0.07711307084557875,0.0643709717385337,blg-0864
255,3138.670229999814,3.0217199998442084,1.0983470418386672,0.29075748618418085,1.7914084535994101,4.238705803378298,17.534581103991787,1.6310040169912932,0.26472278110770525,-0.26581316383787623,32.39182815028061,19.90309999976307,0.03032241450944936,0.09342421210942188,0.0392156862745098,9.93923746022848,9.07849424635373,7.62331485017099,blg-0692
4020,3178.627350000199,0.049929999746382236,1.0907276598625555,0.2691914743334813,2.546989804757887,6.0821304475982645,39.846637900557674,2.3351289924448673,0.24679989494298113,-0.6627231243691203,32.45984810318704,13.306080000009388,0.020173178971013624,0.08198523022988148,0.02263681592039801,1.3386555565226546,1.1778504021006437,1.1674519421321927,blg-1007
927,3176.622359999921,1.0224349999334663,1.0230136658216742,0.027709773504630983,0.2848175030385244,2.046633154716201,10.658157798825476,0.27841025957914184,0.027086415518712176,-0.05203586811157135,45.78883031747322,60.14870999986306,0.587416172359759,0.018600325157086577,0.015102481121898598,0.0299000499469234,0.027239972992374815,0.023097809638346303,blg-1261
4575,3177.664439999964,0.04780499986372888,1.1073134331882823,0.1271347011635765,1.3815967779918021,2.0384575012534887,10.577002139245975,1.2477016209735314,0.11481365276079207,-0.27040713985530074,46.44417799396794,2995.7990100001916,0.5656160479286635,0.08590877747677232,0.013989071038251366,0.16628070939544676,0.11897680546619324,0.10504589237529832,blg-1260
2629,3169.64057999989,0.06405499996617436,1.3712398493698015,0.539840772560424,6.596414200454632,5.380803792575497,44.390750412040916,4.810547298038895,0.3936880691380468,-0.31581515890461853,30.423480301240918,3.8706300002522767,0.29191837515802516,0.29587845535223817,0.012171928489920122,2.1089349544867093,1.9820340868258308,1.4936415221647674,blg-1006
158,979.6451000003144,2.811459999997169,1.896149180877385,2.7069770958765766,28.91827074287157,7.618970327297891,69.32840329453688,15.251052439333915,1.4276182005615319,-0.3232604055570356,4.670093318702562,0.0,0.303055686869479,0.7789444487727017,0.0189873417721519,332.6371975674242,317.97767439880107,280.47909882818243,blg-0601
4556,3178.6271700002253,0.04805999994277954,1.0720400567932329,0.08989679965066875,1.2895432667676112,3.859283098464129,35.37079813703517,1.2028871930365348,0.0838558207246627,0.00317497582405335,15.752823752911922,71.0902200001292,0.5286245639834806,0.056799543775672735,0.006804214223002634,0.03573185005031395,0.0278180694157071,0.026246766719913037,blg-0467
4572,3178.6271700002253,0.04809999978169799,1.1438738954816556,0.18145869083687427,3.0129514596226556,4.396582636993822,46.801604468346596,2.633989153161056,0.15863522191326387,-0.09542325034206844,15.853538087827285,2.170559999998659,0.4533745420854952,0.11387409883374836,0.008967629046369203,0.7940103884392263,0.19174104303354805,0.18821954271731595,blg-0466
223,974.6337600001134,2.130665000062436,1.1900958582733792,0.4515624540686234,2.423413999922321,3.4582845804089586,11.510537560452054,2.0363183038676294,0.3794336793419521,-0.27753143567582517,5.595306558753062,19.790359999984503,0.016932598142691452,0.18016850123426498,0.04932735426008968,23.941485731245592,19.480300429735937,13.634989407922083,blg-0600
862,3169.626000000164,1.0320900003425777,1.1787852798598584,0.3334120793690968,3.886202986367509,6.136260681125512,52.00251792293271,3.296786123645576,0.2828437733632857,-0.4404987125054458,11.798977704895036,31.916489999741316,0.26534363065601085,0.15524621911744838,0.013921113689095127,7.58494619717038,7.382652841397858,5.2364255439352885,blg-0133
4586,3177.664439999964,0.04777999967336655,1.0339477307437344,0.03561442524698361,0.3829339600446522,0.7036967428806443,3.328030802428315,0.3703610394943191,0.03444509218750806,-0.015615570668871648,13.79740497383409,3133.6388499997556,0.5011348018739236,0.026867795182072766,0.009594417793283908,0.021989842693590687,0.006510267805140342,0.004818839535814853,blg-0355
4566,3177.6644200002775,0.04793999996036291,1.199257824884205,0.23503871354406153,1.6405084504889347,1.2574364082654217,1.536088475636653,1.3679364043073647,0.19598680676266406,-0.4232295231269896,15.492865614393311,3073.8413700000383,0.3427691670157795,0.16764063929053225,0.0173017958826106,2.501065673426976,2.1655335494802648,1.1855873975441453,blg-0354
882,3169.626000000164,1.0336599997244775,1.015560422380352,0.04707901780073666,0.5418111590209835,8.134319307997414,72.50053874377598,0.5335095202075204,0.04635767237444362,-0.033324409458150406,12.920503578829004,19.94357999972999,0.0546009381939829,0.013578860603401254,0.01473922902494331,0.08246946605186854,0.07950805348810853,0.0792675389449545,blg-0132
798,3175.6324700000696,1.069179999642074,1.0092819008540586,0.02144708534220092,0.3103976025118209,8.30658979077348,86.44505110057355,0.30754301565670705,0.02124984616444013,-0.1131778973468005,121.06525053666408,18.02741999970749,0.1084247360279011,0.007792414432864174,0.016290726817042606,0.03322968398577667,0.015588390328624793,0.01403825560353789,blg-1412
397,3163.6223900001496,1.9655249998904765,1.2022641961326004,0.3387947082064208,3.2152959570828625,4.380881380946941,25.32666139104664,2.674367198725569,0.2817972176816636,0.0,0.0,29.978209999855608,0.18959073975173396,0.17024346488731854,0.030226700251889168,7.106623844154811,6.4131910934161755,6.374751800903466,blg-1413
784,3167.659250000026,1.0806399998255074,1.1889681724789574,0.4393587814061443,2.3247653362533693,3.1154878205560483,9.009766344650542,1.955279687473482,0.369529469232807,-1.5282766376833592,33.4209508101415,114.92934999987483,0.011170045933919136,0.17737379416835483,0.05229591836734694,37.160930900561965,31.92016089464272,25.268071618712202,blg-0214
1499,3174.6495300000533,0.779575000051409,1.007105431705713,0.020916350834016578,0.32924393162979304,11.511802101140423,146.13025084605022,0.3269210134265183,0.020768779482107654,-0.013975670745303814,12.94326729968259,20.015290000010282,0.0807696928776159,0.005539886146946308,0.008005336891260841,0.010878553936576645,0.010785079195244535,0.010234087089267692,blg-0072
1496,3174.6495300000533,0.7791200000792742,1.0770223955761273,0.1015295625657444,1.6410761206656534,4.62120538309687,47.01301558280176,1.523715859734412,0.09426875619308366,-0.08065535614689368,12.585643357541066,25.931280000135303,0.5417042428707715,0.062356652191786315,0.0066844919786096255,0.22334310918638867,0.2062634786673274,0.19794535144092723,blg-0073
709,3167.659250000026,1.1377899998333305,1.2158705094399913,0.2856381117826001,2.7847040282907027,3.546400492771218,21.165117618792266,2.2902965272760203,0.23492477793948,-0.15650361040201433,13.41634640865318,20.921020000241697,0.36082330264475604,0.17275469594862844,0.015514809590973202,4.6725119458253195,3.066798810039753,1.8534730697236736,blg-0215
762,3171.63917999994,1.0916499998420477,1.1759615103932402,0.19949889524327238,2.107317328492386,1.7178131605682638,11.508651028151798,1.791995139252262,0.16964746871696976,0.061171511395385236,15.892275101022008,2391.293469999917,0.48617863116772125,0.13658801031165052,0.007874015748031496,1.6529573951722014,1.5321616668450828,1.5008602718522392,blg-0526
4557,3178.627350000199,0.04798999987542629,1.02188979041445,0.06624810212912903,0.5258268404279942,4.954040898698664,25.830838374269447,0.5145631556501822,0.06482900808116555,-0.07996342535478629,22.771200090324296,24.01211000001058,0.008459979677036359,0.020409624473882254,0.031819179284617076,0.11141087695345238,0.10930194403015085,0.10487513001905027,blg-0740
4499,3178.627350000199,0.047950000036507845,1.1893787144004493,0.3207383872494518,1.9946727340340675,2.3567125913038116,4.8438783187657,1.67707114068276,0.2696688453134488,-0.8609700242184304,43.173848705647174,98.86275999993086,0.05451848099391828,0.17115718065495672,0.05156701489219827,6.323747029246316,5.154431610632638,3.4702854242969248,blg-0741
4475,3178.6243300000206,0.04816000000573695,1.165058628316665,0.1722743417458014,1.5047346966761783,0.7170482601921492,2.5850784925255024,1.2915527572503083,0.14786752879212325,-0.07467190677448388,16.693394456355396,3069.7638100003824,0.7695581791394851,0.1283084598338074,0.012067039106145252,0.27338620654936646,0.08130375028886364,0.07413102099783898,blg-0527
4554,3178.627350000199,0.047980000264942646,1.0456213048867287,0.05814864754096544,0.9567759324363059,3.8552235865022113,39.042356173600126,0.9150310143973611,0.05561157439418174,-0.14016364778481094,50.28140869693155,9.179250000044703,0.5423255470073195,0.037483368652525065,0.007685551163812033,0.01703764865318552,0.013602146932376198,0.011799644487761518,blg-1320
869,3176.622359999921,1.0252549997530878,1.2526422346129322,0.3487217252639194,3.808992688643996,4.665120237178169,34.29820576665654,3.0407665915985285,0.2783889229056576,-0.22721175170383567,35.204216048933475,17.27203999971971,0.3352055351836571,0.19791376905433303,0.012658227848101266,3.8148624057700173,3.6539094207981506,3.4224943332106776,blg-1146
4356,3178.6241599996574,0.0484400000423193,1.2603616563091848,0.27375710825659594,2.0292637302173335,0.8028831786018458,1.5497874480071872,1.6100646222919366,0.2172052003598778,-0.3035665199608468,33.57262583292369,3142.7422799998894,0.5628161308467177,0.207390973602137,0.015610651974288337,2.5093842711393837,1.0717421833254723,0.4879959216707216,blg-1147
4554,3178.627350000199,0.04798999987542629,1.109310346944574,0.1490922228561848,2.6595077661631414,5.388259742265112,61.310537780375526,2.397442473617888,0.13440082112533103,-0.3301503291302703,51.08622238163619,8.136299999896437,0.44752979694011674,0.08739617898977602,0.00922266139657444,0.1003003267584712,0.08484285270822377,0.08074281778227757,blg-1321
4585,3177.664439999964,0.04780999990180135,1.086620944653634,0.4400243837907833,4.810848647739216,7.73190988080839,66.37278110057255,4.427347574272299,0.40494744915999104,-1.7680645741734522,59.13218820479599,18.01953999977559,0.0030829745399041024,0.08497289752542482,0.021592148309705562,2.8185287342566694,2.6640031431195688,2.4751187930357066,blg-0924
4518,3177.664439999964,0.04785999981686473,1.1953349593657971,0.20562756175424265,1.9399517043252492,0.7817252537665951,3.6795300443329397,1.6229356239402246,0.17202505324791212,-0.05620625503558219,27.362613874995237,3083.7441899999976,0.3179427470599373,0.14845712733151278,0.017485613103142984,1.366476889732577,0.4849777652662701,0.424122492039351,blg-0925
322,3125.6887300000526,1.9494900000281632,1.0124873817097642,0.031232354473646844,0.23858454733577728,4.8717517873611085,25.64254738500179,0.23564199346017045,0.03084715397878238,0.0,0.0,68.78958999970928,0.03718547888281718,0.011609148182523052,0.031055900621118012,0.07048246624280034,0.06878769132902497,0.052319137338122414,blg-1480
4587,3178.6271700002253,0.0479950001463294,1.0417373805473593,0.056515156827664004,0.5644355017609779,2.9015802130762243,14.868601930054922,0.5418212947741148,0.05425086719597277,-0.037734741226211455,19.830664774047804,72.79463999997824,0.3461083416608768,0.034336025248153525,0.02158273381294964,0.048329902224126225,0.04058969678329178,0.039106155473582524,blg-0648
326,3144.6437600003555,1.9816900002770126,1.019243264290409,0.03764276471579491,0.47895660818871544,7.23431264867556,68.08470869219107,0.46991392562503015,0.0369320707482731,0.0,0.0,15.954600000288337,0.21442791382960855,0.016124585947116053,0.012269938650306749,0.03216781247010122,0.03173432819889618,0.028777502585059504,blg-1481
4250,3178.6271700002253,0.048990000039339066,1.1739510422988257,0.270853562294055,5.082222016032436,7.1692356755260915,83.33524615984027,4.329160066836221,0.23071963840713014,0.04305041682677446,18.296899560137778,3.0285299997776747,0.1842147148456912,0.13880402152677568,0.010588235294117647,0.6914668473111927,0.5639162643066238,0.5244225375757234,blg-0649
3984,3178.6271700002253,0.049980000127106905,1.3165721316532735,0.4511322045002285,7.910967733730766,6.4542264546972135,75.84778834362598,6.00876130023277,0.3426566537658342,-0.7804131779346115,42.10457658534683,1.9164900002069771,0.4060568618896399,0.25538068154467425,0.00853413654618474,0.8323538133967572,0.7293246070826441,0.7271758330104637,blg-1228
4547,3177.6644200002775,0.047925000078976154,1.1889234763646874,0.3017512817430284,4.424064062973471,5.640738927512672,50.03039237019147,3.7210670944862176,0.25380210350262183,-0.23892248376473213,14.368358286021794,18.119760000146925,0.26761199514894035,0.15691098287503916,0.014295139652518144,1.197326246916795,0.7452939343460211,0.6037585886893193,blg-0286
4544,3178.627350000199,0.047980000264942646,1.0696624429158226,0.07758453166538003,1.1125968692278536,0.878703657680017,9.263032044054553,1.0401382849281051,0.07253178930782342,-0.013918369803155306,36.844888128035215,3090.708409999963,0.7961940952454423,0.05661796310090309,0.007482394366197183,0.03538819027122965,0.008803058360734745,0.006902495039458126,blg-1229
4146,3177.664439999964,0.049570000264793634,1.2533574118093356,0.25603696498938666,4.2323958853830135,1.6541495292355677,16.65390802867455,3.376846709275607,0.2042808863091695,0.10580470893266547,13.468093619032787,6.906359999906272,0.76723660327608,0.1927210698408768,0.004100337674867342,1.053374235360178,0.07152400904103086,0.05341319584338254,blg-0287
